id,type,location
1,1,https://cdn.goodblox.com/content/models/hats/1.xml
2,4,https://cdn.goodblox.com/content/meshes/hats/1.mesh
3,3,https://cdn.goodblox.com/content/textures/hats/1.png
4,2,https://cdn.goodblox.com/content/models/shirts/2.xml
5,3,https://cdn.goodblox.com/content/textures/shirts/2.png
6,1,https://cdn.goodblox.com/content/models/hats/3.xml
7,3,https://cdn.goodblox.com/content/textures/hats/3.png
8,4,https://cdn.goodblox.com/content/meshes/hats/3.mesh
9,4,https://cdn.goodblox.com/content/meshes/hats/5.mesh
10,3,https://cdn.goodblox.com/content/textures/hats/5.png
11,1,https://cdn.goodblox.com/content/models/hats/5.xml
12,2,https://cdn.goodblox.com/content/models/shirts/4.xml
13,3,https://cdn.goodblox.com/content/textures/shirts/4.png
14,3,https://cdn.goodblox.com/content/textures/shirts/57eab4488befd42cba8d30c1e2043e3f.png
15,2,https://cdn.goodblox.com/content/models/shirts/57eab4488befd42cba8d30c1e2043e3f.xml
16,3,https://cdn.goodblox.com/content/textures/shirts/a48d6bc5cf67537655dd5fc51c719861.png
17,2,https://cdn.goodblox.com/content/models/shirts/a48d6bc5cf67537655dd5fc51c719861.xml
18,3,https://cdn.goodblox.com/content/textures/shirts/6951b57fa1e86bcfcb5588d100e135c1.png
19,2,https://cdn.goodblox.com/content/models/shirts/6951b57fa1e86bcfcb5588d100e135c1.xml
20,3,https://cdn.goodblox.com/content/textures/shirts/3ea9e981d2d45a22aba020e5034d475b.png
21,2,https://cdn.goodblox.com/content/models/shirts/3ea9e981d2d45a22aba020e5034d475b.xml
22,3,https://cdn.goodblox.com/content/textures/shirts/73d67544ccc14f08513152a0d8433137.png
23,2,https://cdn.goodblox.com/content/models/shirts/73d67544ccc14f08513152a0d8433137.xml
24,3,https://cdn.goodblox.com/content/textures/shirts/77b2356e151d9912732d4ed206fa65b1.png
25,2,https://cdn.goodblox.com/content/models/shirts/77b2356e151d9912732d4ed206fa65b1.xml
26,3,https://cdn.goodblox.com/content/textures/shirts/0bc4cd84e45213d882cb1132dc0f5aed.png
27,2,https://cdn.goodblox.com/content/models/shirts/0bc4cd84e45213d882cb1132dc0f5aed.xml
28,3,https://cdn.goodblox.com/content/textures/shirts/2535297cd2fa25de4f081c67d17188fb.png
29,2,https://cdn.goodblox.com/content/models/shirts/2535297cd2fa25de4f081c67d17188fb.xml
30,3,https://cdn.goodblox.com/content/textures/shirts/9d8ed198da469a38f875b0728bc12988.png
31,2,https://cdn.goodblox.com/content/models/shirts/9d8ed198da469a38f875b0728bc12988.xml
32,3,https://cdn.goodblox.com/content/textures/shirts/b4f3b77201985c070e952745e0b27bd5.png
33,2,https://cdn.goodblox.com/content/models/shirts/b4f3b77201985c070e952745e0b27bd5.xml
34,3,https://cdn.goodblox.com/content/textures/shirts/ea1e073143ce19eb5477043affe5a0ef.png
35,2,https://cdn.goodblox.com/content/models/shirts/ea1e073143ce19eb5477043affe5a0ef.xml
36,3,https://cdn.goodblox.com/content/textures/shirts/3725aeb67bd5603b72aacd2db048cd8d.png
37,2,https://cdn.goodblox.com/content/models/shirts/3725aeb67bd5603b72aacd2db048cd8d.xml
38,3,https://cdn.goodblox.com/content/textures/shirts/16092f2843a67692322fdcd869a93342.png
39,2,https://cdn.goodblox.com/content/models/shirts/16092f2843a67692322fdcd869a93342.xml
40,3,https://cdn.goodblox.com/content/textures/shirts/22089aac5d87f1bfde6770feb0318fec.png
41,2,https://cdn.goodblox.com/content/models/shirts/22089aac5d87f1bfde6770feb0318fec.xml
42,3,https://cdn.goodblox.com/content/textures/shirts/89b9617f48fe4d46009955a5a0aa0bc4.png
43,2,https://cdn.goodblox.com/content/models/shirts/89b9617f48fe4d46009955a5a0aa0bc4.xml
44,3,https://cdn.goodblox.com/content/textures/shirts/200c0171d6b630ed267d655bc6ff908a.png
45,2,https://cdn.goodblox.com/content/models/shirts/200c0171d6b630ed267d655bc6ff908a.xml
46,3,https://cdn.goodblox.com/content/textures/shirts/5a3d1250a596fbab43a383adcaeb78da.png
47,2,https://cdn.goodblox.com/content/models/shirts/5a3d1250a596fbab43a383adcaeb78da.xml
48,3,https://cdn.goodblox.com/content/textures/shirts/66b6c1b0d00eae5cb22cc03b37f76c97.png
49,2,https://cdn.goodblox.com/content/models/shirts/66b6c1b0d00eae5cb22cc03b37f76c97.xml
50,3,https://cdn.goodblox.com/content/textures/shirts/0ec1d7538d2bc29a7502b85375384633.png
51,2,https://cdn.goodblox.com/content/models/shirts/0ec1d7538d2bc29a7502b85375384633.xml
52,3,https://cdn.goodblox.com/content/textures/shirts/1c6d08518affca571d207febc6cb8014.png
53,2,https://cdn.goodblox.com/content/models/shirts/1c6d08518affca571d207febc6cb8014.xml
54,3,https://cdn.goodblox.com/content/textures/shirts/44d7fde7d84f8afe0742b6d06b7c9c7a.png
55,2,https://cdn.goodblox.com/content/models/shirts/44d7fde7d84f8afe0742b6d06b7c9c7a.xml
56,3,https://cdn.goodblox.com/content/textures/shirts/76746d992339238ca71dc4a5d6bb7ecc.png
57,2,https://cdn.goodblox.com/content/models/shirts/76746d992339238ca71dc4a5d6bb7ecc.xml
58,3,https://cdn.goodblox.com/content/textures/shirts/8d69eac6a8722c3b27acd1e6e45a1e29.png
59,2,https://cdn.goodblox.com/content/models/shirts/8d69eac6a8722c3b27acd1e6e45a1e29.xml
60,3,https://cdn.goodblox.com/content/textures/shirts/5cafe629f867fa9d64fec3379bbf05c5.png
61,2,https://cdn.goodblox.com/content/models/shirts/5cafe629f867fa9d64fec3379bbf05c5.xml
62,3,https://cdn.goodblox.com/content/textures/shirts/690106ab78c5dcd417d56471b76acb0f.png
63,2,https://cdn.goodblox.com/content/models/shirts/690106ab78c5dcd417d56471b76acb0f.xml
64,3,https://cdn.goodblox.com/content/textures/shirts/b3455590517d012342c1f48fe36b490c.png
65,2,https://cdn.goodblox.com/content/models/shirts/b3455590517d012342c1f48fe36b490c.xml
66,3,https://cdn.goodblox.com/content/textures/shirts/6dce8f9545d932726e0b968288d3f13e.png
67,2,https://cdn.goodblox.com/content/models/shirts/6dce8f9545d932726e0b968288d3f13e.xml
68,3,https://cdn.goodblox.com/content/textures/shirts/4ecb338cee6542e9cff7cb2fd4be06ad.png
69,2,https://cdn.goodblox.com/content/models/shirts/4ecb338cee6542e9cff7cb2fd4be06ad.xml
70,3,https://cdn.goodblox.com/content/textures/shirts/69e8654d3c79df167296727f429ff1ed.png
71,2,https://cdn.goodblox.com/content/models/shirts/69e8654d3c79df167296727f429ff1ed.xml
72,3,https://cdn.goodblox.com/content/textures/shirts/68361776ea5f6d0bf0ba6f1bcf425855.png
73,2,https://cdn.goodblox.com/content/models/shirts/68361776ea5f6d0bf0ba6f1bcf425855.xml
74,3,https://cdn.goodblox.com/content/textures/shirts/7190b3db50b0fb7c11014dccb64f6d65.png
75,2,https://cdn.goodblox.com/content/models/shirts/7190b3db50b0fb7c11014dccb64f6d65.xml
76,3,https://cdn.goodblox.com/content/textures/shirts/4779fff909c5b62cb601390e770a3486.png
77,2,https://cdn.goodblox.com/content/models/shirts/4779fff909c5b62cb601390e770a3486.xml
78,3,https://cdn.goodblox.com/content/textures/shirts/5d8ea6a6acbeb7663c3714d3d83c00e1.png
79,2,https://cdn.goodblox.com/content/models/shirts/5d8ea6a6acbeb7663c3714d3d83c00e1.xml
80,3,https://cdn.goodblox.com/content/textures/shirts/8c3339883e9a0d9fc85e0bb9e138d077.png
81,2,https://cdn.goodblox.com/content/models/shirts/8c3339883e9a0d9fc85e0bb9e138d077.xml
82,3,https://cdn.goodblox.com/content/textures/shirts/95aa5a46cd2fdd5a8ae8f656840aa54f.png
83,2,https://cdn.goodblox.com/content/models/shirts/95aa5a46cd2fdd5a8ae8f656840aa54f.xml
84,3,https://cdn.goodblox.com/content/textures/shirts/9500c52df557e28ede5541462d944b1d.png
85,2,https://cdn.goodblox.com/content/models/shirts/9500c52df557e28ede5541462d944b1d.xml
86,3,https://cdn.goodblox.com/content/textures/shirts/eb21787837801f9c9411e29768d92dd9.png
87,2,https://cdn.goodblox.com/content/models/shirts/eb21787837801f9c9411e29768d92dd9.xml
88,3,https://cdn.goodblox.com/content/textures/shirts/5fd9fd834124f8764071e806c632cf31.png
89,2,https://cdn.goodblox.com/content/models/shirts/5fd9fd834124f8764071e806c632cf31.xml
90,3,https://cdn.goodblox.com/content/textures/shirts/4dd32244dd22367c2d0e73805e02199d.png
91,2,https://cdn.goodblox.com/content/models/shirts/4dd32244dd22367c2d0e73805e02199d.xml
92,3,https://cdn.goodblox.com/content/textures/shirts/f8bb900d46e466391b5eb80bf0fcd43f.png
93,2,https://cdn.goodblox.com/content/models/shirts/f8bb900d46e466391b5eb80bf0fcd43f.xml
94,3,https://cdn.goodblox.com/content/textures/shirts/36e0767cac673ee533214f5b7dac5b50.png
95,2,https://cdn.goodblox.com/content/models/shirts/36e0767cac673ee533214f5b7dac5b50.xml
96,3,https://cdn.goodblox.com/content/textures/shirts/87fbb54e087f25dd1df8aff25fe14b82.png
97,2,https://cdn.goodblox.com/content/models/shirts/87fbb54e087f25dd1df8aff25fe14b82.xml
98,3,https://cdn.goodblox.com/content/textures/shirts/9dc0d1a46503adf4979efe12985d63c8.png
99,2,https://cdn.goodblox.com/content/models/shirts/9dc0d1a46503adf4979efe12985d63c8.xml
100,3,https://cdn.goodblox.com/content/textures/shirts/45f3df761f5e1cd7a097b980a8caa0a1.png
101,2,https://cdn.goodblox.com/content/models/shirts/45f3df761f5e1cd7a097b980a8caa0a1.xml
102,3,https://cdn.goodblox.com/content/textures/shirts/24ecb863f876497d585cd791ae5c207e.png
103,2,https://cdn.goodblox.com/content/models/shirts/24ecb863f876497d585cd791ae5c207e.xml
104,3,https://cdn.goodblox.com/content/textures/shirts/274341d047172fe8d5b7891893bb0e95.png
105,2,https://cdn.goodblox.com/content/models/shirts/274341d047172fe8d5b7891893bb0e95.xml
106,3,https://cdn.goodblox.com/content/textures/shirts/8c54512d964dd9c6dd7c148c6d7e2371.png
107,2,https://cdn.goodblox.com/content/models/shirts/8c54512d964dd9c6dd7c148c6d7e2371.xml
108,3,https://cdn.goodblox.com/content/textures/shirts/a52b6e65d0222520fa351847bae34ae2.png
109,2,https://cdn.goodblox.com/content/models/shirts/a52b6e65d0222520fa351847bae34ae2.xml
110,3,https://cdn.goodblox.com/content/textures/shirts/e310ffbd99286e1151756fa9d97a15bf.png
111,2,https://cdn.goodblox.com/content/models/shirts/e310ffbd99286e1151756fa9d97a15bf.xml
112,3,https://cdn.goodblox.com/content/textures/shirts/4fda1290bcc5c120cbbcee1958afd3bd.png
113,2,https://cdn.goodblox.com/content/models/shirts/4fda1290bcc5c120cbbcee1958afd3bd.xml
114,3,https://cdn.goodblox.com/content/textures/shirts/9188d09da46fc6019b02a07927a88280.png
115,2,https://cdn.goodblox.com/content/models/shirts/9188d09da46fc6019b02a07927a88280.xml
116,3,https://cdn.goodblox.com/content/textures/shirts/a1d4f2c9cd72872b214ad2acdc073fef.png
117,2,https://cdn.goodblox.com/content/models/shirts/a1d4f2c9cd72872b214ad2acdc073fef.xml
118,3,https://cdn.goodblox.com/content/textures/shirts/7b861994a55aa86a1d5252b69365133f.png
119,2,https://cdn.goodblox.com/content/models/shirts/7b861994a55aa86a1d5252b69365133f.xml
120,3,https://cdn.goodblox.com/content/textures/shirts/aa55ebf6d121b03bb384b2dec4bd7dc6.png
121,2,https://cdn.goodblox.com/content/models/shirts/aa55ebf6d121b03bb384b2dec4bd7dc6.xml
122,3,https://cdn.goodblox.com/content/textures/shirts/c16ea3d4fb60c006c0a02a88609cb4c7.png
123,2,https://cdn.goodblox.com/content/models/shirts/c16ea3d4fb60c006c0a02a88609cb4c7.xml
124,3,https://cdn.goodblox.com/content/textures/shirts/2c9480a323575db487315a561f5bb7cd.png
125,2,https://cdn.goodblox.com/content/models/shirts/2c9480a323575db487315a561f5bb7cd.xml
126,3,https://cdn.goodblox.com/content/textures/shirts/1e7637069b31eddab132e2399ba66a16.png
127,2,https://cdn.goodblox.com/content/models/shirts/1e7637069b31eddab132e2399ba66a16.xml
128,3,https://cdn.goodblox.com/content/textures/shirts/6d91634b3f159dd5df3696f3253ca0ea.png
129,2,https://cdn.goodblox.com/content/models/shirts/6d91634b3f159dd5df3696f3253ca0ea.xml
130,3,https://cdn.goodblox.com/content/textures/shirts/14b4e372b9a8eebff6f61ee5f4483437.png
131,2,https://cdn.goodblox.com/content/models/shirts/14b4e372b9a8eebff6f61ee5f4483437.xml
132,3,https://cdn.goodblox.com/content/textures/shirts/f93b7f32ebd575b43ca3c292478cd79c.png
133,2,https://cdn.goodblox.com/content/models/shirts/f93b7f32ebd575b43ca3c292478cd79c.xml
134,3,https://cdn.goodblox.com/content/textures/shirts/67e1e4765dfc2e8335c66a4d45141379.png
135,2,https://cdn.goodblox.com/content/models/shirts/67e1e4765dfc2e8335c66a4d45141379.xml
136,3,https://cdn.goodblox.com/content/textures/shirts/e8a746fb9d98aa8dc2e0b61e0ce40d58.png
137,2,https://cdn.goodblox.com/content/models/shirts/e8a746fb9d98aa8dc2e0b61e0ce40d58.xml
138,3,https://cdn.goodblox.com/content/textures/shirts/44efc6b0137edcb455b8ae7d7f0ef37b.png
139,2,https://cdn.goodblox.com/content/models/shirts/44efc6b0137edcb455b8ae7d7f0ef37b.xml
140,3,https://cdn.goodblox.com/content/textures/shirts/43328375a6d7f8288b1ca5235c8516bb.png
141,2,https://cdn.goodblox.com/content/models/shirts/43328375a6d7f8288b1ca5235c8516bb.xml
142,3,https://cdn.goodblox.com/content/textures/shirts/e7cb0da14d81cbb6d418f7683a765ffe.png
143,2,https://cdn.goodblox.com/content/models/shirts/e7cb0da14d81cbb6d418f7683a765ffe.xml
144,3,https://cdn.goodblox.com/content/textures/shirts/ae244d2dc8acd97ceb542db5768056a5.png
145,2,https://cdn.goodblox.com/content/models/shirts/ae244d2dc8acd97ceb542db5768056a5.xml
146,3,https://cdn.goodblox.com/content/textures/shirts/160db4f52f9113e37e18f89c70413eac.png
147,2,https://cdn.goodblox.com/content/models/shirts/160db4f52f9113e37e18f89c70413eac.xml
148,3,https://cdn.goodblox.com/content/textures/shirts/f84b1f4240918079bb6f42a70f4bc1ba.png
149,2,https://cdn.goodblox.com/content/models/shirts/f84b1f4240918079bb6f42a70f4bc1ba.xml
150,3,https://cdn.goodblox.com/content/textures/shirts/db1b0c4b1573036dcac1305f3ae41f40.png
151,2,https://cdn.goodblox.com/content/models/shirts/db1b0c4b1573036dcac1305f3ae41f40.xml
152,3,https://cdn.goodblox.com/content/textures/shirts/65ec0873f72729206e73509a2db61ed4.png
153,2,https://cdn.goodblox.com/content/models/shirts/65ec0873f72729206e73509a2db61ed4.xml
154,3,https://cdn.goodblox.com/content/textures/hats/HardHat.png
155,4,https://cdn.goodblox.com/content/meshes/hats/HardHat.mesh
156,1,https://cdn.goodblox.com/content/models/hats/HardHat.xml
157,3,https://cdn.goodblox.com/content/textures/shirts/9414af0f009622e621686cd1002de61d.png
158,2,https://cdn.goodblox.com/content/models/shirts/9414af0f009622e621686cd1002de61d.xml
159,3,https://cdn.goodblox.com/content/textures/shirts/b8744d61db75a977bd4ce14f2b8d19fa.png
160,2,https://cdn.goodblox.com/content/models/shirts/b8744d61db75a977bd4ce14f2b8d19fa.xml
161,3,https://cdn.goodblox.com/content/textures/shirts/c75a197c4d98b257b0a43edd99de6494.png
162,2,https://cdn.goodblox.com/content/models/shirts/c75a197c4d98b257b0a43edd99de6494.xml
163,3,https://cdn.goodblox.com/content/textures/shirts/41abbfb2b817dc954d79917c97d42d4f.png
164,2,https://cdn.goodblox.com/content/models/shirts/41abbfb2b817dc954d79917c97d42d4f.xml
165,3,https://cdn.goodblox.com/content/textures/shirts/be86828bdd47bb590ba0a2bf30863af5.png
166,2,https://cdn.goodblox.com/content/models/shirts/be86828bdd47bb590ba0a2bf30863af5.xml
167,3,https://cdn.goodblox.com/content/textures/shirts/8e32c42aaf229b652074131d9679314e.png
168,2,https://cdn.goodblox.com/content/models/shirts/8e32c42aaf229b652074131d9679314e.xml
169,3,https://cdn.goodblox.com/content/textures/shirts/41104ca23b9be405204b629a0a3981c8.png
170,2,https://cdn.goodblox.com/content/models/shirts/41104ca23b9be405204b629a0a3981c8.xml
171,3,https://cdn.goodblox.com/content/textures/shirts/ed65608b5f54c1a3c42c1f3533bff4eb.png
172,2,https://cdn.goodblox.com/content/models/shirts/ed65608b5f54c1a3c42c1f3533bff4eb.xml
173,3,https://cdn.goodblox.com/content/textures/shirts/2771b8ebc476aea4e23d61e2141b20b6.png
174,2,https://cdn.goodblox.com/content/models/shirts/2771b8ebc476aea4e23d61e2141b20b6.xml
175,3,https://cdn.goodblox.com/content/textures/shirts/7de20ab65b60ad295ab6832d1c86ff69.png
176,2,https://cdn.goodblox.com/content/models/shirts/7de20ab65b60ad295ab6832d1c86ff69.xml
177,3,https://cdn.goodblox.com/content/textures/shirts/d18e0e4d8e8ed47575c17074e623918f.png
178,2,https://cdn.goodblox.com/content/models/shirts/d18e0e4d8e8ed47575c17074e623918f.xml
179,3,https://cdn.goodblox.com/content/textures/shirts/d3d8ca5b21eda48fc3073dd0c1049f46.png
180,2,https://cdn.goodblox.com/content/models/shirts/d3d8ca5b21eda48fc3073dd0c1049f46.xml
181,3,https://cdn.goodblox.com/content/textures/shirts/857e5d254f1ca179c53688341afe0e47.png
182,2,https://cdn.goodblox.com/content/models/shirts/857e5d254f1ca179c53688341afe0e47.xml
183,3,https://cdn.goodblox.com/content/textures/shirts/ff50124935e839940832660abab9e2ab.png
184,2,https://cdn.goodblox.com/content/models/shirts/ff50124935e839940832660abab9e2ab.xml
185,3,https://cdn.goodblox.com/content/textures/shirts/2cd90508dddc71efba859c749f06358e.png
186,2,https://cdn.goodblox.com/content/models/shirts/2cd90508dddc71efba859c749f06358e.xml
187,3,https://cdn.goodblox.com/content/textures/shirts/b9f46ea73466ebaaefe167ad89c5ce95.png
188,2,https://cdn.goodblox.com/content/models/shirts/b9f46ea73466ebaaefe167ad89c5ce95.xml
189,3,https://cdn.goodblox.com/content/textures/shirts/f667179cb6b71e7d19ed70f59ef23cc8.png
190,2,https://cdn.goodblox.com/content/models/shirts/f667179cb6b71e7d19ed70f59ef23cc8.xml
191,3,https://cdn.goodblox.com/content/textures/shirts/68eeaeaf45954d161e668cf2a21dc648.png
192,2,https://cdn.goodblox.com/content/models/shirts/68eeaeaf45954d161e668cf2a21dc648.xml
193,3,https://cdn.goodblox.com/content/textures/shirts/bd54b09eaf461a89b895e4423817a4db.png
194,2,https://cdn.goodblox.com/content/models/shirts/bd54b09eaf461a89b895e4423817a4db.xml
195,3,https://cdn.goodblox.com/content/textures/shirts/f5aa95366092df358f53d65739e17d88.png
196,2,https://cdn.goodblox.com/content/models/shirts/f5aa95366092df358f53d65739e17d88.xml
197,3,https://cdn.goodblox.com/content/textures/shirts/fd716883d5fe2f79ef92c39212fe08d6.png
198,2,https://cdn.goodblox.com/content/models/shirts/fd716883d5fe2f79ef92c39212fe08d6.xml
199,3,https://cdn.goodblox.com/content/textures/shirts/4305d1e0a8baf85e9cb77c0bbacf0e70.png
200,2,https://cdn.goodblox.com/content/models/shirts/4305d1e0a8baf85e9cb77c0bbacf0e70.xml
201,3,https://cdn.goodblox.com/content/textures/shirts/ca4cac4f09a1fe68b1e99287da7981f3.png
202,2,https://cdn.goodblox.com/content/models/shirts/ca4cac4f09a1fe68b1e99287da7981f3.xml
203,3,https://cdn.goodblox.com/content/textures/shirts/c4a83a58fbd11294aa0409136e0cf751.png
204,2,https://cdn.goodblox.com/content/models/shirts/c4a83a58fbd11294aa0409136e0cf751.xml
205,3,https://cdn.goodblox.com/content/textures/shirts/0ef32ae0154bf8e2516586c9529b51d0.png
206,2,https://cdn.goodblox.com/content/models/shirts/0ef32ae0154bf8e2516586c9529b51d0.xml
207,3,https://cdn.goodblox.com/content/textures/shirts/bf4103022f9a16edf583cec75a2e61d0.png
208,2,https://cdn.goodblox.com/content/models/shirts/bf4103022f9a16edf583cec75a2e61d0.xml
209,3,https://cdn.goodblox.com/content/textures/shirts/3b18e9174883e483793dba36ed8b6f99.png
210,2,https://cdn.goodblox.com/content/models/shirts/3b18e9174883e483793dba36ed8b6f99.xml
211,3,https://cdn.goodblox.com/content/textures/shirts/f00b23cabf565dcaea670ef2c3dbb391.png
212,2,https://cdn.goodblox.com/content/models/shirts/f00b23cabf565dcaea670ef2c3dbb391.xml
213,3,https://cdn.goodblox.com/content/textures/shirts/a1df0af3fa35e10e17a4f402c7a28b7a.png
214,2,https://cdn.goodblox.com/content/models/shirts/a1df0af3fa35e10e17a4f402c7a28b7a.xml
215,3,https://cdn.goodblox.com/content/textures/shirts/95a2afdbd7156bf13154dea9d7e5c6a4.png
216,2,https://cdn.goodblox.com/content/models/shirts/95a2afdbd7156bf13154dea9d7e5c6a4.xml
217,3,https://cdn.goodblox.com/content/textures/shirts/0a48ced8b89bcc09487619540a483c97.png
218,2,https://cdn.goodblox.com/content/models/shirts/0a48ced8b89bcc09487619540a483c97.xml
219,3,https://cdn.goodblox.com/content/textures/shirts/d50b8b0a89e495913fc333647d545e95.png
220,2,https://cdn.goodblox.com/content/models/shirts/d50b8b0a89e495913fc333647d545e95.xml
221,3,https://cdn.goodblox.com/content/textures/shirts/4ebd9be42a8803b4e8b7af99961123cc.png
222,2,https://cdn.goodblox.com/content/models/shirts/4ebd9be42a8803b4e8b7af99961123cc.xml
223,3,https://cdn.goodblox.com/content/textures/shirts/c1f99e3afa1285559f3794ce1a1c9efc.png
224,2,https://cdn.goodblox.com/content/models/shirts/c1f99e3afa1285559f3794ce1a1c9efc.xml
225,3,https://cdn.goodblox.com/content/textures/shirts/94a9596c7de3de5221d130d285c9d48f.png
226,2,https://cdn.goodblox.com/content/models/shirts/94a9596c7de3de5221d130d285c9d48f.xml
227,3,https://cdn.goodblox.com/content/textures/shirts/b5850874b5439ed47dc79a054041a6ae.png
228,2,https://cdn.goodblox.com/content/models/shirts/b5850874b5439ed47dc79a054041a6ae.xml
229,3,https://cdn.goodblox.com/content/textures/shirts/8450f0c8c81d9b34305a1638321fbe3e.png
230,2,https://cdn.goodblox.com/content/models/shirts/8450f0c8c81d9b34305a1638321fbe3e.xml
231,3,https://cdn.goodblox.com/content/textures/shirts/4eae0ac786f67705ff3828ee9addaabc.png
232,2,https://cdn.goodblox.com/content/models/shirts/4eae0ac786f67705ff3828ee9addaabc.xml
233,3,https://cdn.goodblox.com/content/textures/shirts/6a521bdad6b8adf824692f06eef40bb3.png
234,2,https://cdn.goodblox.com/content/models/shirts/6a521bdad6b8adf824692f06eef40bb3.xml
235,3,https://cdn.goodblox.com/content/textures/shirts/a9c82a668734e2269fead266134105f4.png
236,2,https://cdn.goodblox.com/content/models/shirts/a9c82a668734e2269fead266134105f4.xml
237,3,https://cdn.goodblox.com/content/textures/shirts/5ec2ca579adb1967a5d594ae0a36389a.png
238,2,https://cdn.goodblox.com/content/models/shirts/5ec2ca579adb1967a5d594ae0a36389a.xml
239,3,https://cdn.goodblox.com/content/textures/shirts/e3d95d56bb1a8ae9e19b672eb5f25a23.png
240,2,https://cdn.goodblox.com/content/models/shirts/e3d95d56bb1a8ae9e19b672eb5f25a23.xml
241,3,https://cdn.goodblox.com/content/textures/shirts/53a7bf7e54700919d365bd868ba17ed8.png
242,2,https://cdn.goodblox.com/content/models/shirts/53a7bf7e54700919d365bd868ba17ed8.xml
243,3,https://cdn.goodblox.com/content/textures/shirts/025e5eba0bdf7fb5c479fdd62e5f3031.png
244,2,https://cdn.goodblox.com/content/models/shirts/025e5eba0bdf7fb5c479fdd62e5f3031.xml
245,3,https://cdn.goodblox.com/content/textures/shirts/373302e337b8ff512746adef6913c40d.png
246,2,https://cdn.goodblox.com/content/models/shirts/373302e337b8ff512746adef6913c40d.xml
247,3,https://cdn.goodblox.com/content/textures/shirts/cbb53f4941aceef73a28a230be11b982.png
248,2,https://cdn.goodblox.com/content/models/shirts/cbb53f4941aceef73a28a230be11b982.xml
249,3,https://cdn.goodblox.com/content/textures/shirts/42c885ba3ef01b0899eafc6930f9444b.png
250,2,https://cdn.goodblox.com/content/models/shirts/42c885ba3ef01b0899eafc6930f9444b.xml
251,3,https://cdn.goodblox.com/content/textures/shirts/b8f7bc6f0464bbafc87b8a618d5918bb.png
252,2,https://cdn.goodblox.com/content/models/shirts/b8f7bc6f0464bbafc87b8a618d5918bb.xml
253,3,https://cdn.goodblox.com/content/textures/shirts/ea80f016c06f9355858b43c0db0dcc40.png
254,2,https://cdn.goodblox.com/content/models/shirts/ea80f016c06f9355858b43c0db0dcc40.xml
255,3,https://cdn.goodblox.com/content/textures/shirts/fbdd0a1c711a22d49728bcd39fde08e3.png
256,2,https://cdn.goodblox.com/content/models/shirts/fbdd0a1c711a22d49728bcd39fde08e3.xml
257,3,https://cdn.goodblox.com/content/textures/shirts/8a2db480dbefc31fae8570e5e09caec0.png
258,2,https://cdn.goodblox.com/content/models/shirts/8a2db480dbefc31fae8570e5e09caec0.xml
259,3,https://cdn.goodblox.com/content/textures/shirts/7468418f6319d16d09bb8f08bbb9ef7e.png
260,2,https://cdn.goodblox.com/content/models/shirts/7468418f6319d16d09bb8f08bbb9ef7e.xml
261,3,https://cdn.goodblox.com/content/textures/shirts/4320eca3598c5a0371d76c083e33f01b.png
262,2,https://cdn.goodblox.com/content/models/shirts/4320eca3598c5a0371d76c083e33f01b.xml
263,3,https://cdn.goodblox.com/content/textures/shirts/5dea5107d21d2dd9098376e083cbdaa0.png
264,2,https://cdn.goodblox.com/content/models/shirts/5dea5107d21d2dd9098376e083cbdaa0.xml
265,3,https://cdn.goodblox.com/content/textures/shirts/09e121b21d1b91487ef971ce394f45c3.png
266,2,https://cdn.goodblox.com/content/models/shirts/09e121b21d1b91487ef971ce394f45c3.xml
267,3,https://cdn.goodblox.com/content/textures/shirts/83f7d992e26af881f1fc6d9ed13ad826.png
268,2,https://cdn.goodblox.com/content/models/shirts/83f7d992e26af881f1fc6d9ed13ad826.xml
269,3,https://cdn.goodblox.com/content/textures/shirts/51ec460528d7d1d49499a03a7b70ae73.png
270,2,https://cdn.goodblox.com/content/models/shirts/51ec460528d7d1d49499a03a7b70ae73.xml
271,3,https://cdn.goodblox.com/content/textures/shirts/e42528035faf0a8be890b69a67f389fd.png
272,2,https://cdn.goodblox.com/content/models/shirts/e42528035faf0a8be890b69a67f389fd.xml
273,3,https://cdn.goodblox.com/content/textures/shirts/84ad2035f4f4477cd8d0926400069ef5.png
274,2,https://cdn.goodblox.com/content/models/shirts/84ad2035f4f4477cd8d0926400069ef5.xml
275,3,https://cdn.goodblox.com/content/textures/shirts/b85cba37ba0ccec444834aa97f8c9bb1.png
276,2,https://cdn.goodblox.com/content/models/shirts/b85cba37ba0ccec444834aa97f8c9bb1.xml
277,3,https://cdn.goodblox.com/content/textures/shirts/32c082a0015ecc2dae4a1f0efe70db3b.png
278,2,https://cdn.goodblox.com/content/models/shirts/32c082a0015ecc2dae4a1f0efe70db3b.xml
279,3,https://cdn.goodblox.com/content/textures/shirts/67e39f853839b1289e7738fe9bdfabf4.png
280,2,https://cdn.goodblox.com/content/models/shirts/67e39f853839b1289e7738fe9bdfabf4.xml
281,3,https://cdn.goodblox.com/content/textures/shirts/6177e29661cff6e8753ea71a83d036e7.png
282,2,https://cdn.goodblox.com/content/models/shirts/6177e29661cff6e8753ea71a83d036e7.xml
283,3,https://cdn.goodblox.com/content/textures/shirts/70b6ade1b1075c1f432d7ef61c478d2b.png
284,2,https://cdn.goodblox.com/content/models/shirts/70b6ade1b1075c1f432d7ef61c478d2b.xml
285,3,https://cdn.goodblox.com/content/textures/shirts/143414632ebe7e38b286cbd446a789e6.png
286,2,https://cdn.goodblox.com/content/models/shirts/143414632ebe7e38b286cbd446a789e6.xml
287,3,https://cdn.goodblox.com/content/textures/shirts/594a9b0db796bd72a0d1e50cbea3eb98.png
288,2,https://cdn.goodblox.com/content/models/shirts/594a9b0db796bd72a0d1e50cbea3eb98.xml
289,3,https://cdn.goodblox.com/content/textures/shirts/6b4abb0622dbd5ec1a196e8d5eafd455.png
290,2,https://cdn.goodblox.com/content/models/shirts/6b4abb0622dbd5ec1a196e8d5eafd455.xml
291,3,https://cdn.goodblox.com/content/textures/shirts/69a372639ca97980815fe8b07eeba9b3.png
292,2,https://cdn.goodblox.com/content/models/shirts/69a372639ca97980815fe8b07eeba9b3.xml
293,3,https://cdn.goodblox.com/content/textures/shirts/a5a11f36b93c6e6bb86527c032bf7e52.png
294,2,https://cdn.goodblox.com/content/models/shirts/a5a11f36b93c6e6bb86527c032bf7e52.xml
295,3,https://cdn.goodblox.com/content/textures/shirts/2bb0ecad641be1b2798913326b961e8c.png
296,2,https://cdn.goodblox.com/content/models/shirts/2bb0ecad641be1b2798913326b961e8c.xml
297,3,https://cdn.goodblox.com/content/textures/shirts/f416ca65201f3c6002a987e47cdadddf.png
298,2,https://cdn.goodblox.com/content/models/shirts/f416ca65201f3c6002a987e47cdadddf.xml
299,3,https://cdn.goodblox.com/content/textures/shirts/8471540446a8921ad2b01032374c1bab.png
300,2,https://cdn.goodblox.com/content/models/shirts/8471540446a8921ad2b01032374c1bab.xml
301,3,https://cdn.goodblox.com/content/textures/shirts/11bcb618cd6f679570eeedbbba5cbce4.png
302,2,https://cdn.goodblox.com/content/models/shirts/11bcb618cd6f679570eeedbbba5cbce4.xml
305,3,https://cdn.goodblox.com/content/textures/shirts/77382e21b11c1c53bfa4a95bfa40a9d6.png
306,2,https://cdn.goodblox.com/content/models/shirts/77382e21b11c1c53bfa4a95bfa40a9d6.xml
307,3,https://cdn.goodblox.com/content/textures/shirts/fec8fdd2f1ba7a1d89adc2da6e25a0be.png
308,2,https://cdn.goodblox.com/content/models/shirts/fec8fdd2f1ba7a1d89adc2da6e25a0be.xml
309,3,https://cdn.goodblox.com/content/textures/shirts/e6d0828256b0a49bdb60a7f8332a2be1.png
310,2,https://cdn.goodblox.com/content/models/shirts/e6d0828256b0a49bdb60a7f8332a2be1.xml
311,3,https://cdn.goodblox.com/content/textures/shirts/3626005b1d2c0a30cc77e2e3ecb7ebfb.png
312,2,https://cdn.goodblox.com/content/models/shirts/3626005b1d2c0a30cc77e2e3ecb7ebfb.xml
313,3,https://cdn.goodblox.com/content/textures/shirts/b46aaa25711bcb9f7ced15a662bb91e1.png
314,2,https://cdn.goodblox.com/content/models/shirts/b46aaa25711bcb9f7ced15a662bb91e1.xml
315,3,https://cdn.goodblox.com/content/textures/shirts/145bbffee2d48d637dc4bd95c4a5e79d.png
316,2,https://cdn.goodblox.com/content/models/shirts/145bbffee2d48d637dc4bd95c4a5e79d.xml
317,3,https://cdn.goodblox.com/content/textures/shirts/fc970afc82ce3173afbae1d0a0273db9.png
318,2,https://cdn.goodblox.com/content/models/shirts/fc970afc82ce3173afbae1d0a0273db9.xml
319,3,https://cdn.goodblox.com/content/textures/shirts/3bf83a6386aa7f3c262cb40d42cfb1e6.png
320,2,https://cdn.goodblox.com/content/models/shirts/3bf83a6386aa7f3c262cb40d42cfb1e6.xml
321,3,https://cdn.goodblox.com/content/textures/shirts/d730b36096740862e3099624ed056073.png
322,2,https://cdn.goodblox.com/content/models/shirts/d730b36096740862e3099624ed056073.xml
323,3,https://cdn.goodblox.com/content/textures/shirts/51b29defa4e966570151772e20837460.png
324,2,https://cdn.goodblox.com/content/models/shirts/51b29defa4e966570151772e20837460.xml
325,3,https://cdn.goodblox.com/content/textures/shirts/6b371b8a2de138b034f58eb2a8c877d5.png
326,2,https://cdn.goodblox.com/content/models/shirts/6b371b8a2de138b034f58eb2a8c877d5.xml
327,3,https://cdn.goodblox.com/content/textures/shirts/0dbe74d7b8907fe349142eab3e209522.png
328,2,https://cdn.goodblox.com/content/models/shirts/0dbe74d7b8907fe349142eab3e209522.xml
329,3,https://cdn.goodblox.com/content/textures/shirts/b9c018f6ccb97b5e0cbed6ae536cf50a.png
330,2,https://cdn.goodblox.com/content/models/shirts/b9c018f6ccb97b5e0cbed6ae536cf50a.xml
331,3,https://cdn.goodblox.com/content/textures/shirts/a5a761b60b3c97d417124eb779c81df5.png
332,2,https://cdn.goodblox.com/content/models/shirts/a5a761b60b3c97d417124eb779c81df5.xml
333,3,https://cdn.goodblox.com/content/textures/shirts/855e937dc13f00c3a8c50c79a909c777.png
334,2,https://cdn.goodblox.com/content/models/shirts/855e937dc13f00c3a8c50c79a909c777.xml
337,3,https://cdn.goodblox.com/content/textures/shirts/6092e45e8d14937955758c2e42f1cbbb.png
338,2,https://cdn.goodblox.com/content/models/shirts/6092e45e8d14937955758c2e42f1cbbb.xml
339,3,https://cdn.goodblox.com/content/textures/shirts/a6abb86c7624736b764c67671960d3ae.png
340,2,https://cdn.goodblox.com/content/models/shirts/a6abb86c7624736b764c67671960d3ae.xml
341,3,https://cdn.goodblox.com/content/textures/shirts/bd68453dd2f3ca5887ad75edac242fc3.png
342,2,https://cdn.goodblox.com/content/models/shirts/bd68453dd2f3ca5887ad75edac242fc3.xml
343,3,https://cdn.goodblox.com/content/textures/shirts/f9358b0ef1e621dd52a5cbadba09e177.png
344,2,https://cdn.goodblox.com/content/models/shirts/f9358b0ef1e621dd52a5cbadba09e177.xml
345,4,https://cdn.goodblox.com/content/meshes/hats/2aa1898b208922e9d049cee47f778363.mesh
346,3,https://cdn.goodblox.com/content/textures/hats/0235fbf265ad152dc7ab7cc387dc9f79.png
347,1,https://cdn.goodblox.com/content/models/hats/032b2e14508365abb66d546885fc7ac8.xml
348,3,https://cdn.goodblox.com/content/textures/shirts/a960aee8516edd1e1a190427b8c87a36.png
349,2,https://cdn.goodblox.com/content/models/shirts/a960aee8516edd1e1a190427b8c87a36.xml
350,3,https://cdn.goodblox.com/content/textures/shirts/5dc81f677fff80244a94c85a2fd9d8e4.png
351,2,https://cdn.goodblox.com/content/models/shirts/5dc81f677fff80244a94c85a2fd9d8e4.xml
352,3,https://cdn.goodblox.com/content/textures/shirts/4c3823995f93890460ce2a81a4c3f9b5.png
353,2,https://cdn.goodblox.com/content/models/shirts/4c3823995f93890460ce2a81a4c3f9b5.xml
354,3,https://cdn.goodblox.com/content/textures/shirts/ea1c3cdad34c6e511b649a6c31df8b14.png
355,2,https://cdn.goodblox.com/content/models/shirts/ea1c3cdad34c6e511b649a6c31df8b14.xml
356,3,https://cdn.goodblox.com/content/textures/shirts/799ebad7e6e05a1035728978fe3df131.png
357,2,https://cdn.goodblox.com/content/models/shirts/799ebad7e6e05a1035728978fe3df131.xml
358,3,https://cdn.goodblox.com/content/textures/shirts/ffcdfd33061b6f39ad0ab215bdf08132.png
359,2,https://cdn.goodblox.com/content/models/shirts/ffcdfd33061b6f39ad0ab215bdf08132.xml
360,3,https://cdn.goodblox.com/content/textures/shirts/30611f72d877a3a506821ff63db0e41c.png
361,2,https://cdn.goodblox.com/content/models/shirts/30611f72d877a3a506821ff63db0e41c.xml
362,3,https://cdn.goodblox.com/content/textures/shirts/10db895c26b062f8d0c1be2b98728664.png
363,2,https://cdn.goodblox.com/content/models/shirts/10db895c26b062f8d0c1be2b98728664.xml
364,3,https://cdn.goodblox.com/content/textures/shirts/c3b7089280edd9a7acd30ea2b811554e.png
365,2,https://cdn.goodblox.com/content/models/shirts/c3b7089280edd9a7acd30ea2b811554e.xml
366,3,https://cdn.goodblox.com/content/textures/shirts/faa6cf9012cf8b58a946c3405ed63507.png
367,2,https://cdn.goodblox.com/content/models/shirts/faa6cf9012cf8b58a946c3405ed63507.xml
368,3,https://cdn.goodblox.com/content/textures/shirts/4d106d4ed14c1e762a804d740f023de7.png
369,2,https://cdn.goodblox.com/content/models/shirts/4d106d4ed14c1e762a804d740f023de7.xml
370,3,https://cdn.goodblox.com/content/textures/shirts/e6f14510746adf7c18464fde547f5d88.png
371,2,https://cdn.goodblox.com/content/models/shirts/e6f14510746adf7c18464fde547f5d88.xml
372,3,https://cdn.goodblox.com/content/textures/shirts/ccec92f9a21bc9fbdd48c74a9e563d25.png
373,2,https://cdn.goodblox.com/content/models/shirts/ccec92f9a21bc9fbdd48c74a9e563d25.xml
374,4,https://cdn.goodblox.com/content/meshes/hats/f4f6bf2f767a2784f039a51eff0e708e.mesh
375,3,https://cdn.goodblox.com/content/textures/hats/ab5514cc68ae6f789d708936284399dc.png
376,1,https://cdn.goodblox.com/content/models/hats/7a5b3afcbbf217afefe85735fc8945ab.xml
377,3,https://cdn.goodblox.com/content/textures/shirts/fb37d50154c8c536387d3938b87715d8.png
378,2,https://cdn.goodblox.com/content/models/shirts/fb37d50154c8c536387d3938b87715d8.xml
379,3,https://cdn.goodblox.com/content/textures/shirts/82e24a85562234bfd5d9a7dd2d4e9e3f.png
380,2,https://cdn.goodblox.com/content/models/shirts/82e24a85562234bfd5d9a7dd2d4e9e3f.xml
381,3,https://cdn.goodblox.com/content/textures/shirts/c19355cf80e262c99a1eaeaef58e155d.png
382,2,https://cdn.goodblox.com/content/models/shirts/c19355cf80e262c99a1eaeaef58e155d.xml
383,4,https://cdn.goodblox.com/content/meshes/hats/401dfbcef04d51163f05f0c52a6a77bd.mesh
384,3,https://cdn.goodblox.com/content/textures/hats/5d85496b14534f7d4c1d4e887eba595c.png
385,1,https://cdn.goodblox.com/content/models/hats/7638ac14d279985b980ca40babff209e.xml
386,4,https://cdn.goodblox.com/content/meshes/hats/ac233761836f1e8b36dab5ed5dcceaa0.mesh
387,3,https://cdn.goodblox.com/content/textures/hats/225adb5af5b6e260d735d165d8883d0d.png
388,1,https://cdn.goodblox.com/content/models/hats/7730dad6a47fa9ad666ffc5480bcdfb7.xml
389,4,https://cdn.goodblox.com/content/meshes/hats/1a6c3ab868d8e6247d9312715e6a1520.mesh
390,3,https://cdn.goodblox.com/content/textures/hats/77846a515e3469efd5aa981ca0948526.png
391,1,https://cdn.goodblox.com/content/models/hats/ec5ebf607ff08532db56061322e39a06.xml
392,4,https://cdn.goodblox.com/content/meshes/hats/2f9180fa56f6872191b1d75d8e47f4e9.mesh
393,3,https://cdn.goodblox.com/content/textures/hats/627cf2ffcac0b9ee8c828d71455b7c76.png
394,1,https://cdn.goodblox.com/content/models/hats/73a6334316444bdf5ad8bd5e41689894.xml
395,4,https://cdn.goodblox.com/content/meshes/hats/a81d1edb1676c9da55169c698edc0fb7.mesh
396,3,https://cdn.goodblox.com/content/textures/hats/e6c92805ad0c877b4762aecba266a465.png
397,1,https://cdn.goodblox.com/content/models/hats/18a4c68520397db4f03459b7a6a090bc.xml
398,3,https://cdn.goodblox.com/content/textures/shirts/3eb0d6a0ada2637ada5de664bac304de.png
399,2,https://cdn.goodblox.com/content/models/shirts/3eb0d6a0ada2637ada5de664bac304de.xml
400,3,https://cdn.goodblox.com/content/textures/shirts/393d08a30d2636dea8e60f6a20fc2973.png
401,2,https://cdn.goodblox.com/content/models/shirts/393d08a30d2636dea8e60f6a20fc2973.xml
402,3,https://cdn.goodblox.com/content/textures/shirts/12275aabbafb162d8472d24faff0d515.png
403,2,https://cdn.goodblox.com/content/models/shirts/12275aabbafb162d8472d24faff0d515.xml
404,4,https://cdn.goodblox.com/content/meshes/hats/85b3430012efd635f84c879349861b22.mesh
405,3,https://cdn.goodblox.com/content/textures/hats/3a9855789fdc0748c40aadb2fde06f9c.png
406,1,https://cdn.goodblox.com/content/models/hats/373e98d158b0f456e36268e66c581a27.xml
407,4,https://cdn.goodblox.com/content/meshes/hats/800f3cbe9d2e82dee5c2bf41ca75c6d8.mesh
408,3,https://cdn.goodblox.com/content/textures/hats/26e4c9386488262a3ebee6fd1f0d4fed.png
409,1,https://cdn.goodblox.com/content/models/hats/fb61ba074cd244e7546a14267b4f69d2.xml
410,3,https://cdn.goodblox.com/content/textures/shirts/c86eee17f7b97d25c70050e3f106ecb4.png
411,2,https://cdn.goodblox.com/content/models/shirts/c86eee17f7b97d25c70050e3f106ecb4.xml
412,3,https://cdn.goodblox.com/content/textures/shirts/5dce34279a56f886cd7844e2cd90dc6b.png
413,2,https://cdn.goodblox.com/content/models/shirts/5dce34279a56f886cd7844e2cd90dc6b.xml
414,3,https://cdn.goodblox.com/content/textures/shirts/97df2483e06d2c4110f04f849e1ef3c9.png
415,2,https://cdn.goodblox.com/content/models/shirts/97df2483e06d2c4110f04f849e1ef3c9.xml
416,3,https://cdn.goodblox.com/content/textures/shirts/7523f8eee42e36932fa3e24ef6216518.png
417,2,https://cdn.goodblox.com/content/models/shirts/7523f8eee42e36932fa3e24ef6216518.xml
418,3,https://cdn.goodblox.com/content/textures/shirts/23b2e5d017a6c521bcf57f4c9f1e063b.png
419,2,https://cdn.goodblox.com/content/models/shirts/23b2e5d017a6c521bcf57f4c9f1e063b.xml
420,3,https://cdn.goodblox.com/content/textures/shirts/642167da8247a44c7a90752d668832e3.png
421,2,https://cdn.goodblox.com/content/models/shirts/642167da8247a44c7a90752d668832e3.xml
422,4,https://cdn.goodblox.com/content/meshes/hats/992b9691b79d241cf6a1bfabea14ba1c.mesh
423,3,https://cdn.goodblox.com/content/textures/hats/b006fe9fd223e3061c9be4aac67e86bc.png
424,1,https://cdn.goodblox.com/content/models/hats/c2bef28f1d096197a6b2d2f9835f6a08.xml
425,4,https://cdn.goodblox.com/content/meshes/hats/f3f9b3008b2c6b051b50ca6dcadcc568.mesh
426,3,https://cdn.goodblox.com/content/textures/hats/37fa41732e6f6c32b6005bb059007225.png
427,1,https://cdn.goodblox.com/content/models/hats/72af2947bd70c35110149d2596421865.xml
428,4,https://cdn.goodblox.com/content/meshes/hats/1b9397844cff42f5525919be95b0f231.mesh
429,3,https://cdn.goodblox.com/content/textures/hats/7a87e55406d26465321ce27fc59b9f57.png
430,1,https://cdn.goodblox.com/content/models/hats/c6c79d653f8f28e02a95bc8f4a19268d.xml
431,4,https://cdn.goodblox.com/content/meshes/hats/76037adb3cff461f564a3c3b521d5e18.mesh
432,3,https://cdn.goodblox.com/content/textures/hats/0d53b4be455f7c3905b142ba1952e0c0.png
433,1,https://cdn.goodblox.com/content/models/hats/0ae5caf86b114e6e14209ef8fbeda8c0.xml
434,3,https://cdn.goodblox.com/content/textures/shirts/b9cf0c5c0d768402a8301e56c0c99212.png
435,2,https://cdn.goodblox.com/content/models/shirts/b9cf0c5c0d768402a8301e56c0c99212.xml
436,4,https://cdn.goodblox.com/content/meshes/hats/7821ea2edcfbf0b5e299477e2eaede3f.mesh
437,3,https://cdn.goodblox.com/content/textures/hats/f4b1ff3ed75b117f147a1fa6ca7c37a6.png
438,1,https://cdn.goodblox.com/content/models/hats/a8a8f339ac9a95760cda2290a7a9d469.xml
439,3,https://cdn.goodblox.com/content/textures/shirts/151cfc3fff07c303af0c4a77420307be.png
440,2,https://cdn.goodblox.com/content/models/shirts/151cfc3fff07c303af0c4a77420307be.xml
441,3,https://cdn.goodblox.com/content/textures/shirts/713091e7709326ccf340989a9664a47d.png
442,2,https://cdn.goodblox.com/content/models/shirts/713091e7709326ccf340989a9664a47d.xml
443,4,https://cdn.goodblox.com/content/meshes/hats/29d2a0800f2edbba39148a166b09a9f4.mesh
444,3,https://cdn.goodblox.com/content/textures/hats/4d43fdca19057fa6be9b3177a40bcac8.png
445,1,https://cdn.goodblox.com/content/models/hats/001f82fa1c9e811bdcf441f33cd2e4f0.xml
446,3,https://cdn.goodblox.com/content/textures/shirts/29af4dce57263057d7805b38f93d5ffd.png
447,2,https://cdn.goodblox.com/content/models/shirts/29af4dce57263057d7805b38f93d5ffd.xml
448,3,https://cdn.goodblox.com/content/textures/shirts/bd23a9099352d93723136fc7c07f2242.png
449,2,https://cdn.goodblox.com/content/models/shirts/bd23a9099352d93723136fc7c07f2242.xml
450,3,https://cdn.goodblox.com/content/textures/shirts/0d9cc53d63d6e90fc1d7d2f530835371.png
451,2,https://cdn.goodblox.com/content/models/shirts/0d9cc53d63d6e90fc1d7d2f530835371.xml
452,3,https://cdn.goodblox.com/content/textures/shirts/7a79983441aefa6e3a3dfcbd0dda7f4d.png
453,2,https://cdn.goodblox.com/content/models/shirts/7a79983441aefa6e3a3dfcbd0dda7f4d.xml
454,4,https://cdn.goodblox.com/content/meshes/hats/28a9e8c3ac7bd7e51f0f36eb7d496399.mesh
455,3,https://cdn.goodblox.com/content/textures/hats/61a385f276cb627dd8d39727ec37a070.png
456,1,https://cdn.goodblox.com/content/models/hats/0c1ef3099606dedf572941c96c84d61d.xml
457,4,https://cdn.goodblox.com/content/meshes/hats/ed3a81ab37210363ed46857c39a2717f.mesh
458,3,https://cdn.goodblox.com/content/textures/hats/963f621a53d3fb79b94472baeca56c62.png
459,1,https://cdn.goodblox.com/content/models/hats/4ca91a4f6971f0125d8414ab00ae70cc.xml
460,4,https://cdn.goodblox.com/content/meshes/hats/32f5e95a181850a408678b9c75cba6b8.mesh
461,3,https://cdn.goodblox.com/content/textures/hats/3ce56534a7d50b77114cba7683472158.png
462,1,https://cdn.goodblox.com/content/models/hats/09084af3856fdde0ad22d9b7b205e3f0.xml
463,3,https://cdn.goodblox.com/content/textures/shirts/194017c361c99565a1c7747e7fdce407.png
464,2,https://cdn.goodblox.com/content/models/shirts/194017c361c99565a1c7747e7fdce407.xml
465,3,https://cdn.goodblox.com/content/textures/shirts/39319d56152e136b194d2e2e40b427f0.png
466,2,https://cdn.goodblox.com/content/models/shirts/39319d56152e136b194d2e2e40b427f0.xml
467,3,https://cdn.goodblox.com/content/textures/shirts/835c0ebd5fea55ed40b76d9032248b2b.png
468,2,https://cdn.goodblox.com/content/models/shirts/835c0ebd5fea55ed40b76d9032248b2b.xml
469,3,https://cdn.goodblox.com/content/textures/shirts/8c31744ee08f41719b9748e421274123.png
470,2,https://cdn.goodblox.com/content/models/shirts/8c31744ee08f41719b9748e421274123.xml
471,3,https://cdn.goodblox.com/content/textures/shirts/80cedf9045167a2ed8ded41994d32056.png
472,2,https://cdn.goodblox.com/content/models/shirts/80cedf9045167a2ed8ded41994d32056.xml
473,4,https://cdn.goodblox.com/content/meshes/hats/f2c96f10ba2306e36877b277630a59f2.mesh
474,3,https://cdn.goodblox.com/content/textures/hats/a74a08ae28803bf2970c491716690ef3.png
475,1,https://cdn.goodblox.com/content/models/hats/26621ba4da9a833be8df3e1c76f0734d.xml
476,3,https://cdn.goodblox.com/content/textures/shirts/b00399b1bc932beb09d238e6856f4947.png
477,2,https://cdn.goodblox.com/content/models/shirts/b00399b1bc932beb09d238e6856f4947.xml
478,3,https://cdn.goodblox.com/content/textures/shirts/f0ca4e7cc82ecb2c4c7024bedc36fed7.png
479,2,https://cdn.goodblox.com/content/models/shirts/f0ca4e7cc82ecb2c4c7024bedc36fed7.xml
480,3,https://cdn.goodblox.com/content/textures/shirts/908329364bf7302bac501aee794de99c.png
481,2,https://cdn.goodblox.com/content/models/shirts/908329364bf7302bac501aee794de99c.xml
482,3,https://cdn.goodblox.com/content/textures/shirts/733a543dc7590fbcd0cff18d5113330a.png
483,2,https://cdn.goodblox.com/content/models/shirts/733a543dc7590fbcd0cff18d5113330a.xml
484,3,https://cdn.goodblox.com/content/textures/shirts/23e91e6907acdca0747c45c22d1c1ba9.png
485,2,https://cdn.goodblox.com/content/models/shirts/23e91e6907acdca0747c45c22d1c1ba9.xml
486,3,https://cdn.goodblox.com/content/textures/shirts/87187c7e0294b096cdc16851f50115f5.png
487,2,https://cdn.goodblox.com/content/models/shirts/87187c7e0294b096cdc16851f50115f5.xml
488,3,https://cdn.goodblox.com/content/textures/shirts/640a40e26caf4804bd78108c0a7e1251.png
489,2,https://cdn.goodblox.com/content/models/shirts/640a40e26caf4804bd78108c0a7e1251.xml
490,3,https://cdn.goodblox.com/content/textures/shirts/d7c9467ae387af12e5d1758b99ac6b60.png
491,2,https://cdn.goodblox.com/content/models/shirts/d7c9467ae387af12e5d1758b99ac6b60.xml
492,4,https://cdn.goodblox.com/content/meshes/hats/838fc432ae62975cba7a5b7e02c55387.mesh
493,3,https://cdn.goodblox.com/content/textures/hats/33bbb1cde723fa94d7caa30a1f223ca9.png
494,1,https://cdn.goodblox.com/content/models/hats/309909fa74fab158fbddedc9c898ee3b.xml
495,4,https://cdn.goodblox.com/content/meshes/hats/d1828d51aa17fa9e08db35a95552f8d6.mesh
496,3,https://cdn.goodblox.com/content/textures/hats/78e693e04a41bd2245cf4b8f8b9240e2.png
497,1,https://cdn.goodblox.com/content/models/hats/bf9a334f6e80720cafcd42ed0b8db9a8.xml
498,3,https://cdn.goodblox.com/content/textures/shirts/7bf70e44cdf141311fb2a91b4cede940.png
499,2,https://cdn.goodblox.com/content/models/shirts/7bf70e44cdf141311fb2a91b4cede940.xml
500,3,https://cdn.goodblox.com/content/textures/shirts/1dcd5ba2d71d48b023b1f16a7b8e61e5.png
501,2,https://cdn.goodblox.com/content/models/shirts/1dcd5ba2d71d48b023b1f16a7b8e61e5.xml
502,3,https://cdn.goodblox.com/content/textures/shirts/db80db32f3b86ff704e05207ca5c2eb8.png
503,2,https://cdn.goodblox.com/content/models/shirts/db80db32f3b86ff704e05207ca5c2eb8.xml
504,3,https://cdn.goodblox.com/content/textures/shirts/86c9e190a229345789f2e9356cccb9e7.png
505,2,https://cdn.goodblox.com/content/models/shirts/86c9e190a229345789f2e9356cccb9e7.xml
506,3,https://cdn.goodblox.com/content/textures/shirts/e91f0b2f97d6c6eb3105a8ed5e8062b8.png
507,2,https://cdn.goodblox.com/content/models/shirts/e91f0b2f97d6c6eb3105a8ed5e8062b8.xml
508,3,https://cdn.goodblox.com/content/textures/shirts/d9641fbd484f61e931e7b9e0d9a9abc8.png
509,2,https://cdn.goodblox.com/content/models/shirts/d9641fbd484f61e931e7b9e0d9a9abc8.xml
510,3,https://cdn.goodblox.com/content/textures/shirts/79fba1afb2c4506c24a0f1d1dc1993a6.png
511,2,https://cdn.goodblox.com/content/models/shirts/79fba1afb2c4506c24a0f1d1dc1993a6.xml
512,3,https://cdn.goodblox.com/content/textures/shirts/fdec5e1bdac1eed8aa6c97dbede704cc.png
513,2,https://cdn.goodblox.com/content/models/shirts/fdec5e1bdac1eed8aa6c97dbede704cc.xml
514,3,https://cdn.goodblox.com/content/textures/shirts/b0f0bbbf1b4d3bfa0a2a9b1fc491901b.png
515,2,https://cdn.goodblox.com/content/models/shirts/b0f0bbbf1b4d3bfa0a2a9b1fc491901b.xml
516,3,https://cdn.goodblox.com/content/textures/shirts/61f543b247ecc0b721bff8d34009bb43.png
517,2,https://cdn.goodblox.com/content/models/shirts/61f543b247ecc0b721bff8d34009bb43.xml
518,3,https://cdn.goodblox.com/content/textures/shirts/3fe1bd673e7e70749474e92d74f4c3b5.png
519,2,https://cdn.goodblox.com/content/models/shirts/3fe1bd673e7e70749474e92d74f4c3b5.xml
520,3,https://cdn.goodblox.com/content/textures/shirts/12deb6345c66182a1f4eabac6d0bf1c9.png
521,2,https://cdn.goodblox.com/content/models/shirts/12deb6345c66182a1f4eabac6d0bf1c9.xml
522,4,https://cdn.goodblox.com/content/meshes/hats/3ef931ec474fefa00008f8412a314f96.mesh
523,3,https://cdn.goodblox.com/content/textures/hats/e56b2326f261bb08a1cfbeb61d99c6ea.png
524,1,https://cdn.goodblox.com/content/models/hats/31372bcf5152143ceb9017853a8e38cb.xml
525,3,https://cdn.goodblox.com/content/textures/shirts/9953d7a5429c779f2300376d2d2e3606.png
526,2,https://cdn.goodblox.com/content/models/shirts/9953d7a5429c779f2300376d2d2e3606.xml
527,3,https://cdn.goodblox.com/content/textures/shirts/ed49b6eac840d12c10bab4e4e1fbe891.png
528,2,https://cdn.goodblox.com/content/models/shirts/ed49b6eac840d12c10bab4e4e1fbe891.xml
529,3,https://cdn.goodblox.com/content/textures/shirts/847f70165aeba8e816455b5eac67998d.png
530,2,https://cdn.goodblox.com/content/models/shirts/847f70165aeba8e816455b5eac67998d.xml
531,3,https://cdn.goodblox.com/content/textures/shirts/74889d4e7a60a10abc1fa82a84e4b2b0.png
532,2,https://cdn.goodblox.com/content/models/shirts/74889d4e7a60a10abc1fa82a84e4b2b0.xml

