id,name,description,img_location
1,Administrator,"This badge identifies an account as belonging to a GoodBlox administrator. Only official GoodBlox administrators will possess this badge. If someone claims to be an admin, but does not have this badge, they are potentially trying to mislead you. If this happens, please report abuse and we will delete the imposter's account.",https://goodblox.com/resources/Administrator-75x75.png
2,Friendship,This badge is given to players who have embraced the GoodBlox community and have made at least 20 friends. People who have this badge are good people to know and can probably help you out if you are having trouble.,https://goodblox.com/resources/Friendship-75x75.jpg
3,Builder's Club,"Members of the illustrious Builders Club display this badge proudly. The Builders Club is a paid premium service. Members receive several benefits: they earn a daily income of 15 ROBUX, and they receive the exclusive Builders Club construction hat. (Extra ROBUX included if donation exceeds $5)",https://goodblox.com/resources/BuildersClub-125x125.png
4,Super Moderator,"This user is a Super Moderator. They have banning powers, image moderating powers, forum moderating powers and more. You will not want to get under the wrath of a Super Moderator as they will crush you with the Ban Hammer.",https://goodblox.com/resources/supermoderators-75x75.jpg
5,Bloxxer,"Anyone who has earned this badge is a very dangerous player indeed. Those GoodBloxians who excel at combat can one day hope to achieve this honor, the Bloxxer Badge. It is given to the warrior who has bloxxed at least 250 enemies and who has tasted victory more times than he or she has suffered defeat. Salute!",https://goodblox.com/resources/Bloxxer-75x75.jpg
6,Warrior,"This badge is given to the warriors of GoodBloxia, who have time and time again overwhelmed their foes in battle. To earn this badge, you must rack up 100 knockouts. Anyone with this badge knows what to do in a fight!",https://goodblox.com/resources/Warrior-75x75.jpg
7,Inviter,"GoodBloxia is a vast uncharted realm, as large as the imagination. Individuals who invite others to join in the effort of mapping this mysterious region are honored in GoodBloxian society. Citizens who successfully recruit three or more fellow explorers via the Share GoodBlox with a Friend mechanism are awarded with this badge.",https://goodblox.com/resources/Inviter-75x75.png
8,Combat Initiation,This badge is given to any player who has proven his or her combat abilities by accumulating 10 victories in battle. Players who have this badge are not complete newbies and probably know how to handle their weapons.,https://goodblox.com/resources/CombatInitiation-75x75.jpg
9,Homestead,The homestead badge is earned by having your personal place visited 100 times. Players who achieve this have demonstrated their ability to build cool things that other GoodBloxians were interested enough in to check out. Get a jump-start on earning this reward by inviting people to come visit your place.,https://goodblox.com/resources/Homestead-70x75.jpg

