id,uses,token,maxuse,who_create,when_create
1,3,windows,3,3,1518909420
2,1,llvr2XQHTlLZtKUYyLFPjCkR,1,3,1518909770
3,1,aRGDjkAMh4Xt3IBdJYgrKvTC,1,3,1518909777
4,1,yyAggc2lCTzYsh3okpesymvT,1,3,1518909784
5,1,fTrZFs88CXK0vw0tcj3h2ypB,1,3,1518909795
6,1,9keQ0gCbE0nuUaVz2ryP0isv,1,3,1518909811
7,1,UKUVlWG17iM7HxQi2dsHjH8b,1,3,1518909820
8,1,1Zp6FpnKKCkR0PEheRhi232F,1,3,1518909835
9,1,NYEdo6pAR0evm4rkNgW8KuLh,1,3,1518909842
10,1,hFoLg2Gb8UDGqpUXpbksBC9Y,1,3,1518909851
11,1,kbuEtKDPAFTg8cWwoM7Lg6UD,1,3,1518909858
12,1,L9fTCtVcxz49qfQGTbKtpWNf,1,3,1518909867
13,1,51JO3T3QdCTJfuHndLxdYIfm,1,3,1518909873
14,1,YTiBd313xJUgprpqlebqiNP1,1,3,1518909879
15,1,lCdqGjE6A3LLJQB950pKgH4u,1,3,1518909886
16,1,kITgYrXeTEYmmkJMdPa1JA7H,1,3,1518909897
17,1,kZoxCpGVOQQExcqhrUIDC82u,1,3,1518909904
18,1,rZpmkBeRttygELAMnywTTCpn,1,3,1518910332
19,1,9V7Smx4Wf6R0pQFnzhT9GuXc,1,3,1518910452
20,4,Qn2oIx1345qTUabdZN2EEnDY,1,3,1518911476
21,1,HXB28BSLfeLtt0wHCL6l7ln2,1,3,1518914902
22,1,1rmZSHsq4uqB0RqB5tyCZ6xO,1,3,1518917171
23,1,2imDFHKQnchUNN8OzelZbqle,1,3,1518917643
24,1,lORCAzaauYSMmCGfby5O1C7B,1,3,1518952048
25,1,MuAAcKD5A1xDY7pAGUgnLPdS,1,3,1518952271
26,1,cdzLNtqUYOMR6uJY7kDlMnrU,1,3,1518952279
27,1,bYg9AqqTIbTgtjQeVVlndkdP,1,3,1518952696
28,1,j2A5NFGnjunaN424zu2ooazU,1,3,1518953691
29,1,fOvb7uSqdrK2YTFZsgKqAiJ5,1,3,1518953872
30,1,L9YTjllb025zt9aoZ87UOjRG,1,3,1518953883
31,1,1ug0bI7iukhomqkZuwjb7YQo,1,3,1518953901
33,1,03tkExLCxik73qeEXhjHIVn8,1,3,1518958041
34,1,ott8IgGrJQ3zt1w0rDwTMkaF,1,3,1518960651
35,1,alHWjCoivZsNou7W7W3ULULM,1,3,1518964261
36,1,ZjfBeJ0XQ0VuhnbBSxAik15y,1,3,1518966579
37,1,eackRmbodwI69dLHdt67xqWg,1,3,1518967796
38,1,qImZbkfP3zmnUaoWOxhgjDY8,1,2,1518971878
39,1,8DsLq0CHAhzQouQMg0wXC1nX,1,0,1518972081
40,1,61PkDHEiNZ6wiCXy3VubGLYj,1,2,1518976747
41,1,hFHlBlA4kGoPwm5nsYW5asHh,1,2,1518980789
42,1,WwU6kFl1S1WgcMXzVb6N9OTn,1,2,1518985012
43,1,0Nbo2KGjH9oFFJf2s2vvcRGV,1,9,1518987085
44,1,qYXloHTrt8LCvT7o1bHilmpO,1,2,1518987151
45,1,Sfkare1gkfols3pvURSP0iN4,1,9,1519010791
46,1,atfwQhI0PvvKFeBi13DlsTKE,1,9,1519028203
47,1,oMvXacbfMkAMPqBbUQjnmlrg,1,2,1519066888
49,1,SzDfKsPkiT6tahTVtZZWRFrV,1,2,1519072128
50,1,cRrmOZhXWZTkOldU2tKbEiNJ,1,2,1519077259
56,1,VszfdsofLJ9rcui9C81gt0zT,1,2,1519429023
58,1,VEWsgRbA6i9rAVZfmr78JAYS,1,2,1519573222
59,1,1BYv2x1fo5KUACeB3YjY8rVe,1,2,1519836447
61,1,RNtz4wdURBg3QNfvWkUgG5tR,1,2,1519976710
62,1,QoSmyRMs5fQsN3dCtQ6sfC2V,1,2,1520013502
63,1,PrtJa4huIoZcUt3Bp72r0E8E,1,2,1520099390
64,1,vZ9FcYJvb9mxvcZIiGDxGkDD,1,2,1520099891
65,1,7kJJXGIM1H8tBjcplmMlGcbg,1,2,1520111925
66,1,PDtEXk7gt1hkVcjwouf6fTYs,1,2,1520169386
67,1,XbXU8x2QBETtjQUZJiqnJwfK,1,2,1520173307
68,1,0VbjJ1TIUoomdkC1xzZxi91F,1,2,1520336462
69,1,oatLkfjDRfLfxBEX8Gjzvqop,1,2,1520336554
70,1,wBo1orJNF1JSbktcOS2xHRKx,1,2,1520620294
71,1,INIb8IICjPu3kovHf7H53zif,1,2,1520671441
72,1,Wu7u9ZHjPzaJcycaObW8PL2Y,1,2,1520786597
73,1,rPrlijrZbFL7WdtFhze40Hg1,1,2,1520789528
74,1,24sJspcp1wfPdEqZoq7oU8ha,1,2,1520872718
75,1,9eNYIksiA8s35richRf6Gm7w,1,2,1520942751
76,1,a4VJaRzbQXpNOwx16KzVB3e0,1,2,1521047688
77,1,Vd6lWKQGNHekdDst7fePtwLO,1,2,1521130221
78,1,KGfCdDZVdU258ep7B9oIKimC,1,3,1522154773
79,1,X1sEqxgFu53rqp7XxhmKdRxj,1,2,1522614199

