id,cid,textureid,bux,tix,sale,type,name,sname,deleted,comments,location,approved,declined,description,realcreator,time_updated,time_created
1,1,NULL,50,0,1,1,Wizards Hat,WizardsHat,0,1,1,1,0,Expelliarmus! Rictusempra! Teapoticus!,NULL,1514633928,1514633928
2,2,5,0,10,1,2,Got Root?,2,0,0,4,1,0,Have you got root access? Because I have.,NULL,1514634579,1514634579
3,1,NULL,0,8,1,1,GoodBlox Visor,GoodBloxVisor,0,1,6,1,0,Keep cool under this GoodBlox Visor.,NULL,1515106415,1515106415
4,2,13,0,1,1,2,Administrator,4,0,1,12,1,0,I'm an Administrator!,NULL,1515162828,1515162828
5,1,NULL,0,1000,1,1,Traffic Cone,TrafficCone,0,1,11,1,0,"Traffic cones are designed to be highly visible and easily movable. Various sizes are used, commonly ranging from around 30 cm to a little over 1 m. Traffic cones come in many different colors, with orange, yellow and red being the most common colors due to their brightness. They may also have a reflective strip to further increase their visibility to vehicle traffic. Nowhere does it say that they can be used as hats.",NULL,1518217511,1518217511
6,3,14,0,10,1,2,Steaming hot corn,57eab4488befd42cba8d30c1e2043e3f,0,0,15,1,0,oh yea,NULL,1518884037,1518884037
7,18,16,0,0,0,2,JPEG_20180215_230608.jpg,a48d6bc5cf67537655dd5fc51c719861,0,0,17,1,0,Shirt,NULL,1518910826,1518910826
8,15,18,0,0,0,2,2Q.png,6951b57fa1e86bcfcb5588d100e135c1,0,0,19,1,0,Shirt,NULL,1518911000,1518911000
9,18,20,0,0,0,2,the_asadadsa.jpg,3ea9e981d2d45a22aba020e5034d475b,0,0,21,1,0,Shirt,NULL,1518911230,1518911230
10,17,22,5,10,1,2,White Hoodie,73d67544ccc14f08513152a0d8433137,0,1,23,1,0,Look stylish with this cool white hoodie!,NULL,1518911308,1518911308
11,18,24,0,0,0,2,af937ddd135043391a4552cb59c269de.png,77b2356e151d9912732d4ed206fa65b1,0,0,25,1,0,Shirt,NULL,1518912063,1518912063
12,13,26,50,0,1,2,mushroom.png,0bc4cd84e45213d882cb1132dc0f5aed,0,1,27,1,0,Shirt,NULL,1518912115,1518912115
13,18,28,0,0,0,2,2e3e95e3a9b6ff88aa6efce70df179df.png,2535297cd2fa25de4f081c67d17188fb,0,0,29,1,0,Shirt,NULL,1518912640,1518912640
14,13,30,0,0,0,2,donate pls,9d8ed198da469a38f875b0728bc12988,0,0,31,1,0,Shirt,NULL,1518912691,1518912691
15,23,32,0,0,0,2,Pro Paintballer t-shirt.jpg,b4f3b77201985c070e952745e0b27bd5,0,0,33,1,0,Shirt,NULL,1518913011,1518913011
16,13,34,0,10,1,2,super mario galaxy logo.png,ea1e073143ce19eb5477043affe5a0ef,0,1,35,1,0,Shirt,NULL,1518913481,1518913481
17,28,36,0,0,0,2,clothing6.png,3725aeb67bd5603b72aacd2db048cd8d,0,0,37,1,0,Shirt,NULL,1518915294,1518915294
18,16,38,0,0,0,2,arg-h-5O-tr.png,16092f2843a67692322fdcd869a93342,0,0,39,1,0,Shirt,NULL,1518916534,1518916534
19,30,40,0,0,0,2,IMG_0722.JPG,22089aac5d87f1bfde6770feb0318fec,0,0,41,1,0,Shirt,NULL,1518944814,1518944814
20,28,42,100,2500,1,2,asset id 20,89b9617f48fe4d46009955a5a0aa0bc4,0,1,43,1,0,Yee,NULL,1518946527,1518946527
21,32,44,10,5,1,2,Free Predator,200c0171d6b630ed267d655bc6ff908a,0,1,45,1,0,free him by buying this,NULL,1518952426,1518952426
22,34,46,0,0,0,2,OzTVFN9K.jpg,5a3d1250a596fbab43a383adcaeb78da,0,0,47,1,0,Shirt,NULL,1518952915,1518952915
23,34,48,0,0,0,2,1504183204.jpg,66b6c1b0d00eae5cb22cc03b37f76c97,0,0,49,1,0,Shirt,NULL,1518953328,1518953328
24,36,50,0,0,0,2,h2.png,0ec1d7538d2bc29a7502b85375384633,0,0,51,1,0,Shirt,NULL,1518954130,1518954130
25,37,52,0,0,0,2,Master_Shake.png,1c6d08518affca571d207febc6cb8014,0,0,53,1,0,Shirt,NULL,1518954776,1518954776
26,30,54,0,0,0,2,463a69cbf65912dd5eeb46cf6f6e5d4f.png,44d7fde7d84f8afe0742b6d06b7c9c7a,0,0,55,1,0,Shirt,NULL,1518956070,1518956070
27,30,56,0,0,0,2,c06837fb46f5009ac63c8767fa6d308a.png,76746d992339238ca71dc4a5d6bb7ecc,0,0,57,1,0,Shirt,NULL,1518956427,1518956427
28,38,58,0,0,0,2,s.png,8d69eac6a8722c3b27acd1e6e45a1e29,0,0,59,1,0,Shirt,NULL,1518958902,1518958902
29,33,60,20,50,1,2,lottery ticket.jpg,5cafe629f867fa9d64fec3379bbf05c5,0,1,61,1,0,Shirt,NULL,1518959236,1518959236
30,4,62,0,0,0,2,toast.png,690106ab78c5dcd417d56471b76acb0f,0,0,63,1,0,Shirt,NULL,1518959541,1518959541
31,12,64,0,0,0,2,Screenshot_24.png,b3455590517d012342c1f48fe36b490c,0,0,65,1,0,Shirt,NULL,1518959663,1518959663
32,12,66,0,0,0,2,1-up-pilz.png,6dce8f9545d932726e0b968288d3f13e,0,0,67,1,0,Shirt,NULL,1518960337,1518960337
33,4,68,10,100,1,2,mario,4ecb338cee6542e9cff7cb2fd4be06ad,0,1,69,1,0,he's from super mario 64!,NULL,1518960667,1518960667
34,11,70,1,10,1,2,Sweater,69e8654d3c79df167296727f429ff1ed,0,0,71,1,0,test,NULL,1518963660,1518963660
35,42,72,100,10,1,2,Killzone Black hand,68361776ea5f6d0bf0ba6f1bcf425855,0,0,73,1,0,Shirt,NULL,1518968618,1518968618
36,32,74,0,0,0,2,7e3.jpg,7190b3db50b0fb7c11014dccb64f6d65,0,0,75,1,0,Shirt,NULL,1518969146,1518969146
37,42,76,0,0,0,2,IMG_3397.JPG,4779fff909c5b62cb601390e770a3486,0,0,77,1,0,Shirt,NULL,1518969884,1518969884
38,15,78,0,0,0,2,Screenshot_160.png,5d8ea6a6acbeb7663c3714d3d83c00e1,0,0,79,1,0,Shirt,NULL,1518970719,1518970719
39,43,80,0,0,0,2,te1.png,8c3339883e9a0d9fc85e0bb9e138d077,0,0,81,1,0,Shirt,NULL,1518972356,1518972356
40,10,82,0,0,0,2,bloxxer.png,95aa5a46cd2fdd5a8ae8f656840aa54f,0,0,83,1,0,Shirt,NULL,1518974228,1518974228
41,28,84,0,0,0,2,load.png,9500c52df557e28ede5541462d944b1d,0,0,85,1,0,Shirt,NULL,1518975907,1518975907
42,30,86,5,10,1,2,RPG Luigi,eb21787837801f9c9411e29768d92dd9,0,1,87,1,0,Another shirt of mine.,NULL,1518976057,1518976057
43,32,88,0,0,0,2,Gfornow.png,5fd9fd834124f8764071e806c632cf31,0,0,89,1,0,Shirt,NULL,1518983190,1518983190
44,22,90,0,0,0,2,pokeball.png,4dd32244dd22367c2d0e73805e02199d,0,0,91,1,0,Shirt,NULL,1518994379,1518994379
45,25,92,0,0,0,2,d98482bc45a04f1cb78a5b86746bf795.png,f8bb900d46e466391b5eb80bf0fcd43f,0,0,93,1,0,Shirt,NULL,1518995075,1518995075
46,24,94,0,0,0,2,d3bc9f40da12c89225fe085343ff22e7.png,36e0767cac673ee533214f5b7dac5b50,0,0,95,1,0,Shirt,NULL,1518995448,1518995448
47,21,96,0,0,0,2,chocobo23.png,87fbb54e087f25dd1df8aff25fe14b82,0,0,97,1,0,Shirt,NULL,1519013380,1519013380
48,29,98,0,0,0,2,nooooooo!.png,9dc0d1a46503adf4979efe12985d63c8,0,0,99,1,0,Shirt,NULL,1519019639,1519019639
49,50,100,0,0,0,2,Inverted_pentacle_bold.svg.png,45f3df761f5e1cd7a097b980a8caa0a1,0,0,101,1,0,Shirt,NULL,1519029397,1519029397
50,51,102,0,0,0,2,AcuTestEXIF7071.jpg,24ecb863f876497d585cd791ae5c207e,0,0,103,1,0,Shirt,NULL,1519056030,1519056030
51,9,104,8,18,1,2,stop.bmp,274341d047172fe8d5b7891893bb0e95,0,0,105,1,0,STOP! In the name of OCTAGON!!,NULL,1519066693,1519066693
52,36,106,5,10,1,2,meet the heavy,8c54512d964dd9c6dd7c148c6d7e2371,0,1,107,1,0,Shirt,NULL,1519074760,1519074760
53,45,108,0,0,0,2,h1>11111111111111111111111111111.jpg,a52b6e65d0222520fa351847bae34ae2,0,0,109,1,0,Shirt,NULL,1519077101,1519077101
54,45,110,0,0,0,2,''''''''''''''''````````````````HYAYWOOHEY.jpg,e310ffbd99286e1151756fa9d97a15bf,0,0,111,1,0,Shirt,NULL,1519077578,1519077578
55,39,112,5,50,1,2,Blue suit and tie,4fda1290bcc5c120cbbcee1958afd3bd,0,1,113,1,0,A wonderful blue suit and tie!,NULL,1519087710,1519087710
56,31,114,0,0,0,2,shirt4.PNG,9188d09da46fc6019b02a07927a88280,0,0,115,1,0,Shirt,NULL,1519104380,1519104380
57,31,116,0,0,0,2,buildermanShirt.png,a1d4f2c9cd72872b214ad2acdc073fef,0,0,117,1,0,Shirt,NULL,1519104874,1519104874
58,45,118,0,0,0,2,h1>1111.jpg,7b861994a55aa86a1d5252b69365133f,0,0,119,1,0,Shirt,NULL,1519162437,1519162437
59,45,120,0,0,0,2,h1>TEST.php\x00ORKWITH,aa55ebf6d121b03bb384b2dec4bd7dc6,0,0,121,1,0,Shirt,NULL,1519163175,1519163175
60,45,122,5,10,1,2,Test,c16ea3d4fb60c006c0a02a88609cb4c7,0,1,123,1,0,Testing,NULL,1519163984,1519163984
61,29,124,1,20,1,2,Smile!,2c9480a323575db487315a561f5bb7cd,0,1,125,1,0,A nice little smile to keep everyone happy!,NULL,1519323391,1519323391
62,7,126,0,0,0,2,meii.png,1e7637069b31eddab132e2399ba66a16,0,0,127,1,0,Shirt,NULL,1519406002,1519406002
63,5,128,0,0,0,2,bluebrick.png,6d91634b3f159dd5df3696f3253ca0ea,0,0,129,1,0,Shirt,NULL,1519415808,1519415808
64,32,130,0,0,0,2,yes.png,14b4e372b9a8eebff6f61ee5f4483437,0,0,131,1,0,Shirt,NULL,1519483003,1519483003
65,32,132,10,5,1,2,austronaut,f93b7f32ebd575b43ca3c292478cd79c,0,1,133,1,0,Moonblox,NULL,1519483323,1519483323
66,28,134,0,0,0,2,load.png,67e1e4765dfc2e8335c66a4d45141379,0,0,135,1,0,Shirt,NULL,1519493636,1519493636
67,32,136,0,0,0,2,final_fantasy_chocobo_tales_-_gree_2.png,e8a746fb9d98aa8dc2e0b61e0ce40d58,0,0,137,1,0,Shirt,NULL,1519561738,1519561738
68,56,138,0,0,0,2,b746bfda709a0eccf7c6194c5e31a7be.png,44efc6b0137edcb455b8ae7d7f0ef37b,0,0,139,1,0,Shirt,NULL,1519574376,1519574376
69,32,140,10,5,1,2,Burger King,43328375a6d7f8288b1ca5235c8516bb,0,1,141,1,0,America,NULL,1519599939,1519599939
70,32,142,0,0,0,2,logo_sticker.png,e7cb0da14d81cbb6d418f7683a765ffe,0,0,143,1,0,Shirt,NULL,1519682716,1519682716
71,57,144,15,25,1,2,buy or die,ae244d2dc8acd97ceb542db5768056a5,0,1,145,1,0,egg,NULL,1519837710,1519837710
72,30,146,10,10,1,2,Super Mario RPG Guy,160db4f52f9113e37e18f89c70413eac,0,1,147,1,0,My shirt.,NULL,1519843377,1519843377
73,31,148,0,0,0,2,bm-mo2.jpg,f84b1f4240918079bb6f42a70f4bc1ba,0,0,149,1,0,Shirt,NULL,1519845494,1519845494
74,57,150,5,10,1,2,Despacito 2,db1b0c4b1573036dcac1305f3ae41f40,0,1,151,1,0,buy it or h,NULL,1519873302,1519873302
75,54,152,5,20,1,2,Pirate Crew,65ec0873f72729206e73509a2db61ed4,0,1,153,1,0,Arrr! Shiver me timbers!,NULL,1519907278,1519907278
76,1,NULL,0,0,0,1,Builders Club Hard Hat,HardHat,0,1,156,1,0,This hard hat is given to Builder's Club members to protect them from crashes while they build.,NULL,1520019169,1520019169
77,1,157,0,0,0,2,bluebrick.png,9414af0f009622e621686cd1002de61d,0,0,158,1,0,Shirt,NULL,1520115621,1520115621
78,60,159,500,5,1,2,rego.jpg,b8744d61db75a977bd4ce14f2b8d19fa,0,0,160,1,0,yes,NULL,1520155905,1520155905
79,63,161,20,20,1,2,GoodBlox Logo Blued Style,c75a197c4d98b257b0a43edd99de6494,0,1,162,1,0,Im poor,NULL,1520170990,1520170990
80,64,163,1,5,1,2,pwnd.png,41abbfb2b817dc954d79917c97d42d4f,0,1,164,1,0,Shirt,NULL,1520173535,1520173535
81,64,165,1,5,1,2,i have a head,be86828bdd47bb590ba0a2bf30863af5,0,1,166,1,0,Shirt,NULL,1520173894,1520173894
82,64,167,1,5,1,2,imayoutuber.png,8e32c42aaf229b652074131d9679314e,0,1,168,1,0,Shirt,NULL,1520174222,1520174222
83,64,169,0,0,0,2,Classic Roblox R.png,41104ca23b9be405204b629a0a3981c8,0,0,170,1,0,Shirt,NULL,1520175454,1520175454
84,64,171,0,0,0,2,Bloxxer.png,ed65608b5f54c1a3c42c1f3533bff4eb,0,0,172,1,0,Shirt,NULL,1520175870,1520175870
85,61,173,0,0,0,2,download.jpe,2771b8ebc476aea4e23d61e2141b20b6,0,1,174,1,0,Shirt,NULL,1520188238,1520188238
86,54,175,1,1,1,2,Bloxxer,7de20ab65b60ad295ab6832d1c86ff69,0,1,176,1,0,GET BLOXXED NOOB!,NULL,1520196844,1520196844
87,54,177,5,10,1,2,Suit With Purple Tie,d18e0e4d8e8ed47575c17074e623918f,0,1,178,1,0,Look fresh AF with this snazzy suit! Now cheaper as well!,NULL,1520197162,1520197162
88,12,179,10,5,1,2,Mario Blue Star :D,d3d8ca5b21eda48fc3073dd0c1049f46,0,1,180,1,0,Shirt,NULL,1520197270,1520197270
89,28,181,50,950,1,2,GoodBlox is Good,857e5d254f1ca179c53688341afe0e47,0,1,182,1,0,GoodBlox is Good,NULL,1520197292,1520197292
90,62,183,10,100,1,2,buildermaniscool.png,ff50124935e839940832660abab9e2ab,0,1,184,1,0,Shirt,NULL,1520197363,1520197363
91,54,185,10,25,1,2,Do The Brew!,2cd90508dddc71efba859c749f06358e,0,1,186,1,0,Keep on brewing!,NULL,1520197497,1520197497
92,54,187,0,0,0,2,GoodBlox G,b9f46ea73466ebaaefe167ad89c5ce95,0,1,188,1,0,A GoodBlox Letter G,NULL,1520197828,1520197828
93,62,189,10,100,1,2,builderman ssbb,f667179cb6b71e7d19ed70f59ef23cc8,0,1,190,1,0,Shirt,NULL,1520198157,1520198157
94,54,191,20,200,1,2,Expensive Red Suit,68eeaeaf45954d161e668cf2a21dc648,0,1,192,1,0,This suit is even more snazzy AF.,NULL,1520198253,1520198253
96,32,195,1337,10,1,2,Zeeky h bomb,f5aa95366092df358f53d65739e17d88,0,1,196,1,0,Zeeky Boogy Doog!,NULL,1520199109,1520199109
97,62,197,10,100,1,2,Dragon,fd716883d5fe2f79ef92c39212fe08d6,0,1,198,1,0,By Shedletsky,NULL,1520199259,1520199259
98,54,199,5,10,1,2,HellaGay,4305d1e0a8baf85e9cb77c0bbacf0e70,0,1,200,1,0,Oh wait.,NULL,1520199391,1520199391
99,32,201,1337,10,1,2,fooby,ca4cac4f09a1fe68b1e99287da7981f3,0,1,202,1,0,Weeee! Splat!,NULL,1520199409,1520199409
100,62,203,100,100,1,2,ID 100,c4a83a58fbd11294aa0409136e0cf751,0,1,204,1,0,The ID of this shirt is 100,NULL,1520199595,1520199595
101,54,205,0,0,0,2,1337.png,0ef32ae0154bf8e2516586c9529b51d0,0,1,206,1,0,Shirt,NULL,1520199796,1520199796
102,32,207,10,5,1,2,Are14 fan shirt!,bf4103022f9a16edf583cec75a2e61d0,0,1,208,1,0,Buy if you love are14!,NULL,1520199808,1520199808
103,62,209,10,100,1,2,Magritte Shirt,3b18e9174883e483793dba36ed8b6f99,0,1,210,1,0,Shirt,NULL,1520200029,1520200029
104,17,211,5,5,1,2,autistic monkey simulator 2007,f00b23cabf565dcaea670ef2c3dbb391,0,1,212,1,0,its the newest hip thing!,NULL,1520200169,1520200169
105,4,213,9,8,1,2,joke simulator 2007,a1df0af3fa35e10e17a4f402c7a28b7a,0,1,214,1,0,Shirt,NULL,1520200325,1520200325
106,1,215,0,4,1,2,Bloxxer,95a2afdbd7156bf13154dea9d7e5c6a4,0,1,216,1,0,Nice Bloxxer shirt with alpha. Get good GoodBlox street cred with this shirt.,NULL,1520200375,1520200375
107,32,217,0,0,0,2,no.png,0a48ced8b89bcc09487619540a483c97,0,1,218,1,0,Shirt,NULL,1520200461,1520200461
108,63,219,12,40000,1,2,drama alert,d50b8b0a89e495913fc333647d545e95,0,1,220,1,0,kill me,NULL,1520200513,1520200513
109,32,221,0,0,0,2,no.png,4ebd9be42a8803b4e8b7af99961123cc,0,1,222,1,0,Shirt,NULL,1520200802,1520200802
110,17,223,0,15,1,2,sorry ,c1f99e3afa1285559f3794ce1a1c9efc,0,1,224,1,0,Shirt,NULL,1520200849,1520200849
111,28,227,0,0,0,2,ok fine,b5850874b5439ed47dc79a054041a6ae,0,1,228,1,0,this was a cool zalgo thing but the mods will bean me forever    insert sad face,NULL,1520200998,1520200998
112,32,229,0,0,0,2,ruh roh.png,8450f0c8c81d9b34305a1638321fbe3e,0,1,230,1,0,Shirt,NULL,1520201447,1520201447
113,12,231,0,0,0,2,b026a793edf8e33585417114dd17ae07.png,4eae0ac786f67705ff3828ee9addaabc,0,1,232,1,0,Shirt,NULL,1520202068,1520202068
114,12,233,0,0,0,2,Screenshot_13.png,6a521bdad6b8adf824692f06eef40bb3,0,1,234,1,0,Shirt,NULL,1520202452,1520202452
115,17,235,15,15,1,2,Abuse,a9c82a668734e2269fead266134105f4,0,1,236,1,0,dont be a victim,NULL,1520203233,1520203233
116,62,237,10,100,1,2,Be a Snitch,5ec2ca579adb1967a5d594ae0a36389a,0,1,238,1,0,Shirt,NULL,1520203551,1520203551
117,17,239,50,75,1,2,R        E        P        O        R        T        E        D ,e3d95d56bb1a8ae9e19b672eb5f25a23,0,1,240,1,0,REPORTED OMG ,NULL,1520203889,1520203889
118,61,241,5,15,1,2,Black suit with purple tie,53a7bf7e54700919d365bd868ba17ed8,0,1,242,1,0,Enjoy1,NULL,1520205416,1520205416
119,39,243,5,10,1,2,Master Chief,025e5eba0bdf7fb5c479fdd62e5f3031,0,1,244,1,0,Halo 3,NULL,1520254261,1520254261
120,39,245,0,0,0,2,redz.png,373302e337b8ff512746adef6913c40d,0,1,246,1,0,Shirt,NULL,1520254693,1520254693
121,18,247,1,10,1,2,angrey,cbb53f4941aceef73a28a230be11b982,0,1,248,1,0,angeryer,NULL,1520258801,1520258801
122,18,249,0,0,0,2,551c7d0ca24174e6463012277f08b723.png,42c885ba3ef01b0899eafc6930f9444b,0,1,250,1,0,Shirt,NULL,1520259842,1520259842
123,18,251,0,0,0,2,des pa cito.jpg,b8f7bc6f0464bbafc87b8a618d5918bb,0,1,252,1,0,Shirt,NULL,1520264803,1520264803
124,32,253,10,5,1,2,I seek,ea80f016c06f9355858b43c0db0dcc40,0,1,254,1,0,Do you need it?,NULL,1520269347,1520269347
125,32,255,10,5,1,2,TeapotTurret,fbdd0a1c711a22d49728bcd39fde08e3,0,1,256,1,0,Shirt,NULL,1520270489,1520270489
126,62,257,0,0,0,2,GoodbloxWizardG.png,8a2db480dbefc31fae8570e5e09caec0,0,1,258,1,0,Shirt,NULL,1520291159,1520291159
127,62,259,0,0,0,2,GoodbloxWizardG.png,7468418f6319d16d09bb8f08bbb9ef7e,0,1,260,1,0,Shirt,NULL,1520291476,1520291476
128,62,261,25,250,1,2,GoodBlox Wizard Hat G,4320eca3598c5a0371d76c083e33f01b,0,1,262,1,0,Shirt,NULL,1520291776,1520291776
129,34,263,0,0,0,2,AwesomeVidMan.png,5dea5107d21d2dd9098376e083cbdaa0,0,1,264,1,0,Shirt,NULL,1520331666,1520331666
130,39,265,0,0,0,2,Halo-Master-Chief.png,09e121b21d1b91487ef971ce394f45c3,0,1,266,1,0,Shirt,NULL,1520339533,1520339533
131,39,267,5,50,1,2,ribs.png,83f7d992e26af881f1fc6d9ed13ad826,0,1,268,1,0,Shirt,NULL,1520340800,1520340800
132,39,269,5,50,1,2,spider.png,51ec460528d7d1d49499a03a7b70ae73,0,1,270,1,0,Shirt,NULL,1520341222,1520341222
133,39,271,5,50,1,2,inmate.png,e42528035faf0a8be890b69a67f389fd,0,1,272,1,0,Shirt,NULL,1520342032,1520342032
134,39,273,5,50,1,2,homersimpson.png,84ad2035f4f4477cd8d0926400069ef5,0,1,274,1,0,Shirt,NULL,1520344340,1520344340
135,39,275,5,50,1,2,Halo-Master-Chief.png,b85cba37ba0ccec444834aa97f8c9bb1,1,1,276,1,0,Shirt,NULL,1520348197,1520348197
136,39,277,5,50,1,2,Halo-Master-Chief-Gold.png,32c082a0015ecc2dae4a1f0efe70db3b,0,1,278,1,0,Shirt,NULL,1520357666,1520357666
137,32,279,10,5,1,2,I seek gifts,67e39f853839b1289e7738fe9bdfabf4,0,1,280,1,0,Do you now,NULL,1520358108,1520358108
138,39,281,5,50,1,2,dungerees.png,6177e29661cff6e8753ea71a83d036e7,0,1,282,1,0,Shirt,NULL,1520358157,1520358157
139,32,283,10,5,1,2,Squishies,70b6ade1b1075c1f432d7ef61c478d2b,0,1,284,1,0,Fly!!!,NULL,1520358864,1520358864
140,39,285,5,50,1,2,doctor.png,143414632ebe7e38b286cbd446a789e6,0,1,286,1,0,Shirt,NULL,1520358892,1520358892
141,39,287,5,50,1,2,bunny.png,594a9b0db796bd72a0d1e50cbea3eb98,0,1,288,1,0,Shirt,NULL,1520359361,1520359361
142,39,289,5,50,1,2,brown.png,6b4abb0622dbd5ec1a196e8d5eafd455,0,1,290,1,0,Shirt,NULL,1520359760,1520359760
143,28,291,8,35,1,2,REPORTED!!!!,69a372639ca97980815fe8b07eeba9b3,0,1,292,1,0,im actually the original creator not mrpinball64. i swear i made it. he stole it when i posted it on discord. but here this is the restored version with no white. ill even make it cheaper,NULL,1520396119,1520396119
144,59,293,100,5,1,2,Cube,a5a11f36b93c6e6bb86527c032bf7e52,0,1,294,1,0,A nice T-Shirt,NULL,1520402359,1520402359
145,30,295,5,10,1,2,red ring of death,2bb0ecad641be1b2798913326b961e8c,0,1,296,1,0,wowie,NULL,1520440746,1520440746
146,32,297,10,5,1,2,armor,f416ca65201f3c6002a987e47cdadddf,0,1,298,1,0,miked,NULL,1520444210,1520444210
147,10,299,5,5,1,2,Delet,8471540446a8921ad2b01032374c1bab,0,1,300,1,0,yes.,NULL,1520446405,1520446405
148,62,301,19,250,1,2,Goodblox Gear Wizard Edition,11bcb618cd6f679570eeedbbba5cbce4,0,1,302,1,0,Shirt,NULL,1520457970,1520457970
150,33,305,5,10,1,2,the smiley,77382e21b11c1c53bfa4a95bfa40a9d6,0,1,306,1,0,teh legendz sayz that teh smiley is epik!!11111,NULL,1520512932,1520512932
151,61,307,5,15,1,2,Zeeky h Bomb,fec8fdd2f1ba7a1d89adc2da6e25a0be,0,1,308,1,0,Zeeky Boogy Doog!,NULL,1520539568,1520539568
152,9,309,2,5,1,2,tomato.png,e6d0828256b0a49bdb60a7f8332a2be1,0,1,310,1,0,its a tomato,NULL,1520580760,1520580760
153,11,311,77,0,1,2,a                               ,3626005b1d2c0a30cc77e2e3ecb7ebfb,0,1,312,1,0,Shirt,NULL,1520629936,1520629936
154,4,313,5,10,1,2,hi there,b46aaa25711bcb9f7ced15a662bb91e1,0,1,314,1,0,a Shirt,NULL,1520631260,1520631260
155,32,315,0,0,0,2,Lottery Ticket.jpg,145bbffee2d48d637dc4bd95c4a5e79d,0,1,316,1,0,What will for fortune be?,NULL,1520677005,1520677005
156,64,317,1,5,1,2,Classic Mario Shirt.png,fc970afc82ce3173afbae1d0a0273db9,0,1,318,1,0,Shirt,NULL,1520698541,1520698541
157,64,319,1,5,1,2,bowser torso.png,3bf83a6386aa7f3c262cb40d42cfb1e6,0,1,320,1,0,Shirt,NULL,1520699034,1520699034
158,40,321,0,0,0,2,HiMyNameIs.png,d730b36096740862e3099624ed056073,0,1,322,1,0,Shirt,NULL,1520699919,1520699919
159,17,323,0,42,1,2,Tix,51b29defa4e966570151772e20837460,0,1,324,1,0,Shirt,NULL,1520705142,1520705142
160,54,325,5,10,1,2,Jergury Memes,6b371b8a2de138b034f58eb2a8c877d5,0,1,326,1,0,wear this to be a meme.,NULL,1520705275,1520705275
161,17,327,0,0,0,2,according to all known laws of aviation.png,0dbe74d7b8907fe349142eab3e209522,0,1,328,1,0,Shirt,NULL,1520705528,1520705528
162,11,329,0,0,0,2,h                   ,b9c018f6ccb97b5e0cbed6ae536cf50a,0,1,330,1,0,Shirt,NULL,1520705935,1520705935
163,11,331,0,0,0,2,logo.png,a5a761b60b3c97d417124eb779c81df5,0,1,332,1,0,                                                                                                                                            Shirt,NULL,1520706257,1520706257
164,11,333,0,0,0,2,32.png,855e937dc13f00c3a8c50c79a909c777,0,1,334,1,0,Shirt,NULL,1520706603,1520706603
165,32,337,0,0,0,2,mog.png,6092e45e8d14937955758c2e42f1cbbb,0,1,338,1,0,Shirt,NULL,1520711430,1520711430
166,39,339,1,10,1,2,sendhelp.PNG,a6abb86c7624736b764c67671960d3ae,0,1,340,1,0,Shirt,NULL,1520778222,1520778222
167,54,341,15,15,1,2,Burger King Foot Lettuce,bd68453dd2f3ca5887ad75edac242fc3,0,1,342,1,0,Number 15 Burger King Foot Lettuce,NULL,1520778818,1520778818
168,70,343,5,10,1,2,Octan,f9358b0ef1e621dd52a5cbadba09e177,0,1,344,1,0,we're sorry,NULL,1520790901,1520790901
169,1,NULL,7,7,1,1,Red Baseball Cap,RedBaseballCap,0,1,347,1,0,"This hat isn't worn out, it's well loved! Colored a bombastic red with a stylish looking G that leaves no doubt which game you are playing.",3,1520796880,1520796880
170,23,348,0,0,0,2,Pro Paintballer t-shirt.jpg,a960aee8516edd1e1a190427b8c87a36,0,1,349,1,0,Shirt,NULL,1520797543,1520797543
171,60,350,0,0,1,2,Legokid for President,5dc81f677fff80244a94c85a2fd9d8e4,0,1,351,1,0,Legokid will bring RICHES to Goodbloxia!,NULL,1520797568,1520797568
172,68,352,5,4,1,2,Fleskhjerta,4c3823995f93890460ce2a81a4c3f9b5,0,1,353,1,0,OMG ITS FLESK!!!1,NULL,1520797669,1520797669
173,55,354,10,1,1,2,ERIKismyhero,ea1c3cdad34c6e511b649a6c31df8b14,0,1,355,1,0,Shirt,NULL,1520797750,1520797750
174,44,356,0,0,0,2,duck.png,799ebad7e6e05a1035728978fe3df131,0,1,357,1,0,Shirt,NULL,1520797846,1520797846
175,34,358,10,20,1,2,nani?!,ffcdfd33061b6f39ad0ab215bdf08132,0,1,359,1,0,NANI?! KANSEI DORIFTO!,NULL,1520798535,1520798535
176,54,360,5,10,1,2,GoodBlox DMCA,30611f72d877a3a506821ff63db0e41c,0,1,361,1,0,Another great meme by Jergury!,NULL,1520798540,1520798540
177,32,362,10,5,1,2,K cube,10db895c26b062f8d0c1be2b98728664,0,1,363,1,0,ok,NULL,1520800563,1520800563
178,45,364,0,0,0,2,test,c3b7089280edd9a7acd30ea2b811554e,0,1,365,1,0,test,NULL,1520800740,1520800740
179,12,366,0,0,0,2,"fc,550x550,silver.jpg",faa6cf9012cf8b58a946c3405ed63507,0,1,367,1,0,Shirt,NULL,1520801601,1520801601
180,5,368,0,0,0,2,TEST,4d106d4ed14c1e762a804d740f023de7,0,1,369,1,0,test,NULL,1520802306,1520802306
181,32,370,0,0,0,2,logo.png,e6f14510746adf7c18464fde547f5d88,0,1,371,1,0,Shirt,NULL,1520803088,1520803088
182,32,372,0,0,0,2,holiday_Logo_267_70.png,ccec92f9a21bc9fbdd48c74a9e563d25,0,1,373,1,0,Shirt,NULL,1520803953,1520803953
183,1,NULL,100,0,1,1,Purple Banded Top Hat,PurpleTopHat,0,1,376,1,0,This dapper accouterment is a symbol of wealth and prestige. Perfect for Victorian Balls and award ceremonies.,9,1520808966,1520808966
184,59,377,0,0,0,2,black.png,fb37d50154c8c536387d3938b87715d8,0,1,378,1,0,Shirt,NULL,1520832629,1520832629
185,71,379,111,0,1,2,ratdog irl,82e24a85562234bfd5d9a7dd2d4e9e3f,0,1,380,1,0,hot,NULL,1520874699,1520874699
186,32,381,100,0,1,2,Tea,c19355cf80e262c99a1eaeaef58e155d,0,1,382,1,0,Become british today,NULL,1520875665,1520875665
187,1,NULL,130,0,1,1,Viking Helm,VikingHelmet,0,1,385,1,0,A sturdy Nordic helm fit for Erik the Red! Your enemies will admire your helmet's fine gold trim and ivory horns whilst you pillage their villages and set fire to all that you see!,2,1520877464,1520877464
188,1,NULL,24,0,1,1,Blue Baseball Cap,BlueBaseballCap,0,1,388,1,0,A nice blue baseball cap with the Bricksmith logo on it. Great to keep the sun out of your eyes while you are constructing your latest masterpiece.,9,1520881880,1520881880
189,1,NULL,77,0,1,1,Police Cap,PoliceCap,0,1,391,1,0,"Join the thin blue line! With this hat, you'll be looking good whether you're handing out speeding tickets to your fellow Goodbloxians or just chillin' at the donut shack.",9,1520883781,1520883781
190,1,NULL,250,0,1,1,Sombrero,Sombrero,0,1,394,1,0,This festive hat is great for visiting desert maps and for attending parties. Guaranteed to make you popular *. Ole! * Guarantee void in Tennessee.,9,1520884484,1520884484
191,1,NULL,42,0,1,1,Question Mark,QuestionMark,0,1,397,1,0,???,9,1520885034,1520885034
192,70,398,5,10,1,2,TEH EPIK DUCK,3eb0d6a0ada2637ada5de664bac304de,0,1,399,1,0,TAK COVAR!1!1!1,NULL,1520885247,1520885247
193,36,400,0,0,0,2,hobo.png,393d08a30d2636dea8e60f6a20fc2973,0,0,401,1,0,Shirt,NULL,1520886157,1520886157
194,32,402,10,5,1,2,police shirt,12275aabbafb162d8472d24faff0d515,0,1,403,1,0,Wee woo,NULL,1520886589,1520886589
195,1,NULL,75,0,1,1,Green Baseball Cap,GreenBaseballCap,0,1,406,1,0,Are you an up and coming GoodBlox tycoon? Cannot afford your top hat yet? Indicate to others that you are a scrappy entrepreneur out to make green with this garish cap.,2,1520886969,1520886969
196,1,NULL,6,0,1,1,Paper Bag,PaperBag,0,1,409,1,0,For those humble GoodBloxians who think that Robux are the root of all evil and abnegate themselves to wearing nothing more than this elegant paper bag.,2,1520887846,1520887846
197,39,410,5,50,1,2,Hobo.png,c86eee17f7b97d25c70050e3f106ecb4,0,1,411,1,0,Shirt,NULL,1520888920,1520888920
198,54,412,0,0,0,2,Jergury Tix Donation.png,5dce34279a56f886cd7844e2cd90dc6b,0,1,413,1,0,Shirt,NULL,1520892878,1520892878
199,17,414,15,25,1,2,Tix King,97df2483e06d2c4110f04f849e1ef3c9,0,1,415,1,0,Wear your pride,NULL,1520893250,1520893250
200,54,416,2,2,1,2,ID=200,7523f8eee42e36932fa3e24ef6216518,0,1,417,1,0,The 200th asset on GoodBlox!,NULL,1520893376,1520893376
201,70,418,0,10,1,2,h shirt,23b2e5d017a6c521bcf57f4c9f1e063b,0,1,419,1,0,it's transparent ,NULL,1520901522,1520901522
202,59,420,2,20,1,2,ROBLOX,642167da8247a44c7a90752d668832e3,0,1,421,1,0,"<script>alert(""potato"");</script>",NULL,1520958671,1520958671
203,1,NULL,90,0,1,1,Fedora,Fedora,0,1,424,1,0,"A black felt fedora. Ideal for 1920's journalists, detectives and Linux hackers. This hat demonstrates good taste and exudes class.",9,1520971314,1520971314
204,1,NULL,47,0,1,1,Brown Cowboy Hat,BrownCowboyHat,0,1,427,1,0,"You'll be home, home on the range with this hat. Actually, if you're on the range without one then you're not at home at all. You're trespassing. People get shot for that, so its best to play it safe. Buy me.",9,1520971849,1520971849
205,1,NULL,150,0,1,1,White Cowboy Hat,WhiteCowboyHat,0,1,430,1,0,Rich oil tycoons wear white cowboy hats and drive huge Cadillac's with enormous cow horns adorning the fender. You're either in the club or you're not. Pony up partner.,9,1520972250,1520972250
206,1,NULL,0,75,1,1,Pirate Captain's Hat,PirateHat,0,1,433,1,0,"Arrr, har is a great hat. Gar. Tis fine enough for the scurviest gentleman o fortune who evar sailed the seven seas! Aye! Buy it now or walk de plank!",9,1520973640,1520973640
207,68,434,4,4,1,2,Super mario 64 custom overalls ,b9cf0c5c0d768402a8301e56c0c99212,0,1,435,1,0,be your own sm64 roblox character i guess!,NULL,1520976876,1520976876
208,1,NULL,1337,0,1,1,Teapot Hat,TeapotHat,0,1,438,1,0,omg y is ur hed a teepawt???,9,1520984470,1520984470
209,70,439,5,5,1,2,bad furry,151cfc3fff07c303af0c4a77420307be,0,1,440,1,0,Shirt,NULL,1520984618,1520984618
210,52,441,0,0,0,2,183-catpage.png,713091e7709326ccf340989a9664a47d,0,1,442,0,1,Shirt,NULL,1520999810,1520999810
211,1,NULL,0,27,1,1,Lampshade,Lampshade,0,1,445,1,0,Q: How many GOODBLOX engineers does it take to screw in a lightbulb?,2,1521014175,1521014175
212,74,446,30,0,1,2,unnamed.jpg,29af4dce57263057d7805b38f93d5ffd,0,1,447,1,0,Shirt,NULL,1521059004,1521059004
213,70,448,0,0,0,2,venator.PNG,bd23a9099352d93723136fc7c07f2242,0,1,449,1,0,Shirt,NULL,1521065480,1521065480
214,40,450,0,0,0,2,oh hi lil dog bark burp Image,0d9cc53d63d6e90fc1d7d2f530835371,0,1,451,1,0,pet the good boye,NULL,1521069378,1521069378
215,64,452,0,0,0,2,roblox 2005 logo.png,7a79983441aefa6e3a3dfcbd0dda7f4d,0,1,453,1,0,Shirt,NULL,1521158846,1521158846
216,1,NULL,9,23,1,1,Lavender Baseball Cap,PurpleBaseballCap,0,1,456,1,0,This pink and lavender baseball cap has a picture of a pony on it! Who doesn't like ponies?,9,1521345913,1521345913
217,1,NULL,0,105,1,1,Headstack,Headstack,0,1,459,1,0,I thought they were done doing weird heads.,9,1521346281,1521346281
218,1,NULL,0,85,1,1,Headrow,Headrow,0,1,462,1,0,"The joke is really dead. No, really. It's really, really dead. Like a ghost, but deader. Yeah.",9,1521346619,1521346619
219,70,463,0,5,1,2,Old ,194017c361c99565a1c7747e7fdce407,0,1,464,1,0,shirt,NULL,1521385900,1521385900
220,70,465,0,10,1,2,Roblox forum mods ,39319d56152e136b194d2e2e40b427f0,0,1,466,1,0,t shirt I found online,NULL,1521386559,1521386559
221,32,467,10,5,1,2,Jurassic Park,835c0ebd5fea55ed40b76d9032248b2b,0,1,468,1,0,"ooo, very scary",NULL,1521482385,1521482385
222,30,469,0,0,0,2,mind control.jpg,8c31744ee08f41719b9748e421274123,0,1,470,1,0,Shirt,NULL,1521574780,1521574780
223,70,471,0,10,1,2,Jurassic Park TRANSPARENT ,80cedf9045167a2ed8ded41994d32056,0,1,472,1,0,better than Godzilla's,NULL,1521584166,1521584166
224,1,NULL,0,0,0,1,Blue Lightbulb,BluLightbulb,0,1,475,1,0,Shine a bright blue lightbulb over your head just like how K-Mart would do it.\r\n\r\nThis special GOODBLOX Hat was given to all participants of the Build and Design for GOODBLOX! Contest. Thank you for participating in this special event. ,9,1521593815,1521593815
225,75,476,0,0,0,2,error-sadPizza.png,b00399b1bc932beb09d238e6856f4947,0,1,477,1,0,Shirt,NULL,1521748934,1521748934
226,13,478,0,10,1,2,i'm with stupid.png,f0ca4e7cc82ecb2c4c7024bedc36fed7,0,1,479,1,0,Shirt,NULL,1521918124,1521918124
227,13,480,0,0,0,2,i'm with stupid.png,908329364bf7302bac501aee794de99c,0,1,481,0,1,Shirt,NULL,1521921475,1521921475
228,32,482,10,5,1,2,Dead fish,733a543dc7590fbcd0cff18d5113330a,0,1,483,1,0,Shirt,NULL,1522002690,1522002690
229,30,484,3,3,1,2,Mario,23e91e6907acdca0747c45c22d1c1ba9,0,1,485,1,0,The plumber of Nintendo!,NULL,1522062121,1522062121
230,16,486,0,0,0,2,Thinking_Face_Emoji.png,87187c7e0294b096cdc16851f50115f5,0,1,487,1,0,Shirt,NULL,1522346246,1522346246
231,61,488,0,0,0,2,Pirate T-Shirt,640a40e26caf4804bd78108c0a7e1251,0,1,489,1,0,Arr!,NULL,1523394646,1523394646
232,70,490,5,10,1,2,FF4 logo,d7c9467ae387af12e5d1758b99ac6b60,0,1,491,1,0,I saw an old roblox video and wanted to upload this lol,NULL,1523719274,1523719274
233,1,NULL,115,0,1,1,Red Stetson,RedStetson,0,1,494,1,0,"This wide brim stetson hat is ideal for outdoor adventure. Dyed a flamboyant red, this hat is suitable for mounties and British pop stars.",9,1524204023,1524204023
234,1,NULL,177,0,1,1,Tan Stetson,TanStetson,0,1,497,1,0,This military-grade Stetson hat is meant to be part of a uniform for calvary or rangers. Nothing inspires dread in the hearts of your enemies like a Stetson!,9,1524204356,1524204356
235,64,498,0,0,0,2,Original Roblox Shirt Graphic,7bf70e44cdf141311fb2a91b4cede940,0,1,499,1,0,Original Quality!,NULL,1525732507,1525732507
236,52,500,0,0,0,2,myshirtgoodblox.png,1dcd5ba2d71d48b023b1f16a7b8e61e5,0,1,501,1,0,Shirt,NULL,1526062554,1526062554
237,77,502,0,0,0,2,black-thunder-hi.png,db80db32f3b86ff704e05207ca5c2eb8,0,1,503,1,0,Shirt,NULL,1527488913,1527488913
238,70,504,5,10,1,2,Pirate,86c9e190a229345789f2e9356cccb9e7,0,1,505,1,0,Shirt,NULL,1529031151,1529031151
239,32,506,0,0,0,2,Bloxxer.png,e91f0b2f97d6c6eb3105a8ed5e8062b8,0,1,507,1,0,Nice (Good) Bloxxer shirt with alpha. Get good GOODBLOX street cred with this shirt.,NULL,1529700714,1529700714
240,32,508,0,0,0,2,Blue mario.png,d9641fbd484f61e931e7b9e0d9a9abc8,0,1,509,1,0,Shirt,NULL,1529706802,1529706802
241,16,510,0,0,0,2,oops.jpg,79fba1afb2c4506c24a0f1d1dc1993a6,1,1,511,1,1,Shirt,NULL,1529977830,1529977830
242,70,512,5,10,1,2,SUPERMAN!,fdec5e1bdac1eed8aa6c97dbede704cc,0,1,513,1,0,Shirt,NULL,1530032960,1530032960
243,26,514,0,0,0,2,""" haha daquan productions",b0f0bbbf1b4d3bfa0a2a9b1fc491901b,0,1,515,1,0,123,NULL,1530860047,1530860047
244,41,516,0,0,0,2,epik.png,61f543b247ecc0b721bff8d34009bb43,0,1,517,1,0,Shirtatta,NULL,1530916224,1530916224
245,32,518,0,0,0,2,konata.jpg,3fe1bd673e7e70749474e92d74f4c3b5,0,1,519,1,0,Shirt,NULL,1532201313,1532201313
246,26,520,0,0,0,2,angry moby,12deb6345c66182a1f4eabac6d0bf1c9,0,1,521,1,0,yes pls,NULL,1532455115,1532455115
247,1,NULL,700,0,1,1,Tiara,tiara,0,1,524,1,0,This silver tiara is made for the fashion-savvy girl (or boy?). Buy this tiara and be the next Statue of Liberty.,9,1532480279,1532480279
248,12,525,0,0,0,2,are.png,9953d7a5429c779f2300376d2d2e3606,0,1,526,1,0,Shirt,NULL,1532530373,1532530373
249,4,527,0,5,1,2,eeee.png,ed49b6eac840d12c10bab4e4e1fbe891,0,1,528,1,0,Shirt,NULL,1532553495,1532553495
250,26,529,0,0,0,2,me me irl.jpg,847f70165aeba8e816455b5eac67998d,0,1,530,0,0,Shirt,NULL,1532562581,1532562581
251,26,531,0,0,0,2,",74889d4e7a60a10abc1fa82a84e4b2b0,0,1,532,0,0,</textarea>,NULL,1532563286,1532563286

