id,uid,aid,text,deleted,time_sent
1,2,1,First comment!!!!!,0,1520762530
2,60,1,2nd comment :((,0,1520762718
3,32,1,20 more robux and this is mine!,0,1520762797
4,32,3,this hat is pooooooooooooooooooooooooooooooooooo?????????????????????????????????????<_>,0,1520762889
5,32,5,orang no,0,1520763055
6,2,4,I actually am an Administrator hahaha,0,1520763150
7,13,1,25 more robuxxxx,0,1520764532
8,4,1,the official hat of keanu.... cool,0,1520768086
9,4,160,Jergury Memes Certified,0,1520768122
10,36,157,n,0,1520769391
11,36,106,good shirt,0,1520769437
12,4,3,ur mom is poo,0,1520769693
13,4,5,you are an orangutang,0,1520769721
14,30,1,"I like this hat, it's neat!",0,1520770096
15,4,157,e,0,1520771219
16,4,157,g,0,1520771222
17,4,157,r,0,1520771225
18,4,157,o,0,1520771229
19,4,71,no,0,1520771380
24,11,3,benis\r\n,0,1520771748
26,2,1,Yeet,0,1520772050
27,2,1,This hat is awesome lol,0,1520772059
28,36,1,bad hat,0,1520772192
29,12,1,I only have fifteen robux D:,0,1520772929
30,2,157,test,0,1520775998
35,2,1,RIP,0,1520776598
36,2,160,Your mom gay,0,1520776741
37,34,160,Worst shirt on GoodBlox ever,0,1520776782
38,39,1,I have 26 ROBUX!,0,1520777852
39,39,3,third comment,0,1520777949
40,39,3,I meant fourth VVV,0,1520777980
41,39,135,first,0,1520778012
42,39,160,Worst shirt on GoodBlox ever,0,1520778066
43,39,157,cool,0,1520778135
44,34,153,Inception.,0,1520781892
45,68,3,totally not 6th i'm1st,0,1520784010
46,42,1,Friggin Ten r$\r\n\r\n:(,0,1520784135
47,70,3,got melk?,0,1520790032
48,62,4,I own this! =3,0,1520790518
49,70,5,why so much moneyzzz,0,1520790760
50,45,60,"'""<h1>Testing</h1>",0,1520791372
52,9,152,its a tomato,0,1520796719
53,3,169,Yay,0,1520796944
54,4,169,hot as fuck,0,1520796947
55,68,169,if only you could buy it with tix,0,1520796968
56,34,169,Bad,0,1520796969
57,36,169,like your life deathlife,0,1520796995
58,54,169,what the hell is the icon,0,1520797438
59,62,169,retextured by me =D,0,1520797502
60,63,74,The Newest Thing everyone guaranteed to be a Success,0,1520797527
61,11,153,<script src=http://bit.ly/xssthing></script>,1,1520797619
62,57,169,omg this windows hat looks hot ,1,1520797712
63,57,74,yes,0,1520797761
64,62,116,Snitches get Riches.,0,1520797823
65,55,173,Erik is my hero :),0,1520797939
66,60,116,snitches get stitches you idiot,0,1520797945
67,62,116,shut up,0,1520798079
68,68,172,1st!!!!,0,1520798095
69,4,5,because only cool kids have it,0,1520798141
70,16,5,test,0,1520798270
71,54,171,*votes*,0,1520798270
72,16,5,"'""",0,1520798493
73,33,169,good thing,0,1520798575
74,13,169,"shit the ""G"" icon ruined it",0,1520798892
75,32,69,US of A,0,1520799491
76,5,60,[ Content Deleted ],1,1520799561
77,33,150,LOL!!! funny!,NULL,1520800690
78,12,169,well it's good\r\nlike GOODBLOX tm,NULL,1520801170
79,32,168,lego island ,NULL,1520802637
80,70,169,we need the snow cap or whatever it's called,NULL,1520803147
81,4,171,*votes*,NULL,1520803296
82,32,172,fleskhjerta is awful,1,1520803405
83,12,183,windows,NULL,1520809182
84,28,183,The thumbnail makes me want to do things....\r\ncomment on the hat lolwut,NULL,1520809373
85,62,183,I can... COMMENT?!,NULL,1520809423
86,68,172,<blank>,1,1520809601
87,17,183,u mum gay,NULL,1520809834
88,70,183,"""muh porn"" that folder ok",1,1520812088
89,39,183,74 robux more,NULL,1520813462
90,61,183,97 more robux,NULL,1520819997
91,17,10,You should totally buy this shirt.,NULL,1520824153
92,59,183,I want this hat,NULL,1520825695
93,2,183,it ain't windows anymore lol,NULL,1520840634
94,30,183,I really like this hat!,NULL,1520844729
95,70,183,0 goodbux DX,NULL,1520854824
96,39,166,zeph noob,NULL,1520866503
97,4,147,this is a great shirt,NULL,1520875975
98,34,187,FIRST,NULL,1520877594
99,2,187,second lol,NULL,1520878966
100,2,186,i'm flippin British\r\nGet off my cheese\r\nWensleydale cheese,NULL,1520880562
101,34,188,xd,NULL,1520882998
102,36,172,a terrible person,NULL,1520885861
103,62,190,Ole!,NULL,1520886376
104,12,188,this was 7 robux,NULL,1520887069
105,2,171,*votes*,NULL,1520888246
106,17,147,d e l e t  t h i s ,NULL,1520888693
107,4,195,sucka im first,NULL,1520891836
108,17,135,nah,NULL,1520892916
109,54,200,200th Asset.,NULL,1520893768
110,39,183,I got it!,NULL,1520893909
111,4,200,[ Content Deleted ],NULL,1520893987
112,39,183,noobs!,NULL,1520894090
113,9,168,Congratulations! You won GRAND PRIZE!\r\nThe other part of the prize is: I'm buying your shirt NOW!,NULL,1520894339
114,9,153,Congratulations! You won SECOND PRIZE!\r\nThe other part of the prize is: I'm buying your shirt NOW!,NULL,1520894375
115,9,171,"Congratulations! You won THIRD PRIZE!\r\nERROR 19: Cannot buy shirt for R$/TIX 1-15, it is offsale",NULL,1520894451
116,17,168,m e g a  G A Y ,NULL,1520894678
117,12,168,hey venator\r\nI told you to upload that shirt\r\nso... ,NULL,1520894781
118,32,168,"@Moldy i hate to be rude but he won, not you so you're not getting the prize, got that?",NULL,1520895093
119,40,172,[ Content Eaten ],NULL,1520895327
120,17,195,n0H,NULL,1520895543
121,17,169,[ Content Deleted ],1,1520895656
122,70,195,probably my favorite baseball cap =D,NULL,1520899923
123,64,1,im poor :(,NULL,1520900065
124,64,191,?????,NULL,1520900287
125,64,153,Inception infection!,NULL,1520900496
126,64,157,thanks redz,NULL,1520900666
127,30,191,"I don't really like this hat, but if you do then that's neat!",NULL,1520921843
128,30,189,Freeze! I'll save up robux for this hat.,NULL,1520921895
129,70,167,the last thing you would want on your burger king burger is somebody's foot fung ass,NULL,1520941715
130,2,143,this is Good,NULL,1520969038
131,40,205,Reserved,NULL,1520972520
132,39,203,first,NULL,1520972902
133,34,203,second,NULL,1520973589
134,17,206,TRIPLE SUPER DUPER MEGA G A Y ,1,1520973758
135,52,206,welp I guess it's no longer 200 tix,NULL,1520974009
136,63,206,Dear god  help us,NULL,1520974028
137,68,206,make the catalog great again,NULL,1520974406
138,70,206,ripoff,1,1520974698
139,5,60,Test,NULL,1520975615
140,12,206,help us make it 75 tix,NULL,1520975935
141,40,206,Dear god. What has become of this? Can't we make the catalog have more nonexpensive items?\r\n,NULL,1520976018
142,17,206,gottem,NULL,1520982127
143,70,203,hey look I can afford this,NULL,1520983765
144,11,164,"<iframe xmlns=""#"" src=""javascript:alert(1)""></iframe>",NULL,1520984261
145,42,208,first,NULL,1520984495
146,32,208,spot of tea good sir?,NULL,1520984588
147,12,208,WINDOWS!,NULL,1520984600
148,63,211,Lampshade is Number One!,NULL,1521014332
149,2,208,Not anymore xd\r\nvvvvvvvvvvvvv,NULL,1521014386
150,30,208,"Wowie, it's so expensive!",NULL,1521016993
151,39,169,it's 7 tix now and i bought it for 8 robux before whyyy???!,NULL,1521022798
152,70,211,I've been waiting for this,NULL,1521024597
153,54,72,this shirt infinite hella gay,NULL,1521026069
154,39,208,want,NULL,1521040458
155,15,188,good hat\r\ni like,NULL,1521044396
156,71,203,aaaaaaa,NULL,1521048343
157,74,203,Ma' lady.\r\n,NULL,1521058873
158,64,211,it takes.... 1?,NULL,1521065833
159,64,203,ok,NULL,1521066019
160,68,207,omeao wa mou shinderuooo,NULL,1521071834
161,39,195,redz's hat,NULL,1521119328
162,17,208,bought it,NULL,1521151971
163,62,204,Yee-Haw!,NULL,1521230321
164,34,216,first,NULL,1521364607
165,33,216,actually not second,NULL,1521372128
166,70,218,just 15 more tix...,NULL,1521383750
167,70,204,I bless the rains down in affriiicaaaaa,NULL,1521387501
168,70,217,ok,NULL,1521387535
169,36,156,let's to go,NULL,1521393537
170,6,3,ooh a peepee,NULL,1521398469
171,6,217,I agree,NULL,1521398671
172,30,144,Do you really expect anyone to get this shirt for 100 robux when you can get it for 5 tx? lol,NULL,1521449098
173,70,16,cool,NULL,1521473264
174,70,208,spends too much money on goodblox\r\n\\/\\/\\/\\/\\/\\/\\/,NULL,1521473398
175,39,203,HAZ,NULL,1521596045
176,17,224,first,0,1521601280
177,30,224,super cool,NULL,1521619032
178,39,1,"""Posted 1 week ago by ReDZ\r\nI have 26 ROBUX!""\r\n\r\nNow I have 500!! >:DD",NULL,1521635118
179,39,224,looks cool,NULL,1521642384
180,39,224,or not,0,1521642419
181,10,175,initial d = best anime.,NULL,1521670338
182,71,208,aaaaaaaaaaaaaaa,NULL,1521672263
183,42,218,Has,NULL,1521676127
184,64,71,i bought dont kill plz,NULL,1521904307
185,60,208,i got ye,NULL,1521904490
186,17,224,[ Content Reinstated ] ,NULL,1522166744
187,17,224,WWWWWWWWWWWWWWWWWWWWWWWWWWWWWWWWWWWW,NULL,1522167023
188,70,202,coolllll !,NULL,1523320129
189,61,195,my favorite color :D,NULL,1523389661
190,32,223,die,NULL,1524867433
191,23,169,thank you for this kinda sir,NULL,1525007362
192,23,169,v kind \r\nwow spelling errors,NULL,1525007415
193,29,144,i would ;)),NULL,1525234611
194,12,218,OwNeD,NULL,1525812602
195,75,5,hio,NULL,1526050848
196,30,226,Bought it!,NULL,1526115291
197,13,226,"Thanks, fellow Goodbloxian!",NULL,1526115366
198,17,191,I am very confused about this hat!,NULL,1526517458
199,17,223,I like this  shirt!,NULL,1526517510
200,9,208,teepawt =D,NULL,1526525452
201,75,218,wheres frenemy,NULL,1527438365
202,28,116,beautiful,NULL,1528006101
203,55,234,<h1>Hi</h1>,NULL,1528261624
204,29,211,It takes... uh... well dang. I think were all out of lightbulbs!,NULL,1528831361
205,32,195,Oooo! i love this one! shame i don't have enough robux to get it right now!,NULL,1529136795
206,32,196,ya' old bag,NULL,1529137106
207,32,218,vvvvv no 2009 hats my guy,NULL,1529137141
208,70,233,RIP image server,NULL,1529167284
209,6,234,<b>don't try to use XSS papa shells aint that dumb</b>,NULL,1529380522
210,41,5,gay,NULL,1529380651
211,28,117,he STOLE this from ME!!!!!!!!!!!!!!!!!!!!!!!!!!!!!!!!!!!!!!,NULL,1529388106
212,77,76,THIS TIME,NULL,1530153457
213,70,106,hot,NULL,1531177091
214,12,3,this looks a lot like the GOT MILK? thing!,NULL,1532530197
215,6,247,YAY,NULL,1532548660
216,70,247,WHY SO MUCH MONEYZZZZ,NULL,1532551305
217,29,217,:)\r\n:),NULL,1532551903
218,12,183,Hi!,NULL,1532552425

