id,name,views,locked,available,cat_title,admin_only,description,creation_date
1,General Discussion,0,0,1,1,0,This is the place for conversations about all things GoodBlox. Posts not pertaining to GoodBlox will be mercilessly pruned by our crack squad of moderators.,1515956212
2,Creations Gallery,0,0,1,1,0,Discuss your GoodBlox creations and share the secrets of your success. Post requests for help building and scripting here.,1515956212
3,"Suggestions, Feedback, and Ideas",0,0,1,1,0,Do you have a suggestion for how to make GoodBlox better? Share your feedback here.,1515956212
4,Off Topic,0,0,1,1,0,Feel like talking about stuff other than GoodBlox? Post here.,1515956212
5,Building Help,0,0,1,2,0,"Learn the ins and outs of building structures in GoodBlox here! Share your techniques with other builders, discuss designs, and draft plans.",1515956569
6,Scripting Help,0,0,1,2,0,Need help with a script you are writing? Need to edit an existing script? Want to share your devious programming skills? For advanced GoodBlox users.,1515956569
7,Technical Problems and Bug Reports,0,0,1,2,0,Are you having trouble installing or upgrading GoodBlox? Account troubles? Website problems? Have you found a bug? Post here!,1515956569
8,Role-Playing,0,0,1,3,0,Does your GoodBloxian want to fly to the moon? Command a ship? Lay siege to a castle? Start a role-playing thread here.,1515956569
9,Rate My GoodBloxian,0,0,1,3,0,Show the world of GoodBlox your character. Get feedback on your outfit.,1515956569
10,Sports,0,0,1,4,0,Show off your GoodBlox athlete. Or just hang out with other GoodBlox fans.,1515957545
11,Music,0,0,1,4,0,Does your GoodBloxian rock? Let people know. Or just talk about your favorite bands.,1515957545
12,Movies/TV/Books,0,0,1,4,0,"Does your GoodBloxian belong on the silver screen, or in the pages of a novel? Show off your GoodBlox movie star, discuss your favorite TV series, films, and the books you love.",1515957597

