id,cat_id,topic_id,body,views,poster,post_ip,deleted,post_date,deletedby,allow_reply,deletedwhen
3,1,8,test,0,17,[ empty ],0,1519060076,NULL,1,NULL
4,1,8,no,0,36,[ empty ],0,1519060137,NULL,1,NULL
5,1,7,U MOM GAE,0,17,[ empty ],0,1519060153,NULL,1,NULL
6,1,7,no u,0,26,[ empty ],0,1519060170,NULL,1,NULL
7,1,7,I'm a sheep boi,0,2,[ empty ],0,1519060176,NULL,1,NULL
8,1,1,Yeet,0,2,[ empty ],0,1519060271,NULL,1,NULL
9,1,4,i'd like to do my own crap xd,0,2,[ empty ],0,1519062824,NULL,1,NULL
10,1,4,I want to play Thrillville aswell!,0,17,[ empty ],0,1519062841,NULL,1,NULL
11,1,4,some custom creations would be good for this revival.,0,39,[ empty ],0,1519071552,NULL,1,NULL
12,1,1,hi future noobs,0,39,[ empty ],0,1519073856,NULL,1,NULL
13,1,4,i would also love paintball and miked's labs!,0,32,[ empty ],0,1519074032,NULL,1,NULL
14,1,2,s t o p,0,23,[ empty ],0,1519074754,NULL,1,NULL
15,4,5,roblox,0,17,[ empty ],0,1519076323,NULL,1,NULL
16,4,5,nah not roblox- i dont really have a favorite game,0,17,[ empty ],0,1519076342,NULL,1,NULL
17,4,5,pokemon go,0,9,[ empty ],0,1519079422,NULL,1,NULL
18,1,1,#### ####### ## #### ######## ##### ### # ####### ### ####### ## ####,0,28,[ empty ],0,1519079725,NULL,1,NULL
19,1,7,lol,0,42,[ empty ],0,1519079818,NULL,1,NULL
20,1,10,wowieeee,0,30,[ empty ],0,1519124799,NULL,1,NULL
21,1,9,oh noes!,0,30,[ empty ],0,1519124807,NULL,1,NULL
22,1,7,doom,0,30,[ empty ],0,1519124818,NULL,1,NULL
23,1,12,I want to be one too!,0,39,[ empty ],0,1519156350,NULL,1,NULL
24,4,5,"I like playing gta san andreas multiplayer, also known as SA:MP",0,39,[ empty ],0,1519156537,NULL,1,NULL
25,1,1,sorry sir\r\nthis is a christian server\r\nNO SWEARING,0,12,[ empty ],0,1519158323,NULL,1,NULL
26,1,9,moohahaha!!!!!,0,29,[ empty ],0,1519165204,NULL,1,NULL
27,1,15,"I dunno man, anything you want :)",0,23,[ empty ],0,1519165411,NULL,1,NULL
28,1,15,add a tv and some houses for us to live in,0,30,[ empty ],0,1519215462,NULL,1,NULL
29,1,17,why does your char display an error?,0,42,[ empty ],0,1519231404,NULL,1,NULL
30,1,17,and I'm back. also that was because yesterday the thumbnail server died. lol,0,2,[ empty ],0,1519231565,NULL,1,NULL
31,1,17,aand I am almost home again,0,2,[ empty ],0,1519313575,NULL,1,NULL
32,4,5,i love me some dead rising\r\nand other games idk,0,30,[ empty ],0,1519321767,NULL,1,NULL
33,1,15,yeah! add some house and a tv so we can watch funny cat videos,0,12,[ empty ],0,1519335636,NULL,1,NULL
34,1,15,*HOUSES,0,12,[ empty ],0,1519335647,NULL,1,NULL
35,1,17,a,0,12,[ empty ],0,1519346585,NULL,1,NULL
36,1,17,no,0,17,[ empty ],0,1519350003,NULL,1,NULL
37,1,17,test post please ignore,0,16,[ empty ],0,1519422296,NULL,1,NULL
38,1,17,test 1234,0,2,[ empty ],0,1519427238,NULL,1,NULL
39,1,17,This site is cool :D,0,6,[ empty ],0,1519428715,NULL,1,NULL
40,1,21,Thanks.,0,2,[ empty ],0,1519460997,NULL,1,NULL
41,1,21,"Yes, it is a very well made website :D",0,34,[ empty ],0,1519486632,NULL,1,NULL
42,9,18,10 out of 10! I love super mario galaxy,0,39,[ empty ],0,1519499229,NULL,1,NULL
43,1,21,it is very well made\r\nhowever the bugs can be infuriating for the normal users as well as the staff,0,30,[ empty ],0,1519502181,NULL,1,NULL
44,1,21,That's why Beta exists.,0,2,[ empty ],0,1519557693,NULL,1,NULL
45,1,25,"the business men should spawn in a tower. the tower should have a basement and in the basement there would be a ultra weapon, like a paintball gun that shoots bombs.",0,12,[ empty ],0,1519567811,NULL,1,NULL
46,1,27,no,0,39,[ empty ],0,1519581535,NULL,1,NULL
47,1,27,no,0,39,[ empty ],0,1519581536,NULL,1,NULL
48,1,25,"i had the idea of them spawning in the tower (i made the tower already) but the basement..\r\nwhile it sounds neat, i cant really do it unless i spend a hour just adding the basement, let alone a paintball gun that shoots bombs.",0,30,[ empty ],0,1519584768,NULL,1,NULL
49,1,27,yes,0,56,[ empty ],0,1519594908,NULL,1,NULL
50,1,17,coolio\r\n=D,0,12,[ empty ],0,1519601703,NULL,1,NULL
51,1,28,I am fine and I like this game too.,0,30,[ empty ],0,1519627869,NULL,1,NULL
52,1,28,I like making progress on GoodBlox,0,2,[ empty ],0,1519659849,NULL,1,NULL
53,1,29,btw i am still open for suggestions as i will update the map,0,30,[ empty ],0,1519667888,NULL,1,NULL
54,1,29,looking good!,0,32,[ empty ],0,1519667922,NULL,1,NULL
55,1,28,bored,0,39,[ empty ],0,1519668331,NULL,1,NULL
56,1,29,you should put a link or something\r\n,0,12,[ empty ],0,1519681375,NULL,1,NULL
57,1,16,k xd,0,32,[ empty ],0,1519688693,NULL,1,NULL
58,1,11,no,0,32,[ empty ],0,1519688742,NULL,1,NULL
59,1,30,xd I finished everything so I'm just browsing GoodBlox,0,2,[ empty ],0,1519732342,NULL,1,NULL
60,1,30,cool,0,30,[ empty ],0,1519743844,NULL,1,NULL
61,1,29,a link?,0,30,[ empty ],0,1519743856,NULL,1,NULL
62,1,27,no,0,39,[ empty ],0,1519770652,NULL,1,NULL
63,1,25,Citizens should spawn in a street like grove st. (Grove Street from GTA SA)\r\n\r\nThe guns should be in houses.,0,39,[ empty ],0,1519770780,NULL,1,NULL
64,1,31,hi,0,30,[ empty ],0,1519844198,NULL,1,NULL
65,1,32,clap clap,0,30,[ empty ],0,1519844215,NULL,1,NULL
66,1,21,we should have a jerguy memes section,0,57,[ empty ],0,1519846444,NULL,1,NULL
67,1,32,opposite clap\r\n\r\n(palc palc)\r\n\r\nI'm sad so that's why.,0,12,[ empty ],0,1519854542,NULL,1,NULL
68,1,30,savage boi,0,57,[ empty ],0,1519864412,NULL,1,NULL
69,1,30,Lol now I'm in French class xd my school don't block GoodBlox lol,0,2,[ empty ],0,1519896726,NULL,1,NULL
70,1,15,thats a good idea! thx!111!\r\n\r\ni have one plan though too that I wanted to do and thats to add an sword fight arena!,0,29,[ empty ],0,1520024740,NULL,1,NULL
71,1,35,Who knows it might release later.,0,30,[ empty ],0,1520032161,NULL,1,NULL
72,1,31,eyy!,0,42,[ empty ],0,1520041466,NULL,1,NULL
73,1,35,My birthday is on 10 March... hope they will release a few days later :),0,34,[ empty ],0,1520056696,NULL,1,NULL
74,1,30,schools don't know goodblox exists,0,12,[ empty ],0,1520083482,NULL,1,NULL
75,1,35,waiting might be over soon!,0,12,[ empty ],0,1520083619,NULL,1,NULL
76,1,38,bump,0,30,[ empty ],0,1520170450,NULL,1,NULL
77,1,39,G'day,0,2,[ empty ],0,1520173952,NULL,1,NULL
78,1,39,g'day.,0,64,[ empty ],0,1520174460,NULL,1,NULL
79,4,5,Super Mario Bros. 3\r\non the N.E.S,0,63,[ empty ],0,1520188528,NULL,1,NULL
80,1,39,BEE!!!!!,0,56,[ empty ],0,1520189909,NULL,1,NULL
81,1,38,whose your favorite?\r\nbuilderman or telamon?,0,12,[ empty ],0,1520197901,NULL,1,NULL
82,9,41,Looks cool! what do you think of mine?,0,32,[ empty ],0,1520202508,NULL,1,NULL
83,9,41,10/10,0,39,[ empty ],0,1520202581,NULL,1,NULL
84,9,41,"@Godzilla America!!! =D 9/10, needs a flag!",0,62,[ empty ],0,1520202595,NULL,1,NULL
85,9,41,"What ya think of mine, even if it has an unfunny meme on it\r\n",0,63,[ empty ],0,1520202620,NULL,1,NULL
86,1,35,yay!\r\ni can't wait to play with you and other peeps :D,0,23,[ empty ],0,1520203596,NULL,1,NULL
87,1,39,Hio,0,57,[ empty ],0,1520212385,NULL,1,NULL
88,1,38,both are just as cool so i dont have a favorite,0,30,[ empty ],0,1520237623,NULL,1,NULL
89,1,39,heyo,0,30,[ empty ],0,1520238525,NULL,1,NULL
90,1,43,"everyone here is a great person, don't say that :)\r\nif you want a topic, we could talk about upcoming features.",0,30,[ empty ],0,1520239332,NULL,1,NULL
91,1,43,r\r\ne\r\np\r\no\r\nr\r\nt\r\ns,0,63,[ empty ],0,1520239380,NULL,1,NULL
92,2,40,hush child,0,63,[ empty ],0,1520239431,NULL,1,NULL
93,1,43,"ah yes, reports.\r\nkeanu said they are coming soon, i'm not sure when, but hopefully during beta.",0,30,[ empty ],0,1520239450,NULL,1,NULL
94,1,43,I want to see reports\r\nthan we can delet the bad people,0,63,[ empty ],0,1520239494,NULL,1,NULL
95,9,46,cool,0,30,[ empty ],0,1520269665,NULL,1,NULL
96,1,43,I want to delete the n00bs. >=D,0,62,[ empty ],0,1520285628,NULL,1,NULL
97,1,2,When you try your best but you don't succeeeeeed...,0,62,[ empty ],0,1520285677,NULL,1,NULL
98,1,38,am I a n00b? D=,0,62,[ empty ],0,1520285708,NULL,1,NULL
99,1,43,^^\r\ndon't delete me\r\nI'm not a noob\r\nI have the friendship badge!,0,12,[ empty ],0,1520286415,NULL,1,NULL
100,1,43,im new!\r\n,0,65,[ empty ],0,1520337714,NULL,1,NULL
101,1,43,owen123 is my irl friend :)\r\ngave him a beta key in school lol,0,2,[ empty ],0,1520337833,NULL,1,NULL
102,1,45,one more and i'm getting the badge!,0,39,[ empty ],0,1520341477,NULL,1,NULL
103,1,45,"I did it, Friendship badge!",0,39,[ empty ],0,1520358003,NULL,1,NULL
104,4,42,ok ty,0,39,[ empty ],0,1520433937,NULL,1,NULL
105,12,44,Have you watched TMNT 2007? That Movie is amazing!,0,39,[ empty ],0,1520433993,NULL,1,NULL
106,9,48,classy and cool,0,39,[ empty ],0,1520434011,NULL,1,NULL
107,1,38,maybe,0,4,[ empty ],0,1520455350,NULL,1,NULL
108,1,7,TEAPOTS WHERe,0,9,[ empty ],0,1520462458,NULL,1,NULL
109,1,49,why,0,11,[ empty ],0,1520565699,NULL,1,NULL
110,1,50,ROOT,0,40,[ empty ],0,1520700004,NULL,1,NULL
111,9,13,Are you a ninja turtle?,0,40,[ empty ],0,1520700161,NULL,1,NULL
112,9,51,"from 1 to 10 i mean, lol.",0,64,[ empty ],0,1520700335,NULL,1,NULL
113,1,38,How many dogs can i pet at once?,0,40,[ empty ],0,1520700364,NULL,1,NULL
114,1,39,ZEPH!!!!!,0,64,[ empty ],0,1520700910,NULL,1,NULL
115,1,35,yey!,0,68,[ empty ],0,1520701877,NULL,1,NULL
116,1,39,EEEE,0,56,[ empty ],0,1520704720,NULL,1,NULL
117,4,42,@ReDZ\r\nno problem me cool boi,0,23,[ empty ],0,1520710045,NULL,1,NULL
118,1,38,Can i blox you?,0,68,[ empty ],0,1520743646,NULL,1,NULL
119,1,38,I bet I'D blox you first >:D,0,12,[ empty ],0,1520773162,NULL,1,NULL
120,1,36,"Hello, Death life!",0,57,[ empty ],0,1520797856,NULL,1,NULL
121,1,55,swing your arms from side to side\r\ncome on everyone let's do the mario!\r\njjjjuussst llllliiikkkeeee thaaaatt\r\n,0,12,[ empty ],0,1520801357,NULL,1,NULL
122,1,55,"Obey weegee, Destroy mario!",0,32,[ empty ],0,1520802421,NULL,1,NULL
123,1,56,lmao meeee,0,70,[ empty ],0,1520802714,NULL,1,NULL
124,1,38,will we need to buy Builders Club?,0,70,[ empty ],0,1520802832,NULL,1,NULL
125,9,54,0.9/10\r\njk\r\n7.5/10,0,4,[ empty ],0,1520802897,NULL,1,NULL
126,9,54,I'd give it a 4,0,60,[ empty ],0,1520802899,NULL,1,NULL
127,9,54,you now work for the lego island gas station ,0,32,[ empty ],0,1520802906,NULL,1,NULL
128,1,38,hui builderman ples donate me 77 robuks so i can buy the purple hat!!!!!,0,39,[ empty ],0,1520866247,NULL,1,NULL
129,1,119,sky,0,32,[ empty ],0,1520873371,NULL,1,NULL
130,1,138,sky,0,32,[ empty ],0,1520873593,NULL,1,NULL
131,11,14,they're terrible,0,36,[ empty ],0,1520876297,NULL,1,NULL
132,1,57,"good question, i have no idea D:",0,68,[ empty ],0,1520971505,NULL,1,NULL
133,1,57,*scottish accent*\r\nOOOOOOOH OH HOHO OOOOOOOOOOOOOOOOOOOOOOOOOOH OH OH HOOOOOOOOOOOOOOOOOOOOOOOOOOOOOOOOOO YEAH HOHOHO HO \r\nawnser is above,0,40,[ empty ],0,1520971613,NULL,1,NULL
134,1,61,no.,0,40,[ empty ],0,1520971731,NULL,1,NULL
135,1,56,*irish accent*\r\nOOOH WE HAVE COME TO TAKE OVER THE LAND,0,40,[ empty ],0,1520971927,NULL,1,NULL
136,1,29,A download for the rbxl file of the game,0,12,[ empty ],0,1520974726,NULL,1,NULL
137,1,63,Goodblox - Not good prices\r\n\r\n\r\n\r\nGOOD PRICES OR RIOT,0,63,[ empty ],0,1520974918,NULL,1,NULL
138,1,3,hey im a hackerman,0,71,[ empty ],0,1520976405,NULL,1,NULL
139,1,3,a,0,71,[ empty ],0,1520976536,NULL,1,NULL
140,1,3,cloud,0,32,[ empty ],0,1520976553,NULL,1,NULL
141,1,3,n,0,71,[ empty ],0,1520976638,NULL,1,NULL
142,1,38,when is the catalog gonna be great again,0,68,[ empty ],0,1520976659,NULL,1,NULL
143,1,3,hey I don't care h,0,11,[ empty ],0,1520976661,NULL,1,NULL
144,5,58,you're a loser,0,36,[ empty ],0,1520977486,NULL,1,NULL
145,11,14,In The End is a pretty good song,0,40,[ empty ],0,1520977547,NULL,1,NULL
146,2,40,Jegurey,0,40,[ empty ],0,1520977638,NULL,1,NULL
147,1,63,I agree,0,12,[ empty ],0,1520983303,NULL,1,NULL
148,1,67,test h,0,11,[ empty ],0,1520983785,NULL,1,NULL
149,9,62,on a scale of 1 - 20\r\n+20,0,63,[ empty ],0,1520983876,NULL,1,NULL
150,1,63,these are the original prices aaaa,0,30,[ empty ],0,1521022025,NULL,1,NULL
151,1,65,No comrade.,0,40,[ empty ],0,1521037571,NULL,1,NULL
152,1,70,aaaaaaaaaa,0,71,[ empty ],0,1521062373,NULL,1,NULL
153,1,71,stop.,0,39,[ empty ],0,1521067057,NULL,1,NULL
154,3,64,we wil giv bac da bux yo,0,40,[ empty ],0,1521069298,NULL,1,NULL
155,4,5,Blockland,0,40,[ empty ],0,1521070051,NULL,1,NULL
156,3,64,yo,0,60,[ empty ],0,1521090947,NULL,1,NULL
157,3,64,stop whining about the prices,0,30,[ empty ],0,1521094463,NULL,1,NULL
158,3,64,no lol\r\n\r\ni wont stop lmao,0,57,[ empty ],0,1521241476,NULL,1,NULL
159,9,72,very cool,0,30,[ empty ],0,1521275829,NULL,1,NULL
160,1,73,h,0,70,[ empty ],0,1521301451,NULL,1,NULL
161,1,73,idk why ur head is a teepawt ,0,12,[ empty ],0,1521385081,NULL,1,NULL
162,11,68,kids game,0,36,[ empty ],0,1521387561,NULL,1,NULL
163,1,74,penis,0,71,[ empty ],0,1521398673,NULL,1,NULL
164,1,74,o lmao,0,70,[ empty ],0,1521398958,NULL,1,NULL
165,1,75,"same, but I don't think they even started dev of that ",0,70,[ empty ],0,1521458799,NULL,1,NULL
166,1,75,we're polishing the website and then we will start work on games after we've finished the last feature: reports,0,2,[ empty ],0,1521475114,NULL,1,NULL
167,1,77,Chicken fat,0,3,[ empty ],0,1521475819,NULL,1,NULL
168,1,38,poop,0,3,[ empty ],0,1521475964,NULL,1,NULL
169,1,77,test,0,45,[ empty ],0,1521480807,NULL,1,NULL
170,1,57,it's gonna be December 2007,0,2,[ empty ],0,1521481788,NULL,1,NULL
171,1,79,yes i do,0,30,[ empty ],0,1521541137,NULL,1,NULL
172,1,79,thank you,0,70,[ empty ],0,1521545713,NULL,1,NULL
173,1,79,thank you good sir,0,12,[ empty ],0,1521845133,NULL,1,NULL
174,1,81,oh noes,0,30,[ empty ],0,1521912468,NULL,1,NULL
175,11,14,In The End is my favorite song,0,12,[ empty ],0,1521996437,NULL,1,NULL
176,1,83,"army helmet\r\n\r\nBluesteel crown, helmet\r\n\r\nsatellite dish\r\n\r\nstage prop\r\n\r\nbook hats\r\n\r\nfirefighter helmet",0,70,[ empty ],0,1522150179,NULL,1,NULL
177,1,83,I'd suggest Game Input Device and Screw.,0,30,[ empty ],0,1522154998,NULL,1,NULL
178,1,83,"""Bluesteel crown""\r\n""""Bluesteel crown""""\r\n""""""""""""""Bluesteel crown""""""""""""""\r\n\r\n\r\nB L U E S T E E L      C R O W N\r\n\r\n\r\n\r\n       B I G     F A T      N O",0,39,[ empty ],0,1522177735,NULL,1,NULL
179,11,84,honestly beverly hills isn't that good of a song,0,76,[ empty ],0,1522262582,NULL,1,NULL
180,1,38,when will games come out?,0,29,[ empty ],0,1522359811,NULL,1,NULL
181,1,57,Why will it be December?,0,68,[ empty ],0,1522524124,NULL,1,NULL
182,1,57,It will be December mostly because all hat assets would be uploaded (i'm guessing :p),0,62,[ empty ],0,1522698904,NULL,1,NULL
183,1,86,Why,0,30,[ empty ],0,1523865887,NULL,1,NULL
184,1,86,leave,0,56,[ empty ],0,1523884161,NULL,1,NULL
185,1,88,non,0,30,[ empty ],0,1525511588,NULL,1,NULL
186,1,88,kh,0,70,[ empty ],0,1525952190,NULL,1,NULL
187,1,89,Do you realize they can read the forums?\r\noof,0,34,[ empty ],0,1526043452,NULL,1,NULL
188,1,38,9 years later:\r\n\r\n\r\nStill no reply from builderman,0,34,[ empty ],0,1526043567,NULL,1,NULL
189,1,89,yes,0,30,[ empty ],0,1526058131,NULL,1,NULL
190,1,89,me,0,13,[ empty ],0,1526115683,NULL,1,NULL
191,1,89,no one,0,36,[ empty ],0,1526138371,NULL,1,NULL
192,1,89,Delete your account,0,30,[ empty ],0,1526149560,NULL,1,NULL
193,1,89,ok,0,3,190.80.8.25,0,1526221454,NULL,1,NULL
194,11,84,pinkerton is a good album\r\n,0,40,156.34.160.174,0,1526257707,NULL,1,NULL
195,1,89,yeah,0,56,86.89.251.132,0,1526273402,NULL,1,NULL
196,1,90,g,0,30,87.49.191.196,0,1526649895,NULL,1,NULL
197,1,90,g,0,56,86.89.251.132,0,1526733048,NULL,1,NULL
198,1,90,c,0,4,98.185.18.44,0,1526825128,NULL,1,NULL
199,1,91,yeah,0,30,87.49.191.196,0,1527093131,NULL,1,NULL
200,1,92,eggs,0,23,173.25.66.70,0,1527208220,NULL,1,NULL
201,1,91,ok,0,12,24.154.181.127,0,1527283051,NULL,1,NULL
202,1,38,Do you like chicken nuggets?,0,32,2.127.44.104,0,1527602855,NULL,1,NULL
203,1,94,o,0,30,87.49.191.196,0,1527707049,NULL,1,NULL
204,1,95,<3,0,62,72.187.209.89,0,1528099924,NULL,1,NULL
205,1,95,<h1>despacito</h1>,0,55,73.57.233.199,0,1528261661,NULL,1,NULL
206,1,95,H,0,30,80.198.89.90,0,1528268454,NULL,1,NULL
207,1,97,why,0,30,87.49.191.196,0,1528614820,NULL,1,NULL
208,1,98,no respec,0,62,72.187.209.89,0,1528760010,NULL,1,NULL
209,1,38,how long until games?,0,12,24.154.181.127,0,1528824213,NULL,1,NULL
210,1,38,Can we egg yet?,0,29,68.186.244.251,0,1528831414,NULL,1,NULL
211,1,103,yes u can,0,28,47.158.3.156,0,1529088426,NULL,1,NULL
212,1,103,no i cannot!!!,0,56,86.89.251.132,0,1529144138,NULL,1,NULL
213,1,106,more like delayed,0,70,108.216.91.24,0,1529361746,NULL,1,NULL
214,1,106,download when,0,56,86.89.251.132,0,1529438895,NULL,1,NULL
215,1,109,was a big gay,0,6,24.196.12.38,0,1529541898,NULL,1,NULL
216,1,109,who went to a gay rights convention one day...,0,70,108.216.91.24,0,1529542002,NULL,1,NULL
217,1,110,they aren't,0,70,108.216.91.24,0,1529884973,NULL,1,NULL
218,1,109,and was a furry,0,28,47.158.3.156,0,1530080130,NULL,1,NULL
219,1,109,he said,0,77,24.14.221.188,0,1530160990,NULL,1,NULL
220,1,109,my fursona is a gay man,0,70,108.216.91.24,0,1530317511,NULL,1,NULL
221,1,112,no,0,56,86.89.251.132,0,1530384729,NULL,1,NULL
222,1,112,no sadly try again,0,30,87.49.191.196,0,1530423769,NULL,1,NULL
223,1,113,except they are out already?,0,30,87.49.191.196,0,1530514247,NULL,1,NULL
224,1,108,me,0,56,86.89.251.132,0,1530790977,NULL,1,NULL
225,1,108,harder ;),0,12,24.154.181.127,0,1530818842,NULL,1,NULL
226,1,38,yes,0,0,192.119.164.141,0,1530839738,NULL,1,NULL
227,1,38,it's 1002 give me beta key!!!!!!!,0,0,192.119.164.141,0,1530839800,NULL,1,NULL
228,1,38,<h1>does this work</h1>,0,0,192.119.164.141,0,1530840339,NULL,1,NULL
229,1,38,NULL,0,0,192.119.164.141,0,1530840446,NULL,1,NULL
230,1,38,i am the oldest user on dynamica xd!!!,0,0,192.119.164.141,0,1530840537,NULL,1,NULL
231,1,114,Lol gay,0,41,73.94.83.240,0,1530914973,NULL,1,NULL
232,1,115,Hello world!,0,56,86.89.251.132,0,1530995273,NULL,1,NULL
233,1,113,You can get the DOWNLOAD on the community server.\r\nI'm not sure if the link is still up but you might be able to get it.,0,29,68.186.244.129,0,1531082321,NULL,1,NULL
234,1,116,ok,0,56,86.89.251.132,0,1531154837,NULL,1,NULL
235,1,116,o ok,0,70,108.216.91.24,0,1531177436,NULL,1,NULL
236,1,117,okay eats a lemo,0,56,86.89.251.132,0,1531329929,NULL,1,NULL
237,1,107,62,0,28,47.158.3.156,0,1531517317,NULL,1,NULL
238,1,107,lol ok,0,56,86.89.251.132,0,1531574049,NULL,1,NULL
239,1,38,whoops i said dynamica i meant goodblox,0,0,96.241.72.62,0,1531594444,NULL,1,NULL
240,1,118,Subject:\tgeneric thread\r\nMessage:\twhere is my beta key,0,56,86.89.251.132,0,1531753867,NULL,1,NULL
241,1,121,spa,0,70,108.216.91.24,0,1532279790,NULL,1,NULL
242,1,121,cito,0,56,86.89.251.132,0,1532287902,NULL,1,NULL
243,1,38,lol hi nubz xd,0,12,24.154.115.197,0,1532287973,NULL,1,NULL
244,1,120,and this thing being the tapwave zodiac,0,30,87.49.191.196,0,1532351554,NULL,1,NULL
245,1,109,and i played obby for succ,0,12,24.154.181.127,0,1532437429,NULL,1,NULL
246,1,109,and he died of gay,0,70,108.216.91.24,0,1532452084,NULL,1,NULL
247,1,109,the end,0,12,24.154.181.127,0,1532529641,NULL,1,NULL
248,1,109,what the fuck,0,3,190.80.34.213,0,1532541610,NULL,1,NULL
249,1,125,yes,0,70,108.216.91.24,0,1532551468,NULL,1,NULL

