id,uid,sid,msg,subject,time_sent
40,24,12,<blank>,Friend Request,1518912162
320,25,12,<blank>,Friend Request,1518915638
436,25,13,<blank>,Friend Request,1518950189
437,24,13,PLS ACEPT MY FREND REQEST OMGGG!,PLS ACEPT,1518950332
438,22,13,PLESE ACEPT !,PLS,1518950360
439,19,13,<blank>,Friend Request,1518950385
443,7,13,<blank>,Friend Request,1518950497
460,34,36,can you be my friend??,Friend Request,1518955126
480,34,30,<blank>,Friend Request,1518956626
506,24,12,<blank>,Friend Request,1518983524
507,25,12,<blank>,Friend Request,1518983602
523,19,32,h,Friend Request,1518987809
527,24,12,<blank>,Friend Request,1518995383
534,22,30,<blank>,Friend Request,1519032223
535,25,30,<blank>,Friend Request,1519032410
536,24,30,<blank>,Friend Request,1519037242
537,51,30,<blank>,Friend Request,1519055179
541,51,32,oh,Friend Request,1519057292
548,22,32,i has a bucket,Friend Request,1519072693
549,25,32,Space,Friend Request,1519072818
550,24,32,telaphone,Friend Request,1519072944
562,7,31,SYS_SYNTAX:ERROR - 13,Friend Request,1519091289
564,24,17,<blank>,Friend Request,1519091683
567,16,31,SYS_SYNTAX:ERROR - 13,Friend Request,1519092435
569,35,31,SYS_SYNTAX:ERROR - 13,Friend Request,1519092693
570,34,31,SYS_SYNTAX:ERROR - 13,Friend Request,1519100219
576,25,31,SYS_SYNTAX:ERROR - 13,Friend Request,1519101348
577,24,31,SYS_SYNTAX:ERROR - 13\r\nNot Friends with this User - Manual Friend Request,Friend Request,1519102012
579,22,31,SYS_SYNTAX:ERROR - 13\r\nNot Friends with this User - Manual Friend Request,Friend Request,1519102864
582,19,31,SYS_SYNTAX:ERROR - 13\r\nNot Friends with this User - Manual Friend Request,Friend Request,1519103179
593,16,29,<blank>,u r de cools,1519165489
594,19,30,<blank>,Friend Request,1519215242
596,24,39,hiii,Friend Request,1519238108
597,22,39,<blank>,Friend Request,1519238186
600,43,30,<blank>,Friend Request,1519321799
613,7,2,boi\r\nyou need friends,Friend Request,1519406073
628,21,56,h,Friend Request,1519655584
634,14,2,Accept me,Friend Request,1519669114
636,21,30,k,Friend Request,1519735466
640,22,17,<blank>,Friend Request,1519918095
648,35,2,Boi,Friend Request,1520083098
664,14,63,Ayyy God its me BestDudeYes / Blued\r\nfrom finobe!,Friend Request,1520185432
669,16,62,khangaroo be my friend please,Friend Request,1520195828
691,34,62,yo frend pls?,Friend Request,1520218847
692,35,62,please friend obby?,Friend Request,1520218920
701,34,63,p l s,Friend Request,1520243457
712,38,56,<blank>,Friend Request,1520346626
713,43,56,<blank>,Friend Request,1520346695
715,65,32,h,Friend Request,1520358006
718,43,32,h,Friend Request,1520362093
719,34,56,<blank>,Friend Request,1520364387
721,16,9,<blank>,Friend Request,1520403089
735,25,50,<blank>,Friend Request,1520674798
738,43,64,<blank>,Friend Request,1520695385
739,65,64,<blank>,Friend Request,1520695667
749,65,12,<blank>,Friend Request,1520728274
751,25,10,<blank>,Friend Request,1520762894
778,11,70,<blank>,Friend Request,1520814752
781,34,70,<blank>,Friend Request,1520868335
783,14,70,<blank>,Friend Request,1520868604
792,43,59,<blank>,Friend Request,1520925025
797,19,70,<blank>,Friend Request,1520970832
809,73,2,Hello!!!!!!!!!!!!!!!!,Friend Request,1521048187
810,45,68,<blank>,Friend Request,1521062845
811,71,32,h,Friend Request,1521100697
814,1,75,wus poppin,Friend Request,1521138530
815,71,54,<blank>,Friend Request,1521228583
818,5,12,<blank>,Friend Request,1521385368
819,71,6,<blank>,Friend Request,1521398394
821,11,32,h,Friend Request,1521401768
824,2,74,<blank>,Friend Request,1521510349
825,45,56,<blank>,Friend Request,1521532646
827,43,71,your mom Gay,Friend Request,1521672194
831,38,32,fat,Friend Request,1521904553
832,1,28,NobleReign would like to OOF.,OOF Request,1521908271
841,9,68,<blank>,Friend Request,1522869709
842,1,40,hi.,Friend Request,1523148027
846,14,64,hello god,Friend Request,1525732201
847,75,32,no u,Friend Request,1526487386
848,35,17,I love your username!,Friend Request,1526517552
849,68,56,<blank>,Friend Request,1527011852
854,3,70,accept it aaaa,Friend Request,1529527898
855,1,20,<blank>,Friend Request,1529883488
856,1,77,<blank>,Friend Request,1530153412
858,1,76,pp?,Friend Request,1530718195
859,1,41,test,Friend Request,1530914772
861,41,56,<blank>,Friend Request,1531002117
862,35,32,a,Friend Request,1531656462
863,3,32,you are good yes,Friend Request,1531656576
867,20,32,e,Friend Request,1532554910

