id,gone,name,descr,asset,access,creator,copylocked,maxPlayers,moderatedBy,last_updated,when_created
1,0,Crossroads,Battle against your friends and other players in this epic map! A great classic game from the early days of ROBLOX.,678,0,1,0,8,NULL,1526816382,1526816382
2,0,Chaos Canyon,Battle eachother to the death in Chaos Canyon! Fight with multiple weapons! A great classic game from old ROBLOX!,0,0,1,0,8,NULL,1529359342,1529359342
3,0,Destory the TALL Doomspire,No description provided,0,0,1,0,8,NULL,1529359342,1529359342
4,0,Community Construction,Build anything you want with other players!,0,0,1,0,8,NULL,1529359342,1529359342
5,0,Sword Fights on the Heights I,The original sword fights classic! Battle against other players in this arena!,0,0,1,0,8,NULL,1529359342,1529359342
6,0,Extreme Four Corners,Try not to get blown up by the chosen one!,0,0,1,0,8,NULL,1529359342,1529359342
7,0,Bread Factory Tycoon,Make as much bread as you can to get rich!,0,0,1,0,8,NULL,1529359342,1529359342
8,0,Rocket Arena,No description provided,0,0,1,0,8,NULL,1529359342,1529359342
9,0,Glass Houses,Fight against each other on teams in this brick battle place!,0,0,1,0,8,NULL,1529359342,1529359342
10,0,Sword Heights on the Fights II,"Fight against your friends, and maybe even your family in this epic game!",0,0,1,0,8,NULL,1529359342,1529359342

