id,startgametokenid,used,token,whenCreated
1,2,1,6Di3RLP7yX2MBjDJ6yE1f6YmTZrpMbVS,1529246464
2,3,1,FATh4NkeN8ABrOK5qqXgzWleg3r2KEfo,1529246541
3,2,1,FIqcvEJ9RIJjVTnfJDuipH7pHEKOzosr,1529247528
4,3,1,zlpOchtV8llYccQXNKozkiCfPc2wvIz8,1529276691
5,2,1,a1aZHxiH84bytDtXGv9C4mXi8bwaWi0t,1529278257
6,3,1,qjSkutWYjvbylSjO9URKYkjP8IS9UI9k,1529279289
7,2,1,TGYIS79pVTXkEvxABTJ3Jztiqy4aYYdy,1529279333
8,2,1,KNB98Kf26huzaAyEyutcdWNAUMiHDamR,1529279512
9,2,1,vfnU3AXSSmTVHLziinpoRr6k9MtBVxrC,1529279736
10,2,1,Y6EuTAJMRGrR7epVGEq85co0ZJqG2RgN,1529279801
11,4,1,Ef1AIEZW91bbOdFElEZnHqm1fQNhyJWw,1529280103
12,6,1,STjIZsxapHyZX1fIhrHzCxb7Nycuqi3A,1529280518
13,7,0,hNFBEOGOCCoSQ3fSg8lpmI8XqSRjLA7Q,1529280654
14,10,1,zbW6Zg7LwfNRmhZuQxEXpTzfg4WTkPih,1529281356
15,12,1,mx4lqwoheYVyxFWocMOKcBSNGWvcJWhe,1529281503
16,14,1,bedmrRljGJZ5HT9r8vZZpZQnFbYRexF8,1529283305
17,17,1,kqpOpik4WU1tFjIkG6SicU7WQyK2qFOf,1529284381
18,23,0,nsJjWxcPXxmbcXb0EQvZAiFdJVqLEANG,1529323120
19,25,0,88WFlSOwuGGjylm5IctQz8b43urvAOIa,1529323239
20,29,1,1vl06RP4eG24ATV8MDxxxF6SO4lbveqC,1529350733
21,32,1,ZJSG3vjLpwCmWwb05fKvxd9SeypM0uy6,1529351413
22,34,1,HEWlIvCY1i1CiezEPBvl3RiFgSvPxfWw,1529364212
23,38,1,xCwoHHPgM6uKibny6y686FER9n9Ysc87,1529364268
24,41,1,JVU5WyvgtEpGzx36Xq5ZZeVUFdQc23cM,1529364282
25,42,1,jpOpfzeIQwFpMBXBsoL3McSi6iYsVKY7,1529364285
26,48,1,q6QQJKad2uvs8qxOm1lPGxSDY632Ub90,1529364361
27,50,1,cQx2nUtmm7Bn0PTF64NAeZprtcR69LNF,1529364366
28,51,1,VQbHXRS4xRcTTWcXEr7Vz5CnHGuf3IQz,1529364392
29,52,1,t5wJA9ttqZzJJDcNw6lI0RQwUKSrxmTe,1529364404
30,53,1,wYz6fyLgLzokpU8K9Y6r9DRaBDB0lHLW,1529364416
31,54,1,sOvApNFuvYMc0cSuS7M6KQ89M2JYQFJW,1529364425
32,57,1,EuKOiuJohFe9C06UPikMxIJF9He1QEqq,1529364491
33,59,1,sKj0VHFUD9LLDHJHx3ewAgVp1yyzv1Cz,1529364517
34,61,1,hBKabRIjhenfTg3AJUbPwe41GBwfP3QX,1529364523
35,62,1,WQiFAVWPGCszl6UFBICWscDTOd9DZzdW,1529364525
36,3,1,np2J9fTvfK3QIUfklnVsQBRyU6XviF5i,1529364609
37,4,1,VvZWifOfLp8Hyuqsz9NpswOuxiLXRkPY,1529364634
38,9,1,DqTlnHqXpqxPCIFTz39Q4dLyyuOGhnqF,1529364744
39,15,1,EyyIf6kgqHgeVANkVZEOx9GfqP4zNQiw,1529364927
40,18,1,baaFYMxEwvr6Yciu1POHY2QllzAinkQQ,1529365049
41,20,1,P5wfMOTAKXp5hmLEVgcQpupX7lXVBA6E,1529365116
42,8,0,g8N7EyASYtSBrDhlIDkEkiRgomYK4w9p,1529365262
43,5,0,SuIbd3D7uNUhLY6kHpmnj6PmZN2REtAr,1529365262
44,26,1,mW0cg8U2Qs8VSwYi0FHZ70oWviL1SQOI,1529365373
45,28,1,1XBA8BMrWbC1peye44cgrgh7iJh9EPP6,1529365451
46,32,1,9K4wwwtvhTVC9xZVoJfYLFb4zBfD0dOT,1529365491
47,35,1,pBKeJQdwL49ue2q2x8CaCBsuMq9ZJ2rY,1529365509
48,37,1,fkrfkki6aWMKlonHp1sTI1wYdVBDomd8,1529365519
49,38,1,66VHYfJkPxYIIcXbkfLHcHbyE3yTGh4I,1529365530
50,40,1,isNgVEyk6LKbKKKDsReqvKJuKypHiPS0,1529365556
51,41,1,9RE2tPgl5SZiN6QqUiHUx2pZq00g1yly,1529365564
52,44,1,7KSpel4KAqjC6j4e83Fhvfz17R8oxDhm,1529365609
53,48,1,C6LdxkKpfBHE0yF8Dy6Aw4BKs1Fn9aP6,1529365616
54,47,1,yvEfN2QM1HWB5R0VPoNO6ZsZUsSiuyQb,1529365617
55,49,1,80Hpnyxwiu4ZNpVzMgiHt50Jfot3vsOp,1529365631
56,52,1,ejo11681hAtBlyz91qiaWL75Jz4ZEFsO,1529365671
57,55,1,55ZYqPwAoTioqfgD0RgzY5KmfdEucQ9A,1529365708
58,57,1,ns9tghehrrfyQTMT3Wsms6o8UcvM4y5C,1529365760
59,60,1,3Nrh1b0YdufhgNKSYExwYCLN5R77fd52,1529365788
60,66,1,673MVrck61Ej00awsHqxxr0lYiTFq4fR,1529365904
61,68,1,3a1VM1Qn7ptabmKFXyk5YA0l2Ey58q4W,1529365934
62,70,1,7NqK0cMPrwek71bYDAXKcKSWi8p29Ur7,1529366604
63,3,1,hnLAB8SXHeRZmaAV2BuW1qNKClu49ssh,1529367264
64,15,1,kVpj6lU1nvEEXcHsRVgK3hjVyZht51YH,1529368393
65,17,1,lg6sHLo1Ib5XPXp5mfyPBsFfCzFZ3Cmn,1529368443
66,19,1,OffDZ7klfKNhoKXWFAqkpb432pEMI18K,1529368535
67,21,1,AtsvRF79DLPo9wOlksv4NnXktlSYGtFW,1529368630
68,22,1,BVS19XPQ6rHIkGWBn9VzpLbBPOlLyIxd,1529368697
69,23,1,yCM75GJvlmg6Vr8RpLJtsHuUZ2mywj7E,1529368708
70,28,1,uTPD2WdgkwQhrnQvovOcp6ODKonynHkA,1529368767
71,30,1,g0TsAzjs0rJzAKecGAHLKodnEzDbZ2GF,1529368853
72,34,0,IQPlvle32ht1owcF0WS0GPl3$ltRVw,1529368865
73,41,1,YplR310d7pFDq8GnXngSqhA12zZ2CO20,1529368884
74,42,1,TNvpNOsmYN4VGQjOkjIYk8VJKEqocSC3,1529368885
75,43,1,6ZKBlnuNuaHIi6IRNJlJRWp3nrMGuoyP,1529368917
76,45,1,1Gd8lhBeMudVPCLhk47rv2x84TUw0XTn,1529368936
77,48,1,DIydsZtcY7t4tDQg6u0Y07yAlVT6SUkV,1529368950
78,49,1,AEMoHn0KKNRP0DKGWl0q5byteQD2NJq3,1529368961
79,4,0,KQaukUcqBQTZfZTrBRsvnSU1Tk5TLhVm,1529368995
80,5,1,E11MbnQla4IYq4UFEfD1V1E3pV6hGbYu,1529369000
81,6,1,UVqK2L2uoQm4HKic7Vt7Wnv78Z9gYb7G,1529369005
82,7,1,f9OFr5NeEdVH2B9c7wmsxLMyjZkOsAt1,1529369008
83,8,1,nvmIDuRYsUrY0b060IqOE868TuQz1JPB,1529369009
84,9,1,v0u62ZkD1Z9W8G9E2QCz22g40eyJXsJv,1529369010
85,13,1,A6ZeTW69d33AGWp1NkjMykVSNhzLXE5O,1529369012
86,14,1,0u3cu5MyzDk2eUCJPs8wZozWTJAO2tvY,1529369013
87,16,1,Kvo7eG6SJhoGIJs8o0ole3jVPyO7eYKk,1529369015
88,18,1,9tOL7RAKUHLW2UebxJ5TYEpyUKXoZblX,1529369016
89,22,0,AW1lN98fv8hDYyRDpftLuidBCOm8ZFa1,1529369026
90,24,1,YJVfIFhZ7p8tgkMB4MSo6KURT6JsJpEg,1529369053
91,23,1,TPlHODx5yOsf37Mpf6CVSNxnpvvH4CDn,1529369059
92,26,1,zzW8fGRkabZBMNOcEmhP3WVZeUfPpe5S,1529369097
93,27,1,Sy7h27DMHq3zKNkXReL5gkHRwCvEYmvt,1529369135
94,28,1,qoCUoi3BYOwZ6qs0lktXOEWqjfzYPUCV,1529369157
95,33,1,rYsjBkmdUeZNQ5jcpY78oQl3FSh99Kxx,1529369200
96,34,1,Hi9wpyPwcUrF52aog3LcJWto0Dl4tZ8Z,1529369259
97,35,1,kao7ovP0q2Qf9g1BYzElOCj1bCUuyenU,1529369276
98,37,1,CG6qv8lp8TeiKIcJGXOMUhKCSBpUUtOg,1529369302
99,38,1,JACvP9tVluEjb3nLGOCp8j1dksU2w74j,1529369310
100,42,1,I0Ion89wGjV18UaaR1owImAD8vanTwRK,1529369320
101,44,1,H5dD7EgeiW2MWyG6XXuVPGqcFd0nWIqt,1529369321
102,46,1,fg0Eu83cj0UhySs30P2i8ovryUNOpy8O,1529369324
103,51,1,uheOO1nxZABsuPMd4N9evEnWze9ei6HP,1529369388
104,52,1,AviiFGi68mHWxXbEgqcZiA8Liu5mHQvl,1529369402
105,54,1,GqhCTHKIgxqOQWkh8uusKXS2NIILLCyp,1529369443
106,55,1,Cmx5goOgH0L5X6dOPtYzngpnhL0F1na0,1529369458
107,59,1,vHP2fZjCjsl819RrIVhjtSHWZmJKH3Aj,1529369499
108,60,1,H0qXET7TZ46k0MJLWGlLd9h2PNbXTCdp,1529369509
109,65,1,3PCqQUbdQkLaMrrWxWs8YVDjTLnVsuff,1529369560
110,67,1,70qyOZtHSBWc56AQ4CxBQ0ki0I0AAKsU,1529369593
111,68,1,tDnuvt3l2hzswBEwJxxuE1DQIFv4HA0m,1529369603
112,69,1,1XAfpf4CoZQYLIQ5dbDUEHDlMtxB67Ho,1529369609
113,70,1,ccdq4wZ3vpAPlGbp17P0d1Jc4t1rm8BH,1529369617
114,71,1,34TpFbh6E7e9gybOj2tb8ujZfn12Ba72,1529369633
115,72,1,ADvlYGCdNCAfjcsMdJx4giac8hqsjnMc,1529369635
116,78,1,F0Tpvk2x39AiA6n6D4OpFcAWcFD8KpjJ,1529369701
117,79,1,CH1PhNhKfIxFAPx715xHMkg0t7iG0lbO,1529369775
118,80,1,rAIFvnzhArsUISDiKlSKav9gfwWtfUxr,1529369810
119,82,1,sQsDyqNZBATYoXJw59b0zq1C7UkQBIgP,1529370148
120,86,1,YBza6eIVfFwsLintvB6ReVgAZBOSJBu6,1529370272
121,91,1,l2NtqpNskZPg4dam91D7YCQPwrMuoh8h,1529370323
122,94,1,RKWzCXOyIxxgviqI8wLHIzDpXcOac02j,1529370337
123,96,1,gf2DmlOx2ypMGPCQ1BONvwzVlh3jRnGD,1529370342
124,97,1,CyrQKYvwzQxgcvhKCl3ZOAJbTZuEy65T,1529370420
125,99,1,ihm543ifj8C1vwJzD1nx1hf2nifPvyKe,1529370502
126,102,1,zR26EzCbIgoQhIJYeS1apQOnWfxR77M1,1529370579
127,103,1,yyuXKE8FgYhNQ9QLlYmMpgqANGLbhLI0,1529370599
128,105,1,q4N5V9NI9vIkK0KEhwUrE0VWJ4Hj2ZDJ,1529370771
129,123,1,iYMvADIriwbLoTclR5IUW64DCwfLTQP2,1529373996
130,124,1,BbzMFX5dhDCB6CNGeIDpOBbiQx5fbWTJ,1529374058
131,127,1,wVJqG62QF3kZlkxDOy3m4n5EU55qOfXq,1529374691
132,129,1,tTC4fa3G8SvLcRJV0mkLsvEILIntmU6u,1529374858
133,130,1,BsgOIf92FV2e1BvzRpcKAMapXDyWYORT,1529374933
134,132,1,sWV79nU8WP0ihakbJ31UX1ifpbWc4Apn,1529375057
135,133,1,FDf58gh4jx6IKG30JTT2Cin6tz4ATGIf,1529375074
136,134,1,rB6TXSBbRco9g9zTGC1TmVxFDIlEarPl,1529375108
137,136,1,3SRB5hiPijQpsGMuvLijNVWP88OSD8U8,1529375154
138,138,1,hGDw4CkgEntvW3HE4EPfC8we5mDbg2Bh,1529375238
139,139,1,0oylYEzIpTOHlYUVz2RfwqqgMA50UMAr,1529375406
140,140,1,qDlJpIkaUgIEPvawyTHkMcTKooF2ELMl,1529375824
141,144,1,nnKBndq0UrCcDrBzp9AhgZ8kh3E3RGwC,1529376351
142,145,1,79MLGI6cemLBfmDTEPxO4UXXNDutFLUF,1529376656
143,146,1,4bQg2SWx6S9FUq5GFO8k90zOsXVfn2Wf,1529376689
144,150,1,aTcVskOD6nCk3cSTTkrMo6ZUvgGURryC,1529376982
145,151,1,nCJKKxakj2e91S6X7tCiTp1e6ywpN4vq,1529377043
146,152,1,mREz80d5OdqfVq8S5W8arLMTWYwyKSZR,1529377107
147,153,1,6akxLwArEgtXq5USceKXcQWd2APWPZIm,1529377255
148,164,1,4mguWVQqDHg8huGnOMXsxusBsCdAQ7bl,1529386379
149,165,1,Rse4ZY1Oa19r9JmimUfZRy1hIzlTAlbe,1529386409
150,167,1,0u1nEXNJPBxF2bJJMe9fUwa6jKBR7REd,1529386476
151,189,1,jz5z67oJ9CDFd3LCYpvYv5GgSfPNj4OY,1529400472
152,191,1,ag78fejA2P07mUwOyP548KGn1lCbcxsY,1529400518
153,193,1,yNxxtTXTjxNRJes82KMNM2eib1jRlYJm,1529405704
154,196,1,7Np53spdRdDmAqHayQ857Hw311Fz3x0S,1529410888
155,199,1,Yo2EzMPVwQvICQJyDB9YG4h91zx8vUV2,1529411021
156,202,1,XwgfWNGig8IhlVE6dSo5EK0ejRQD5AyP,1529411090
157,203,1,s67EOdPAUEHEXODyPi5tF9KdUfuwzPa4,1529411185
158,204,1,hWaJQpTJzHhldwIXAfnvByhYuhoqQDDN,1529411220
159,206,1,gDVlJqtMMgoNe0gWHHovpo4JEqeNFHao,1529411318
160,208,1,sd6Yr5HPv5RMVuS9vNDqIm7hSARWiHY1,1529411368
161,209,1,FdWjGFOn1qJxucd9M3NhFRZscKwja2cO,1529411386
162,212,1,4sJUoZLSIfhPEdHCSlfh1qqM6SaG2EZN,1529413732
163,216,1,JpPcgCEmTlxVXK1iH6DjzmXD51M4L72k,1529414209
164,219,1,GWBUYwSknrWtZN2hFT5iiQqsdlkGM4R5,1529414249
165,222,1,UeTSCNWs1JT6tIuHgT5MHPr1zIagHa21,1529414299
166,225,1,Aj97meYafYlwbL1UzrJbxCWqGa7ARSM4,1529414793
167,227,1,ezfrCL89SBouDwvYflSmMQJphzRAyD0f,1529414813
168,228,1,JDlD8cNTdk1k7al6XFKcI88dzN0FwF6j,1529415344
169,231,1,AbG1lbxxeYJBPTTYsCFO9Tg548v7opgL,1529417210
170,235,1,gLtQqirMWpbhCOfYDN0xmkyWH5NaTWGm,1529417233
171,239,1,t6iBz3ckfiYeT43ZQIIWolBa91wkFCCW,1529417258
172,242,1,OL95tJ9zcHxQ92LDBKRawgdJKp7hXtw9,1529419873
173,243,1,cAT1cRQ4qftXghQ0hvytDbjJOuYYHBv2,1529419965
174,244,1,SitBQ15YznpajVr4o5JcvtrNVntVRFxM,1529420212
175,245,1,2UENMCrkIYdsXYWhNDhrssdeuepxyiyM,1529420895
176,246,1,pFBKdJqFk8h3XJ2zKZFiFlOfIKkY6xlf,1529420911
177,247,1,GjEDd9LaD9zgMuO91sgi6EXDVN4wcfpw,1529421070
178,249,1,U1r9I2OOWxfUvyj7NYFpSxBXsrdjPSRu,1529421250
179,250,1,ncCN7hAcxUDtLcEedXFg3YrSexdopqxO,1529421833
180,251,1,dbds7gmNZv909DrOYIhuTE7j5kDlIkIT,1529421839
181,255,1,ie5xwAaijZQQB6bkytua0yqPWMQqDQxZ,1529424917
182,257,1,K0Rf330i7u5shnJK8hcYyU0Nif29WZOu,1529426271
183,259,1,7Xw5IiMyo23AvfbQrMF58GeOIjOQwe1P,1529426412
184,263,1,noqOSAjhuuMSISun3hXJkiophhjzezjC,1529426981
185,265,1,9lxDaEHvYMa266ISHagwnAUr4BKbMBZ2,1529427164
186,266,1,zbWC6wnaUeZU2w2JXy896TUmmR9eji1f,1529427343
187,267,1,o214TWiMyCuRqdxZIeHMaGAsOqpdxqXZ,1529427412
188,272,1,WyCkWEObiqhvrCQnvYaUOOclxbeRaODg,1529435815
189,273,1,tDaPIElK9gJIAGcpRJvECfh5VFm31fEP,1529436982
190,274,1,hedKKUnPXUP77zSwNS1IF2TufAEwKEAJ,1529437119
191,275,1,3yJ7nXewqSBRsCUgjb5S2JwLhTFxXu3q,1529437298
192,280,1,02kpOgvx0UUz2lkSthU90yFBA2J9IOLE,1529443912
193,281,1,uUew5bgZHOkPZYOtWDPoILqRNePSR3iu,1529444704
194,283,1,24gcQnUaPdSAJ14ufRxj5VAnSN5ugKlA,1529445273
195,288,1,UiZXoIDjB6qhG3U047eu6katks47MNUI,1529467621
196,295,1,z8nkoLRSZ9TSVhzkEkv2Oc07BSvanIGj,1529467717
197,296,0,dVY3c5nc2gNJUfBlqIR9tPqJa53nCmet,1529468042
198,297,0,lp1Ky4bzMQHFHg5t8UwnuuTICuNzXvCW,1529468064
199,299,0,3oggJLpe8rdqLEl2SZ5PB1Gc2ZyDbrk6,1529468075
200,303,1,o3GKoDxP061g54Yw024ijcoTylIpzKha,1529468284
201,305,1,IhTyOXPD85BxIsQWEOXF0kFSHzRBFWnn,1529468402
202,307,0,YqMGkxNoOQZcxUOyopR9mtrWwh1xRJVu,1529468472
203,308,0,QNfi685E0WWu0tt1ezVeVI1yOfGIIRKi,1529468476
204,309,0,sPHi8V2l1JCNMfnhXaf7LqoGWzCCGOiH,1529468521
205,311,0,9HMLrYs6MR6OxIlDwqhLVZjwOeXUYZ72,1529468627
206,312,0,2AK4WawuYrLciXMio8cokRgLhXonX97n,1529468645
207,313,0,uqsNqtYtwZlUEussyONXMkN7NogbpEI9,1529468704
208,314,0,i82VA6QcIDTekDhSbtwVcmIfLtyyrvdT,1529468778
209,316,0,Lr7PSMnMrmj2H6GukPiIoXAseqcjpGtx,1529468821
210,318,0,UrYPPyiCbTzahyzutZ68qvaajkB7DwOv,1529468828
211,320,0,O2DTuMFWwotQDfr1QYf2oaE4Kaj4vLBO,1529468844
212,321,1,uUioBlK9iVCnGCU4uOg14pYwdwI9oHdH,1529468935
213,322,1,5pKoXbCvsXzTABppdNyLbxOIaLuzKILY,1529468960
214,324,1,sPm8j09pWS9cqtLKNHMAaBDDqrMUxvdk,1529469013
215,326,1,wnmyf30VmWqIsEpz9r0cTJgwHaQvrM53,1529469053
216,329,0,HEXnoDTteys6wZ0LfHVO4yrJFXJOxNl5,1529469394
217,331,0,XpNCVpumucpHb4VTWxXkvnOday2NnluC,1529469644
218,333,1,A8uEZptVV99xXlt0bfAbPaaRKAInZmA2,1529469871
219,334,1,18FZp3xewKZoI28MrhrUXHLrESUTt2Ek,1529471514
220,335,1,lqk1z4ZmYGzBPMJ8hxOXCrgOeWOJsEEW,1529471563
221,336,1,zF3wrkCx5WbmpDIoXDpdVkdZEJkEuCgr,1529471569
222,337,1,TyakD41DovEt7aQguxVCi4WK4fio3yHm,1529471650
223,340,1,LoQKyczV5vUqUftOrXkAOYMIiiyG5vHW,1529471729
224,343,1,YRGibrrxJvYCd4dNdSSV3W7jpFGMBk3G,1529472217
225,344,1,vYlA0Zz8Jew31NurNExIIvxge22fOfan,1529472276
226,347,1,pE2VTUBVND56VQ16GIIvcPrfM2t7hPEM,1529473258
227,348,1,WUXdyTZB6xttiVv1tZw0TLm2z8A3KAQ6,1529473287
228,350,1,CuUtIWV3Ji1Oi3PoC6MGbaZaYw0yyWFs,1529473354
229,352,1,SB1BdekuhT6o0YrRuICKUXSgYLHfTaxx,1529473517
230,358,1,5zevoXXmRQhvq7a2jBXepLWS4IiEJGUK,1529473845
231,360,1,tz69wuhpJK7jtJYxHvqOL30kNG59z57o,1529478071
232,361,1,0wJdWBSSn11UYsRGGVzcROErIjBtEnMp,1529480536
233,363,1,XJKYuSK54Y2KpuR9rOGGxUBH7J8gJURB,1529481802
234,365,1,W9Q5AE1medPcEuTq1WuK6t4s2NC41V4R,1529485753
235,368,1,D2hngzOOTs6lSyXgMhBqNgg0hu5NjRun,1529486065
236,371,1,1ytrvZJ887lXO7heKG1iHtFCraBqjlqX,1529487547
237,376,1,VdLzDWOvLC0dnII9x7MB6iGEZHq6OcAX,1529487584
238,377,1,ZP5O9CQV71S3M0rqkbhNwxGr2B8bijLy,1529487622
239,379,1,nvpov8EsGVLjOdll9H2Pgke3JQh8mQPJ,1529488218
240,386,1,fL7e1C819cF68r4Sq3gUXCcE6UvvHU0u,1529488339
241,388,1,mmrFbaRfd7HFCtxSiAjzJerB3o4LWeBa,1529488350
242,390,1,e4UcCP0WxLRF9kVtXhZgpHc8aRK8LMZN,1529496041
243,391,1,GbZc0iNLue2umW03i6gj9x5TsvPA5zuo,1529496112
244,393,1,zaLs6l4VqIUwVn1eJDzJUmPUPr0t9pWj,1529496161
245,400,1,pEv0LL40u8P9FTzPEEhMY5evUZnEKkVC,1529518441
246,402,1,jN3yhUqCMAe2RHo7MxAI1J5DSoCTtyhh,1529523722
247,403,1,0aTwvieZ8Vr0SVj0Gevo7WRdT4eNe1by,1529523741
248,405,1,mqSOwTf04NtWfPXlrGw7nDOFqH9Yxx3b,1529524572
249,408,1,ET4SGGIsBXoGS8sRaFQsSO1CM7W5uW89,1529524589
250,409,1,zNrRwuj542Z07tEePdaQACTk10LgOozl,1529525236
251,411,1,bYITJw9OoAbXb0PmyMVdKMsuCY0bdaVx,1529525249
252,412,1,FMBbunOTa6x6mcXMPNGs0BixXuWSWsrC,1529525290
253,413,1,dWKcyDiqF7FZ0mxjzcA3d2oDGP3WVGf3,1529525308
254,414,1,eNdDtjofXQp5IUtyiW20Fb6OhlRcPrCV,1529525361
255,416,1,AUFDZzCz7QknXiy0yBq8KllIMjPihAus,1529525380
256,417,1,MaFD2tFNAFWOhxcl9SxjTgJCWT0nfYMu,1529525432
257,418,1,DyUha3tAkAmg2Z28pqFW3Rjk9s0bJqRI,1529525491
258,419,1,oVlZXyTCx5obHiewuF9RkB08EyTZ2yos,1529525566
259,422,1,Xt2KbL0F5oesjh0nrPPjGPfuOgmccsRn,1529525621
260,425,1,RZoFFOr0WZRgxRHoIrEGMPspOgEq2Y7e,1529525663
261,426,1,ox3hTzaySF8RFGwavZGzQGThWujAO98k,1529525755
262,427,1,tOm3IfIkWckjTNBLtoztmqPSRWRAi8Np,1529525905
263,429,1,zmVXCMTIs85ubEYWVqcWho6JeOiqbFie,1529526274
264,435,1,q9l9opVc7gvVHZlJEIt6PiR4NX9WjI45,1529526446
265,437,1,jt633R5fANAgWc4HlWpHc3FTyTDXbrey,1529526536
266,438,1,Exi7msuCN0npOnSkBvr8FGeuTIO8E4Ue,1529526552
267,439,1,QPy4O38YiI3WI8wJ9dPPDAvXURv4Pfao,1529526721
268,442,1,gagAOw7mubW14wWuOogL0qjLQbt5IKqx,1529527051
269,443,1,IkAhI4dtXSDjblogk9NHKAa6kT2kYxJB,1529527280
270,444,1,5pwLgFBXwTtHcQVUCkWUL6x3QyW3ypKg,1529527297
271,445,1,mUb5agwjunSM2NOVn2oCf1RFuJtPQnb1,1529527724
272,447,1,HHgbVVTZQIS35cmGVoYh3i98B7riqF57,1529528269
273,448,1,5m1UK7VT5g7tjamts81vJU57BoybYQof,1529528291
274,450,1,MtCazXM4f6ljpRWmaHkPgPXC4jWYrl6k,1529528361
275,451,1,141CKgEbj5dr7tEXSmLwT8bDGvrWXVvE,1529528399
276,452,1,8l2Vwz8Iq92bbteuGraEov4LrkWo1TDH,1529528723
277,2,1,1NnedDO9ovkr7ggO7QITIW2hPqu8vT13,1529529150
278,4,1,cG9UXsG6GeXZnOgXc0sWOkRS8G3jvfE4,1529529689
279,6,1,99juZJFzXOvkUFgWHYLll9T07PPC2dZW,1529529741
280,8,1,bt2RwxpfpfFmMjehIRp5SQS6E6zNDpSt,1529529746
281,9,1,vfN861nkmBMdW0vPlLYgIdoG1ONFFWxT,1529529782
282,12,1,cKVUuZcuYqcr6iH4tAo1VBRVtaN2TyvU,1529529799
283,18,1,DvDz3QjRszZ0aHRuRHj00y9Wi9nlIEvM,1529529831
284,20,1,JcEBQDmO3Ne7lLxS0MW1OwlAsg4TwbKS,1529530051
285,22,1,GP9p772ATEkCPx97xX5RC7ORSkEjEYLI,1529530164
286,24,1,w5J81OhlpBAhpIDFQ1wfnv2CHNeeQ5cA,1529530267
287,26,1,Ap4uF0ENqYvvY1XhnZR1bCIUCwMy3yli,1529530393
288,27,1,zQMShzMAUcYmtAAdibbn0bgeX9ixljgO,1529530415
289,2,1,AA8WSC269URknnWmeCtMsTNwGRpyDGW1,1529530605
290,5,1,6BVMrdicShT6XGKI8RqQajyPRUQ6xeTq,1529530944
291,8,1,AjsdTG5vHiO0whLLexdwPydjFMkHY3l0,1529531270
292,10,1,7lqf0fBCrgdzmGaOkI2D9h6kruQDwrRo,1529531338
293,14,1,bNd8L7t4GrIvg1HLOasT3yXN23hctMFT,1529531485
294,17,1,5v7THQQfsiFe2wjub7uJORb9ov0ff3Ap,1529531890
295,20,1,bCAhxC0zOZBgKsPu4mXKQjwxZnzVaTxA,1529531940
296,23,1,s4sA53YYBhjIK87bvVMfYCbY3kAaPpqN,1529532444
297,4,1,MTYUoLQ4U57hXcykJkpAOYquKPGf4fB8,1529532820
298,6,1,mXLv4sprhTd5FcLJ74LigaV1tH5D0PZM,1529532975
299,7,1,Tt2Ms3vNEO798KqqVgtalOinPUIw8Mog,1529533033
300,10,1,q69p7gQXYWmUSMlBNFh8lcJOv7mnspG7,1529533377
301,11,1,aBl9qLT8wGXBpNZvPlHpag0SZ893eaYY,1529533381
302,13,1,WIGDZgnxh95Jsk42zRnQkUztMgWY5Ex7,1529533430
303,15,1,ABgpDUhtnoBqXcWcdGnIAGws2b6PBWlJ,1529534738
304,17,1,PpnYVQgpDX9bWYgtfSyt6qFE3dP6XA1j,1529534790
305,20,1,c3kFiWb1nAnnEet5zkV6bPQASOcNzK7B,1529535240
306,23,1,JCSrwNM4sH3mWuhSpxunCyWoDCKEs50h,1529535933
307,27,1,o6d94Abddcm4tjT0RcrIxYBZRrR2DAg8,1529547788
308,29,1,p9Af9fln8oLjXDmXPV7xXlL9oYDRCSJy,1529550403
309,32,1,e19Gqdeu9Nan1ujaw9cqkQTBtof8YWJK,1529550456
310,34,1,gH2YMh20efM36SeiO1tHwwzBzqizfrN0,1529550848
311,38,1,ZoqmyVCljgxDf2RIBuHRNjUQp8ta6qhy,1529559891
312,40,1,9h8mK0TSIwVJgR6BUfdzAApJXPDmT2Yh,1529562532
313,42,1,r355cJvzyytgjcd9NAXX0NTuHHzyfILF,1529562586
314,44,1,qLjlVVMJ2gSeMpTOfSeWUB1OlW0Tc9yt,1529562643
315,46,1,B94Fid3viEjzHqhQzC257T9gyLQxdaln,1529562761
316,47,1,wo72eXrQ8hldE4ep77YT28K5JMFMTMUe,1529562916
317,49,1,NWx5hE2bxG99ge5d6bVOycB3Nd2qWBBL,1529563105
318,50,1,jS0OnkAI96vzrOB8RAal9FfwkicJp370,1529563121
319,53,1,puQ40jWWx12MIduNhuSK40KYRyRJ6g27,1529563150
320,56,1,TNmWWQ17alP6FeUyeoRzVH7VfVONOJtz,1529568290
321,58,0,zoLF0CghICy5PRzrxgDrmZFNym9lYEgE,1529574219
322,60,1,NrcHafXoGnMmDghExOYZ9tOb1ZHr91Ez,1529574447
323,62,1,wjrROMbjPa2c7SXmA7nzHxQChs4lCYig,1529574484
324,66,1,YhYi2QN82zc0O9xPelmCR75YUsUgEuV7,1529576291
325,68,1,43MGBS8yTb9nKP7wSaUSVtLyATAMu2W9,1529582583
326,70,1,lpV2eHJStkZMrXUXXlZBXjPdaWgXJqfh,1529588218
327,72,1,U95RZSW5RQhKR7aopu9Nc5dgXizBwtl3,1529590956
328,75,1,5Rf8PFEXcQFJ3HmrrqvViaYrGkQRkvQl,1529601265
329,78,1,mVPkv1O3rG37LHl91OBYMrmTr9c93Ezd,1529605752
330,82,1,NUejeCt5UK1t0pXCN2wAa9Hp88PF1Cgz,1529607658
331,83,1,Z8bypF68PxzduwSvJt0KneEQUJ42OcUW,1529607670
332,86,1,jWrQdFNvkRgn0DlQZV9AKbxiZcNZHPsA,1529607779
333,88,1,5qaEBzeHJEdjxxacm5ivO78ohXAzJm4w,1529607829
334,98,1,3vtGWju5aUWrUf9N5TEKZ0cZMtyVtyCX,1529616064
335,100,1,HiKpRiB6XootLeI8v1cWA0Jh9G6lOIwp,1529616088
336,103,1,xG6dCMnVoVRrQey9oMLvHFSCX6Sgn1Hd,1529616186
337,108,1,DH4rrKaPoI2NH7SJFL6bmW0zAXoSyEiM,1529648640
338,113,1,O0ulUuUMxbIQZKbUCjLynHpuOXUDkdS3,1529679095
339,119,1,OmYGGQfBu9dZdW3iLwPSF48SorF197E9,1529685174
340,128,1,OLeIHokJlmLYSBOSnS3AUkM0DPaPZDKf,1529714162
341,130,1,4AJQbCXW98S2TZ6yOrwmbBGNuvGhzLP6,1529714359
342,134,1,s9MrzRupSFdIBLghDTYaWgao5F5l2WGm,1529810640
343,136,1,b5IZuPaXpHanO6MIziitim52fz0edqjk,1529811668
344,138,1,QA8KxLO1mOSGpzftbBXqcdtW4ljLeXpa,1529829981
345,141,1,BzmjjyECT3CJcQe8DmgYAFHRKrHHaERH,1529830220
346,142,1,ANTR06TLYsp1hRUiSdW4VSKX4eAJXJY8,1529830246
347,145,1,K8jgY0i5p3jvNcGAYcdHOEguM5ZHyMbw,1529830302
348,149,1,uj6kiccyExnK8mlt66T9at8lkqwIlArG,1529830358
349,151,1,8lsRJTZHXRTAGCJur91i41DtTixvKwu1,1529861774
350,153,1,kLiviLfn88qWcBB4m60G2koCxWQD9UK6,1529861856
351,166,1,Y4vWe2uNyKOy4ziOERR2h3YarTV9OugW,1529968046
352,168,1,4bYCawqPgQtcltGG8SWwgijZIAX8tDcD,1529968122
353,171,1,TWh7OJ4JnopQugZtqWjlAvyVXOjlUmmp,1529968493
354,173,1,Ue3Igm1tEdcJu4aHbj3CX95dQvrcXG1V,1529968551
355,174,1,HvADksIUTeYHrQ2fOEZWMe2r7RDNO0WC,1529968591
356,178,1,wgTP0Vy85RLRzmyRsQdhmpfbkNlKH7dH,1529976660
357,181,1,zpHcwT6PnJu25Llw7AtIodsa10lWTleQ,1530046998
358,184,1,9tX0KlgJPP9Fcc4wyPk0OmMzUgGGR9CQ,1530129122
359,189,1,hAJymzWfUPFw4uAcPnyewM6rlr0dTmDP,1530207568
360,195,1,aPRYCEm6NBmrYbxp4ET5YDXZn2Q1WIq4,1530310283
361,197,1,MLlcRt9O5z9CuU75JEei9P3SdncXjSCo,1530310463
362,198,1,uSMJFhh806fvaDns03Gwzzp2DYpyRgBf,1530310642
363,200,1,TPAYBjoa4kZnr4kMbfxXheLmCYMD7gcU,1530313773
364,202,1,HV4zMTO52sTJ8VWSkzCQJ6le8YSfExs8,1530315308
365,204,1,nd0ppbqRRXrbzHuevOwSm4tdB8vOLrSL,1530315393
366,207,1,4qKV70CZqE7t5U9qnACIwzwDgu4LSbUZ,1530315560
367,208,1,NpHArrJtsZhagQIoIJXN7Ntgxu4hYt4E,1530315619
368,209,1,y3TH1dfcOYhCgGewFWB13nl2O5PbxHBW,1530316133
369,210,1,Dtm1ZSLODBTqIfVSIKLtmq8LZOxnvg2t,1530316146
370,211,1,hGDCXkUI9EQoScIyPd2pfJ0kwFhB0Y6d,1530316289
371,212,1,uUyMnrjUB5b8KcNeyMXwoMZcPoC3fTvD,1530316312
372,213,1,hEYzT1UOAlEcO0hJ26jrpyrY4ddIvjde,1530316397
373,214,1,UVqlfmCLmLQR3PN7dKiLlDRUi4zXdlEN,1530316458
374,215,1,wcdlWIMo4THw86xUsHkLxORscuFLArL1,1530316464
375,217,1,NiA99j6CWHnP2pJAbggdhpJJ1pPBiyJc,1530316619
376,218,1,uHtC3P1gO2bJmUmGfAuWYvCdgdXlHg6g,1530316760
377,220,1,rmVaX4ErgTXvkDbEmZu3e9HMitOBbXtA,1530317373
378,222,1,8ILFCjeda7P5UkmM3MYGmGjXoQPowyvj,1530318653
379,223,1,YaSsZ3w51dHoWU63JjXVfaHbd0LJqcaT,1530318762
380,224,1,L9mpyS5nHFyG3u9Twx8Ycbbd7JF7M4w2,1530319257
381,226,1,o6FHvXXpuYq7iZLB4TAJhbkhdGOMeA2y,1530319267
382,229,1,vrquL8qXCHckg7ut7DolIe6vPWfbjL76,1530319417
383,230,1,7bmMh5BN3djyArX77D97i7oyIlqJEda4,1530319445
384,235,1,8h17VZZTUMQyG1Q6AZNkMsD085MciAJ0,1530321527
385,238,1,HinGGoDAMKRaH4CJYvy3gi1rMVdhwMKL,1530325725
386,240,1,IFYqKSgSTAYWnnImzRdla9tJxNwVH001,1530325746
387,241,1,7WiWLty3hZivouUnzzyqd167P8Xn64rA,1530325889
388,242,1,6Nh64rt9yRcuIxgOXwkyBuXBsO0gaocW,1530335558
389,248,1,OfJsewGwKpzxomVs3RHluT3uaco3eISZ,1530345065
390,249,1,jLcjN2GIpMER3krQzomy9YrT6xfkoFwa,1530345245
391,251,1,lSxMcgjqpcRQI6eEkVnSNGXV0TWD83PH,1530349015
392,255,1,krcX2Jy5l6RWyBTrWT2o9tUYgCpu6WLU,1530349090
393,258,1,mjkN7MGl1jSpade4psdo1aYquD7mKc5h,1530350240
394,261,1,QmpXvsTbzNxnngXxVVAorUTcwGkenED5,1530351920
395,265,1,wlb6yqPMHmWSVUrkV8B4APeJm4eWOblx,1530355552
396,1,1,lT0iZxwUIIzsuVpMH1TszRpRXqAk9wHT,1530359400
397,2,1,QFCaMLVhB6EoowsBs1gksoihB8GYsZF2,1530360528
398,3,1,vj0DhqAqW4qzFgrO9dq8VQIk1IVn49j2,1530360786
399,4,1,bs1gAmHHRsvOFPCUq6iiQDpik34DUxzM,1530360869
400,6,1,wfSGRPAVRJTfrGs6TtOEu8ZJ33fbLu0S,1530361505
401,7,1,7tNgW1mGP3bcodEOHrbaCkw9T3vdyQ3b,1530361539
402,9,1,WAdldVojdMJj3dHtpP9rKT52b8OU66EA,1530362208
403,12,1,ohSSRxSUlYRygjYymblBrpGDZBxZF6xE,1530365606
404,13,1,aZNIO6VhluEc6yCbBlienNbqYCD8q39Z,1530366664
405,14,1,o3N6jpqqKxbGQQvOhic9F3iYf6637i34,1530367309
406,15,1,0IqYgUDuJHGMyxTJuMHWthk1Nn0BaWlE,1530367496
407,18,1,byyUhAbMEPOpRSZ2EojYvvyNcdJtxYEE,1530367570
408,19,1,TP02TTgggKu1inLmomxJPgSs8Oo4xLIQ,1530368387
409,21,1,9mLuye3eCr3hrGuqCD7VQVGUyr1kteNv,1530368411
410,22,1,jSq6W7w7ARZRDUDFmsMD6x9VrA0vzjcn,1530368432
411,23,1,Sr7LknsderApqz6EOOZuuiXvK9VXPWQm,1530368460
412,24,1,5Ak5Nb3eJiKVrYILlo3LzBSLD4e7hmgU,1530368491
413,25,1,T4Yyu3kWz3bhp415uF5dHGLpB7ljQVdS,1530369310
414,27,1,7EwH6SYYImhYU25tRcWmBG0TN6B4Jq0P,1530370021
415,28,1,sX3PL4CZem1UB8vhDPEO8o7FXrh9iv6F,1530370404
416,31,1,lataB0uUeC3KtDfLF8l9kJXRifXCBKCk,1530370552
417,32,1,qRWzGuvt1dkG1CyJRzJmWrQPxVlvuFYa,1530370564
418,4,1,HvLQ8YJYgIU4sZ72tUjih81bW7OIZ8oU,1530375228
419,6,1,d17zDHV1NJQJ6xgNWDeFWpmYOvpZgVhQ,1530375320
420,2,1,Y1flGIJMWT1mkAhanG6LPaPIrEzlaFq3,1530375366
421,11,1,y17UP9H59CHpc6pQxIRSoC4rjZ5ooL69,1530393931
422,12,1,BFYi5HmVKfyhQB9iWrbQKtXoja3KJw3W,1530394117
423,28,1,VSek8bM4sS1PX6zgCC3mAXuuk50JDJur,1531054299
424,31,1,SLzeTBxoCjfTKDc4d8TpN1ibT97y77iq,1531083544
425,46,1,inQScm8ENAV23VYlZXJyU5ZfP57JfnWd,1532124866
426,47,1,B1wxDblKb32mtX1m0M6lkCmRZbZLJRDu,1532124884
427,48,1,uRs0F8TmhD9ixKQKKaANKJL4ymUIDnhT,1532124946
428,50,1,i5yEeWOCA7GJE8KmnAg1mlcGsbElAo61,1532125025
429,51,1,ugj5311LryrpiVGXYcrMqSGikQJuvBhE,1532125048
430,53,1,6xzSo6zcqG9NhtGT94u5Y5pnIxzBO7wF,1532125083
431,57,1,oPU8Iixk3IBoL0R1HDjaj43tNCEWElsQ,1532125205
432,60,1,3VMFvUEL3OFR2gBoKTLDQQVcoBwgugcn,1532125333
433,64,1,eviSZOHtXeCDiZvg4sR4NsHZKAGHdqPV,1532125513
434,66,1,0sjyQZNMWQNHjItuM8dfF0XSx8yKw4Tt,1532125948
435,67,0,HE963G2bc7IGfYrQiBipVocl5mrY0h8x,1532132088
436,68,1,MvCtlJLoGQ84mWcs8BTCkLXfGNeKO4tt,1532132123
437,70,1,kpERJA1oufI6rFCSm8gXHAGotDvtyrZq,1532132140
438,76,0,ue9sBseSaBC5B3bBKvKg4jmM4lKbXXQS,1532188857
439,77,0,kCBpJu4TcZJWAOADbK0B7qd3jbtSXflM,1532188876
440,78,0,h75qAqjFJtdMH51nbmyPAa01qq4r1l8o,1532188971
441,79,0,rc1jnocQErZboP5xCkOR00CUeEY3w23V,1532189019
442,80,0,du1HK7Jis1jVYW9PX3vhPE2whquFm7es,1532189162
443,81,0,DzqWM1s39iej0AXO2SsuO84oBLhgSHrA,1532190897
444,83,0,JfNAygfKxLSf4RP93UgIGVpS5x06MvsM,1532191000
445,85,1,xwGbM9WJCBuBQPJik5sQMtzILetNiO6h,1532191084
446,87,0,Fx45oWURutSZhnYbJSMny2i0PIOFd3RA,1532191265
447,89,1,C9sgoguzpTXYjVHpnz7Wa61JjmePi9UJ,1532191320
448,90,1,8o88XHcV1hGEVWi2hOPA43J28L3dWpgM,1532191396
449,91,1,jRgKCeuo70rMr2yWimJslYxms8t27rjn,1532192621
450,92,1,6WDCIrKEktYirSr2JaLR77aeDUGUz9R3,1532192916
451,1,1,zsI3YPkoOeUdPOMwldD97tDaETyEVzmG,1532193696
452,4,1,UWovahg3jAL4E1LKOBBywAuPsJn1fgFf,1532193800
453,5,1,1p4Ww6LSwWqIPSmTLFn9w224ybTuwkkZ,1532196991
454,8,1,twJA66bdUuTPSJ8rln1CYAWeudZsSOEO,1532197139
455,9,1,Xbgq4tyWUh3MFvm1kAHpng285WcD3SZI,1532197302
456,12,1,QtfCnmhpZok16BvVfky3VB7x3pLxYlUq,1532197354
457,14,1,MTIctSi1Ox7i87cPLRj0efV5i5vYpEe5,1532197491
458,16,1,WDL1aMmJhu0RI2PJypWY5Lw3zGzEUxC4,1532197494
459,18,0,g1tRdN81nuQ31QTXaBZcLMrFz4HVHhk4,1532198857
460,21,1,53YpoT0cbQZQ2PxTy2ocyo4FmYgTJ5UZ,1532198970
461,23,1,TmwAhhBxsLe25QtYtqA4CLxCAhpbzKE6,1532199218
462,26,1,x82JHlNh9tiBuU14t6bPQ6tBgzUpxspw,1532200054
463,28,1,MeZD0J1xEozTNilX85WIrCiF2kEGz1JS,1532200368
464,29,1,1fZk4kWhh8ohHoZ6FrD7Mdrhd7W9wU1v,1532201154
465,30,1,4yLQpdPiTyBI1B24GTsMspXSb9LyL9H3,1532201210
466,31,1,4OyrBN8aWz4OTO4OsFeakkVhLVLLxIaF,1532201270
467,36,1,AbjfBtWE0leUi3kvpVE9to0ObUNCEelv,1532201627
468,37,1,VIc1qgvWsjhktrIy028uWatXnTEwvM6d,1532202329
469,39,1,pOGD41yfRhExWfQoooRQk3xFm6H8L1TQ,1532202913
470,41,1,7uCTYBK9ElywQVTieX52SCnsf3IAFx5Z,1532205510
471,42,1,f3SqELfuSFuAzuoPrTMdhjoFPmosZ8Dm,1532208673
472,43,1,tHcZiYzgSvKPlmDg5TjzmxwHAEVXfMlP,1532209378
473,45,1,kV7YmawLS9ZANjdjr21W1JXkOrrZ4uOi,1532211804
474,52,1,mkt5GtuwLH2fSnGBP3rWCHrYjOurKuYD,1532264909
475,57,1,Eya9E1GfPTDhOM8RxjiUyVNCon9jpqkY,1532268533
476,60,1,bTOsMwNB246Ln6Jb7ypa7rzPx3xfVKzu,1532269577
477,62,1,PivT8pCXqYqonKaPmKQgx8yKSGc80b6o,1532300957
478,63,1,oKgJ489U7CT1Dc5Sg4gF4DHTjK4vV6bx,1532301562
479,64,1,FE1pEb5ZT4N59yzdTooa3FA5se6iASll,1532301717
480,68,1,ADJoFZ2ZFSzu0P75ZGWTK4q5f25UjwOi,1532302199
481,69,1,5OH8raKl34wyl6KuklXEMW2mPC9DihRd,1532302771
482,74,1,2x6nRsNmOUFCfazwvjKpDVnMMA9s3Z9j,1532302790
483,76,1,mZamQkEghifth6E7l0SVqzL2BjNrmFJh,1532302799
484,77,1,mdcIzKp8gUcmUL5AQk16trsYgeN2jsG0,1532302804
485,78,1,vJlMacpPo7ALyr8GsGLviL8CAKgLvpG2,1532302808
486,79,1,Cdkouh9WcPVk4n9v34vJ91abqEKGAAcB,1532302810
487,81,1,uqwnTLU8DRXRWzxnfKuDDARGdE7BDh9Z,1532302817
488,83,1,JA7SDpitQKHtBN2gBk6YIIssNnrfZ2mM,1532302965
489,86,1,wzWnPM3E1uqGCfwVzDZNaH7I9tZtp5qW,1532303106
490,87,1,3VqJbOx4McBTpHptnsQj9gYwXj0anSHh,1532303148
491,88,1,8dAzm0RVX9ozRXJlK8GSZhIlkQT1qZS6,1532303430
492,90,1,OJk68UGncppT5urKXyPr7Vgiqc6i33Ld,1532303684
493,91,1,MgxIBx7XJpOZee1hsCcoam2CQUU1IbyJ,1532303737
494,92,0,mdlhadIbwDLACVxVccMU0mTHYMCLFykI,1532303804
495,93,1,ohFecKwshizVcgCQicmoybvjXItLizVp,1532303985
496,95,1,eJcCcgLOCutgLkyla8hWSUa6nfoOZRsD,1532304212
497,117,1,CdKlSEQKizOgVJP8Je2nrMijg8RUZq3t,1532305092
498,119,1,4QXzvtRym8W8jOCPT0w7USRFkpYQQjnb,1532305250
499,120,1,E0AVAR8yfhNkdWk0ihijAPGhBx5vRo6T,1532305255
500,143,1,yI7enJggouoierfwvBD2eGTh1s9lI3Wb,1532388129

