id,aid,rid,com,done,rtype,stamp
1,7,3,Lemon drops,1,0,1525626442
2,2,2,angerey,1,0,1526018042
3,1,2,H,1,3,1526018651
4,902,2,am Triggered,1,4,1526191272
5,1023,4,BUILDERMAN IS MEAN WAAAAAAAAAAAAAAAAAAAAAAAAAAAAAAA,1,4,1526218306
6,117,28,he stole my image ;-[,1,0,1526241450
7,5,4,pee,1,0,1526242272
8,1,17,fat ,1,1,1526245901
9,40,40,test,1,1,1526257878
10,17,30,aaaa,1,1,1526274297
11,9,9,Hurr Hurr. Reported myself.,1,1,1526289700
12,228,34,Too racist,1,0,1526372701
13,90,17,no it's December 29th 2007!!!,1,3,1526517441
14,18,18,his existance\r\nlol,1,1,1526993728
15,234,4,reeeee,1,0,1527344079
16,169,77,<blank>,1,0,1527489335
17,17,4,he has the big gay,1,1,1528582635
18,4,17,he's fat and gay and suc,1,1,1528582645
19,234,0,<blank>,1,0,1528588676
20,211,0,eoeoeoeoeoe,1,0,1528605139
21,6,0,it cost 10 tickets :(,1,0,1528648092
22,54,17,dead meme and his account his banned but I can still report him HMMMMMMMMMMMMMMMMMMMMMMMMMMMMMMMMMMMMM,1,1,1528652185
23,199,0,DICKK,1,0,1528814825
24,8,34,poor,1,1,1529400739
25,5,0,It's democracy,1,0,1529559475
26,15,0,ffffff,1,0,1529606665
27,143,0,AHHHH,1,0,1529790865
28,234,16,<plaintext>,1,0,1529975959
29,41,70,he said gay I'm oofended >;(((,1,1,1530033255
30,221,77,copyright,1,0,1530152637
31,196,77,testing testing,1,0,1530152904
32,1,26,just bored,1,3,1530835421
33,2,0,oof,0,0,1531118555
34,62,0,it bad,0,0,1532115096
35,208,0,this user has broken the terms of use ,0,0,1532553667
36,2,6,<blank>,0,1,1532555680
37,26,26,Array,0,1,1532563568
38,26,26,<blank>,0,1,1532563653

