id,paused,who_add,when_add,finished,reasonWhy,important,description,when_finish
1,0,2,1515181895,1,NULL,1,Friend requests,1518559906
2,0,2,1515181910,1,NULL,1,Catalog,1518902035
3,0,3,1515181914,1,NULL,1,Forum,1518890388
4,0,2,1515181934,1,NULL,0,Squash bug on inboxes when replying (Mis-aligned footer),1517863305
5,0,2,1515181938,1,NULL,1,Profiles,1519591373
6,0,3,1515182129,2,NULL,0,Smoosh pancakes on ratdog!11,1515182179
7,0,3,1515182990,1,NULL,0,Daily tickets,1518989461
8,0,2,1515182998,0,NULL,1,Games,NULL
9,0,3,1515935085,1,NULL,0,Add launcher compatibility with Windows XP,1529277125
10,0,3,1515935207,2,NULL,1,Launcher compatibility with GoodBlox Browser,1532456301
11,0,3,1515935277,0,NULL,1,Try GoodBlox on Windows XP for the first time,NULL
12,0,3,1518004082,1,NULL,0,Announcement bar,1518005073
13,0,2,1518005070,1,NULL,1,Announcements page,1518616856
14,0,3,1518810788,1,NULL,1,pagination of forum topics,1521900491
15,0,2,1518810789,1,NULL,1,Forums (in general),1518902136
16,0,3,1518810796,1,NULL,0,pagination of forum posts/replies,1521900496
17,0,3,1518810835,1,NULL,0,Friend Request Pagination on My/GoodBlox,1521900500
18,0,3,1518810843,1,NULL,0,Uploading of assets,1518890345
20,0,2,1518810876,1,NULL,0,Reports,1526672780
21,0,3,1518812782,0,NULL,0,between statement for todo,NULL
22,0,3,1518896636,1,NULL,0,forgot password,1518989461
23,0,3,1518896641,1,NULL,0,email verify,1518989461
24,0,3,1518898454,1,NULL,0,locked posts,1518989461
25,0,3,1518898460,1,NULL,1,pinned posts,1518989461
26,0,2,1518902026,1,NULL,0,status text in edit profile (settings) that says whether email is verified/unverified,1518989191
28,0,2,1518903430,0,NULL,0,Economy Stats (admin panel),NULL
29,0,9,1518920721,1,NULL,1,Reset Hats & Start Uploading to Catalog,1518993261
30,0,9,1518946664,1,NULL,0,Fix Profiles and Browse for GOODBLOX Website,1518984668
31,0,2,1518989228,1,NULL,1,Add ability to configure items (use video in Jiquor's DMs),1520276863
32,0,2,1518989236,2,NULL,0,Make beta key generation page nicer,1520884226
33,0,2,1518989255,1,NULL,1,Fix sending message to self (bug found by Musical),1519061270
34,0,2,1518989271,1,NULL,1,"Finish ""See all"" Friends page",1519591367
35,0,2,1518989279,1,NULL,1,Finish Edit Friends page,1519591365
36,0,9,1518993312,1,NULL,1,"Finish, debug and edit ""Badges"" Page",1520198711
37,0,9,1519010587,1,NULL,1,Fix and finish Ban/Delete Page (Admin Panel),1519011199
38,0,16,1519060726,2,NULL,0,test',1519060729
39,0,16,1519060774,1,NULL,0,"</td><script>alert(""fix xss on this page"")</script>",1519060774
40,0,9,1519198330,1,NULL,0,Fix I N B O X - currently in maintenance,1519286177
41,0,3,1519948183,1,NULL,1,Finish New Hat Page,1520800660
42,0,9,1520079095,1,NULL,0,Add Statistics for Mods/Admins to keep track of website better,1525678922
43,0,2,1520276858,1,NULL,1,Approve Assets,1520674764
44,0,9,1520723193,1,NULL,1,"Comments (hats, tshirts, games, etc.)",1520783373
45,0,2,1520891515,2,NULL,1,Add reCAPTCHA to New Thread Page and Post Reply Page,1520973579
46,0,2,1520973590,0,NULL,0,"Fix Unicode on stuff that you can edit (blurb, etc)",NULL
47,0,2,1520973602,0,NULL,1,Trade Currency,NULL
48,0,9,1521430688,2,NULL,0,eventually: find a long-term non-failing thumbnail server running 24/7,1524204425
49,0,3,1521900601,0,NULL,1,fix bug on catalog where you can buy items more than once by sending a post request,NULL
50,0,4,1523040319,2,NULL,1,Get Keanu to stop playing Fortnite so he can work on Goodblox,1523792859
51,0,3,1523735658,1,NULL,1,Games Master Server,1529277075
52,0,3,1523735674,1,NULL,1,Games Game Server (codename: Aquality),1529277081
53,0,2,1523735681,1,NULL,1,Games Page,1529519968
54,0,2,1523735687,1,NULL,0,Games view page,1529519968
55,0,2,1523735697,1,NULL,0,Builders Club Page,1529519972
56,0,4,1523792888,0,NULL,1,Add security to KO's (etc. if user gets more than 25 ko's in 1 min. they arent added up to the total),NULL
57,0,3,1523887236,0,NULL,1,Add global exception handling for MasterServer and GameServer,NULL
58,0,3,1523889700,0,NULL,0,add edit functionality for masterserver,NULL
59,0,3,1523901636,0,NULL,0,add pause functionality for masterserver,NULL
60,0,9,1524204421,2,NULL,1,Fix Thumbnail Server,1525985547
61,0,3,1524322384,2,NULL,1,GET KEANU TO STOP PLAYING FORTNITE AND FOCUS ON GOODBLOX.,1527437230
62,0,3,1524694346,0,NULL,1,Check all MasterServer&Aquality Files for missing items to complete,NULL
63,0,9,1525678984,0,NULL,0,"Ratelimit creation of forum posts, hat purchases",NULL
64,0,2,1525690719,1,NULL,1,Games Configure Page,1529519981
65,0,2,1525690727,1,NULL,1,All other game pages,1529519983
66,0,3,1525690829,1,NULL,1,Recode thumbnail server,1532490877
67,0,3,1525690993,0,NULL,1,"Add reCaptcha to add post page, create account page, message user page, send user friend request page, and some admin pages.",1525733930
68,0,2,1526215894,0,NULL,1,Remove reply from message when viewing reported msg.,NULL
69,0,2,1526215941,0,NULL,1,Forum moderation,NULL
70,0,3,1526219718,2,NULL,0,T e s t\r\n,1526219726
71,0,3,1526744145,0,NULL,0,add 2fa,1532456409
72,0,3,1526744167,0,NULL,0,make the app logs admin page work,NULL
73,0,9,1526872469,0,NULL,1,Add Terms of Service | Privacy Policy | Contact Us | About Us pages and links,NULL
74,0,9,1529041106,0,NULL,0,ROBUX and Patreon/Paypal,NULL
75,0,9,1529087935,1,NULL,0,Profile Statistics,1529193697
76,0,9,1529087969,0,NULL,1,GOODBLOX Models,NULL
77,0,9,1529487015,1,NULL,1,Starter Places,1532480545
78,0,9,1529487052,2,NULL,0,"Fix bugs in games pages, games, view, configure, starter places page",1529487120
79,0,3,1532456278,0,NULL,0,add ability to create games from masterserver,NULL
80,0,3,1532462294,0,NULL,0,thumbnailserver shards,NULL
81,0,9,1532496207,0,NULL,1,"Thumbnail rendering for Games, Models and T-Shirts",NULL

