<roblox xmlns:xmime="http://www.w3.org/2005/05/xmlmime" xmlns:xsi="http://www.w3.org/2001/XMLSchema-instance" xsi:noNamespaceSchemaLocation="http://www.roblox.com/roblox.xsd" version="4">
		<External>null</External>
		<External>nil</External>
		<Item class="ShirtGraphic" referent="RBX0">
			<Properties>
			<Content name="Graphic">
				<url>http://goodblox.pw/goodblox/api/scripts/asset/?id=285</url>
			</Content>
			<string name="Name">Shirt Graphic</string>
			<bool name="archivable">true</bool>
			</Properties>
		</Item>
		</roblox>