id,type,location
1,1,http://goodblox.pw/goodblox/files/hats/xml/1.xml
2,3,http://goodblox.pw/goodblox/files/hats/texture/1.png
3,4,http://goodblox.pw/goodblox/files/hats/mesh/1.mesh
4,3,http://goodblox.pw/goodblox/files/shirts/texture/GotRoot.png
5,2,http://goodblox.pw/goodblox/files/shirts/xml/2.xml
6,5,http://goodblox.pw/goodblox/files/models/thisisthemostsecretdirectoryyouwilleverfindinyourlife/3.xml
7,3,http://goodblox.pw/goodblox/files/shirts/texture/18617cb8e9c8b5d3aff492e01446cbae.png
8,2,http://goodblox.pw/goodblox/files/shirts/xml/18617cb8e9c8b5d3aff492e01446cbae.xml
9,3,http://goodblox.pw/goodblox/files/shirts/texture/b6254632de2ed03adee38facad3b1929.png
10,2,http://goodblox.pw/goodblox/files/shirts/xml/b6254632de2ed03adee38facad3b1929.xml
11,3,http://goodblox.pw/goodblox/files/shirts/texture/a8f09ae0963cbca61e4d4b6f537668bd.png
12,2,http://goodblox.pw/goodblox/files/shirts/xml/a8f09ae0963cbca61e4d4b6f537668bd.xml
13,3,http://goodblox.pw/goodblox/files/shirts/texture/eb30c7f1cfcc02860fcc832633119aa0.png
14,2,http://goodblox.pw/goodblox/files/shirts/xml/eb30c7f1cfcc02860fcc832633119aa0.xml
15,3,http://goodblox.pw/goodblox/files/shirts/texture/08e78183974e8468b72f577847a289f5.png
16,2,http://goodblox.pw/goodblox/files/shirts/xml/08e78183974e8468b72f577847a289f5.xml
17,3,http://goodblox.pw/goodblox/files/shirts/texture/8085f1d172319da1a0d6104372c79648.png
18,2,http://goodblox.pw/goodblox/files/shirts/xml/8085f1d172319da1a0d6104372c79648.xml
19,3,http://goodblox.pw/goodblox/files/shirts/texture/907a72a5b2f6a2fd7758df31c8720d67.png
20,2,http://goodblox.pw/goodblox/files/shirts/xml/907a72a5b2f6a2fd7758df31c8720d67.xml
21,3,http://goodblox.pw/goodblox/files/shirts/texture/d9d6720d3ca531ce8a89591b3641c67e.png
22,2,http://goodblox.pw/goodblox/files/shirts/xml/d9d6720d3ca531ce8a89591b3641c67e.xml
23,3,http://goodblox.pw/goodblox/files/shirts/texture/96654985cd6a76f3052df8ead2146baf.png
24,2,http://goodblox.pw/goodblox/files/shirts/xml/96654985cd6a76f3052df8ead2146baf.xml
25,3,http://goodblox.pw/goodblox/files/shirts/texture/5f43bbc8ac7de3e5a951cb03b1b8cf7f.png
26,2,http://goodblox.pw/goodblox/files/shirts/xml/5f43bbc8ac7de3e5a951cb03b1b8cf7f.xml
27,3,http://goodblox.pw/goodblox/files/shirts/texture/52990d94792f358e9d19b28cd8e7ae62.png
28,2,http://goodblox.pw/goodblox/files/shirts/xml/52990d94792f358e9d19b28cd8e7ae62.xml
29,3,http://goodblox.pw/goodblox/files/shirts/texture/48c2f19393562ff5d82ed9faddbc5bea.png
30,2,http://goodblox.pw/goodblox/files/shirts/xml/48c2f19393562ff5d82ed9faddbc5bea.xml
31,3,http://goodblox.pw/goodblox/files/shirts/texture/2b286e2ffdecd9b0d5b9d499ea630976.png
32,2,http://goodblox.pw/goodblox/files/shirts/xml/2b286e2ffdecd9b0d5b9d499ea630976.xml
33,3,http://goodblox.pw/goodblox/files/shirts/texture/281efbfb58eb094942af85d7f2c67045.png
34,2,http://goodblox.pw/goodblox/files/shirts/xml/281efbfb58eb094942af85d7f2c67045.xml
35,3,http://goodblox.pw/goodblox/files/shirts/texture/76ca431463acdb3046d4c50c31b66220.png
36,2,http://goodblox.pw/goodblox/files/shirts/xml/76ca431463acdb3046d4c50c31b66220.xml
37,3,http://goodblox.pw/goodblox/files/shirts/texture/0584af3568ae1b1299f42155c2e2abec.png
38,2,http://goodblox.pw/goodblox/files/shirts/xml/0584af3568ae1b1299f42155c2e2abec.xml
39,3,http://goodblox.pw/goodblox/files/shirts/texture/fe00b43028538a1cd49a680d35748493.png
40,2,http://goodblox.pw/goodblox/files/shirts/xml/fe00b43028538a1cd49a680d35748493.xml
41,3,http://goodblox.pw/goodblox/files/shirts/texture/d8dbeb36761de0913967e7c47805de70.png
42,2,http://goodblox.pw/goodblox/files/shirts/xml/d8dbeb36761de0913967e7c47805de70.xml
43,3,http://goodblox.pw/goodblox/files/shirts/texture/4b82ccc5706bbeca03589c6dc54a7cf1.png
44,2,http://goodblox.pw/goodblox/files/shirts/xml/4b82ccc5706bbeca03589c6dc54a7cf1.xml
45,3,http://goodblox.pw/goodblox/files/shirts/texture/6c21bba3e53ccd729cdf701c8419aac1.png
46,2,http://goodblox.pw/goodblox/files/shirts/xml/6c21bba3e53ccd729cdf701c8419aac1.xml
47,3,http://goodblox.pw/goodblox/files/shirts/texture/a9e41f1e96a0a7154945134c6297642c.png
48,2,http://goodblox.pw/goodblox/files/shirts/xml/a9e41f1e96a0a7154945134c6297642c.xml
49,3,http://goodblox.pw/goodblox/files/shirts/texture/bb1970c338e36c7dd62505ea75362202.png
50,2,http://goodblox.pw/goodblox/files/shirts/xml/bb1970c338e36c7dd62505ea75362202.xml
51,3,http://goodblox.pw/goodblox/files/shirts/texture/08b7ad8732d95044678d45d68b3c7358.png
52,2,http://goodblox.pw/goodblox/files/shirts/xml/08b7ad8732d95044678d45d68b3c7358.xml
53,3,http://goodblox.pw/goodblox/files/shirts/texture/314c83e506446d0eb0894131ef9d2154.png
54,2,http://goodblox.pw/goodblox/files/shirts/xml/314c83e506446d0eb0894131ef9d2154.xml
55,3,http://goodblox.pw/goodblox/files/shirts/texture/d53f27e022024fbf3b2ca8fef9fa315b.png
56,2,http://goodblox.pw/goodblox/files/shirts/xml/d53f27e022024fbf3b2ca8fef9fa315b.xml
57,3,http://goodblox.pw/goodblox/files/shirts/texture/bcde8ea7744a2e9c10a1e927f03a9a45.png
58,2,http://goodblox.pw/goodblox/files/shirts/xml/bcde8ea7744a2e9c10a1e927f03a9a45.xml
59,3,http://goodblox.pw/goodblox/files/shirts/texture/5d0d3605bc865fa75c61c7334b92a657.png
60,2,http://goodblox.pw/goodblox/files/shirts/xml/5d0d3605bc865fa75c61c7334b92a657.xml
61,3,http://goodblox.pw/goodblox/files/shirts/texture/525b19328d8989f4776d6eb3fa03a4f8.png
62,2,http://goodblox.pw/goodblox/files/shirts/xml/525b19328d8989f4776d6eb3fa03a4f8.xml
63,3,http://goodblox.pw/goodblox/files/shirts/texture/5368a4569a4289b03d7c11782be802b5.png
64,2,http://goodblox.pw/goodblox/files/shirts/xml/5368a4569a4289b03d7c11782be802b5.xml
65,3,http://goodblox.pw/goodblox/files/shirts/texture/e22c90a4ce2db32ac25e6eb86cb7f530.png
66,2,http://goodblox.pw/goodblox/files/shirts/xml/e22c90a4ce2db32ac25e6eb86cb7f530.xml
67,3,http://goodblox.pw/goodblox/files/shirts/texture/7375db8ff969a9baec9f0767bbd0378f.png
68,2,http://goodblox.pw/goodblox/files/shirts/xml/7375db8ff969a9baec9f0767bbd0378f.xml
69,3,http://goodblox.pw/goodblox/files/shirts/texture/0a8bad0925fb8fde2672b7bed7692924.png
70,2,http://goodblox.pw/goodblox/files/shirts/xml/0a8bad0925fb8fde2672b7bed7692924.xml
71,3,http://goodblox.pw/goodblox/files/shirts/texture/e8b7790264c66290fa9533fc753824cb.png
72,2,http://goodblox.pw/goodblox/files/shirts/xml/e8b7790264c66290fa9533fc753824cb.xml
73,3,http://goodblox.pw/goodblox/files/shirts/texture/65e38dcf728830bd6a4422c11b92d320.png
74,2,http://goodblox.pw/goodblox/files/shirts/xml/65e38dcf728830bd6a4422c11b92d320.xml
75,3,http://goodblox.pw/goodblox/files/shirts/texture/8de2191d50c3e402d6a22478d9b65492.png
76,2,http://goodblox.pw/goodblox/files/shirts/xml/8de2191d50c3e402d6a22478d9b65492.xml
77,3,http://goodblox.pw/goodblox/files/shirts/texture/7a6d15fd1354565bd742484d76b0811d.png
78,2,http://goodblox.pw/goodblox/files/shirts/xml/7a6d15fd1354565bd742484d76b0811d.xml
79,3,http://goodblox.pw/goodblox/files/shirts/texture/79963a3605e840b026e0bd3224efe683.png
80,2,http://goodblox.pw/goodblox/files/shirts/xml/79963a3605e840b026e0bd3224efe683.xml
81,3,http://goodblox.pw/goodblox/files/shirts/texture/ae0101717e59a2a6109a1cfa179a58f3.png
82,2,http://goodblox.pw/goodblox/files/shirts/xml/ae0101717e59a2a6109a1cfa179a58f3.xml
83,3,http://goodblox.pw/goodblox/files/shirts/texture/a057ab74d7dbda21e57e2586d1d34aeb.png
84,2,http://goodblox.pw/goodblox/files/shirts/xml/a057ab74d7dbda21e57e2586d1d34aeb.xml
85,3,http://goodblox.pw/goodblox/files/shirts/texture/cc46b06a6060756758a2891f5c40b546.png
86,2,http://goodblox.pw/goodblox/files/shirts/xml/cc46b06a6060756758a2891f5c40b546.xml
87,3,http://goodblox.pw/goodblox/files/shirts/texture/c35e50ad91c3e075e3db86a2213469cd.png
105,3,http://goodblox.pw/goodblox/files/shirts/texture/b6be1ff40259f5922a65708f493971d5.png
106,2,http://goodblox.pw/goodblox/files/shirts/xml/b6be1ff40259f5922a65708f493971d5.xml
113,3,http://goodblox.pw/goodblox/files/shirts/texture/045d602bf0ccca8fffb9591147039323.png
114,2,http://goodblox.pw/goodblox/files/shirts/xml/045d602bf0ccca8fffb9591147039323.xml
115,3,http://goodblox.pw/goodblox/files/shirts/texture/22739202e7a9e9c35675a096ecbf0174.png
116,2,http://goodblox.pw/goodblox/files/shirts/xml/22739202e7a9e9c35675a096ecbf0174.xml
117,3,http://goodblox.pw/goodblox/files/shirts/texture/a07bd02826625233cf79bb2f2177d893.png
118,2,http://goodblox.pw/goodblox/files/shirts/xml/a07bd02826625233cf79bb2f2177d893.xml
119,3,http://goodblox.pw/goodblox/files/shirts/texture/a07bd02826625233cf79bb2f2177d893.png
120,2,http://goodblox.pw/goodblox/files/shirts/xml/a07bd02826625233cf79bb2f2177d893.xml
121,3,http://goodblox.pw/goodblox/files/shirts/texture/a07bd02826625233cf79bb2f2177d893.png
122,2,http://goodblox.pw/goodblox/files/shirts/xml/a07bd02826625233cf79bb2f2177d893.xml
123,3,http://goodblox.pw/goodblox/files/shirts/texture/a07bd02826625233cf79bb2f2177d893.png
124,2,http://goodblox.pw/goodblox/files/shirts/xml/a07bd02826625233cf79bb2f2177d893.xml
125,3,http://goodblox.pw/goodblox/files/shirts/texture/545f76e5eb746ce3efa8f3e1595156df.png
126,2,http://goodblox.pw/goodblox/files/shirts/xml/545f76e5eb746ce3efa8f3e1595156df.xml
127,3,http://goodblox.pw/goodblox/files/shirts/texture/545f76e5eb746ce3efa8f3e1595156df.png
128,2,http://goodblox.pw/goodblox/files/shirts/xml/545f76e5eb746ce3efa8f3e1595156df.xml
129,3,http://goodblox.pw/goodblox/files/shirts/texture/545f76e5eb746ce3efa8f3e1595156df.png
130,2,http://goodblox.pw/goodblox/files/shirts/xml/545f76e5eb746ce3efa8f3e1595156df.xml
131,3,http://goodblox.pw/goodblox/files/shirts/texture/545f76e5eb746ce3efa8f3e1595156df.png
132,2,http://goodblox.pw/goodblox/files/shirts/xml/545f76e5eb746ce3efa8f3e1595156df.xml
133,3,http://goodblox.pw/goodblox/files/shirts/texture/545f76e5eb746ce3efa8f3e1595156df.png
134,2,http://goodblox.pw/goodblox/files/shirts/xml/545f76e5eb746ce3efa8f3e1595156df.xml
135,3,http://goodblox.pw/goodblox/files/shirts/texture/ae370f0f70bea6f84cc1b17faa766aec.png
136,2,http://goodblox.pw/goodblox/files/shirts/xml/ae370f0f70bea6f84cc1b17faa766aec.xml
137,3,http://goodblox.pw/goodblox/files/shirts/texture/c6fd6f0590bf3fc767f3e3fa7bfb278b.png
138,2,http://goodblox.pw/goodblox/files/shirts/xml/c6fd6f0590bf3fc767f3e3fa7bfb278b.xml
139,3,http://goodblox.pw/goodblox/files/shirts/texture/0bd23851d6070b47cbdc780451c96fd2.png
140,2,http://goodblox.pw/goodblox/files/shirts/xml/0bd23851d6070b47cbdc780451c96fd2.xml
141,3,http://goodblox.pw/goodblox/files/shirts/texture/3b8eec60c88b087b8a19b8dbc649f59a.png
142,2,http://goodblox.pw/goodblox/files/shirts/xml/3b8eec60c88b087b8a19b8dbc649f59a.xml
143,3,http://goodblox.pw/goodblox/files/shirts/texture/9ab563599d365df91daf7ee4919f8e25.png
144,2,http://goodblox.pw/goodblox/files/shirts/xml/9ab563599d365df91daf7ee4919f8e25.xml
145,3,http://goodblox.pw/goodblox/files/shirts/texture/9ab563599d365df91daf7ee4919f8e25.png
146,2,http://goodblox.pw/goodblox/files/shirts/xml/9ab563599d365df91daf7ee4919f8e25.xml
147,3,http://goodblox.pw/goodblox/files/shirts/texture/9ab563599d365df91daf7ee4919f8e25.png
148,2,http://goodblox.pw/goodblox/files/shirts/xml/9ab563599d365df91daf7ee4919f8e25.xml
149,3,http://goodblox.pw/goodblox/files/shirts/texture/4e52c717696ed3426f30f37713929be3.png
150,2,http://goodblox.pw/goodblox/files/shirts/xml/4e52c717696ed3426f30f37713929be3.xml
151,3,http://goodblox.pw/goodblox/files/shirts/texture/4e52c717696ed3426f30f37713929be3.png
152,2,http://goodblox.pw/goodblox/files/shirts/xml/4e52c717696ed3426f30f37713929be3.xml
153,3,http://goodblox.pw/goodblox/files/shirts/texture/4e52c717696ed3426f30f37713929be3.png
154,2,http://goodblox.pw/goodblox/files/shirts/xml/4e52c717696ed3426f30f37713929be3.xml
155,3,http://goodblox.pw/goodblox/files/shirts/texture/4e52c717696ed3426f30f37713929be3.png
156,2,http://goodblox.pw/goodblox/files/shirts/xml/4e52c717696ed3426f30f37713929be3.xml
157,3,http://goodblox.pw/goodblox/files/shirts/texture/4e52c717696ed3426f30f37713929be3.png
158,2,http://goodblox.pw/goodblox/files/shirts/xml/4e52c717696ed3426f30f37713929be3.xml
159,3,http://goodblox.pw/goodblox/files/shirts/texture/5c6b5b4d962c48e56eb7c41024296b9e.png
160,2,http://goodblox.pw/goodblox/files/shirts/xml/5c6b5b4d962c48e56eb7c41024296b9e.xml
161,3,http://goodblox.pw/goodblox/files/shirts/texture/5c6b5b4d962c48e56eb7c41024296b9e.png
162,2,http://goodblox.pw/goodblox/files/shirts/xml/5c6b5b4d962c48e56eb7c41024296b9e.xml
163,3,http://goodblox.pw/goodblox/files/shirts/texture/5c6b5b4d962c48e56eb7c41024296b9e.png
164,2,http://goodblox.pw/goodblox/files/shirts/xml/5c6b5b4d962c48e56eb7c41024296b9e.xml
165,3,http://goodblox.pw/goodblox/files/shirts/texture/5c6b5b4d962c48e56eb7c41024296b9e.png
166,2,http://goodblox.pw/goodblox/files/shirts/xml/5c6b5b4d962c48e56eb7c41024296b9e.xml
167,3,http://goodblox.pw/goodblox/files/shirts/texture/5c6b5b4d962c48e56eb7c41024296b9e.png
168,2,http://goodblox.pw/goodblox/files/shirts/xml/5c6b5b4d962c48e56eb7c41024296b9e.xml
169,3,http://goodblox.pw/goodblox/files/shirts/texture/aacff7c004f2d75fbc5899a9ef59d105.png
170,2,http://goodblox.pw/goodblox/files/shirts/xml/aacff7c004f2d75fbc5899a9ef59d105.xml
171,3,http://goodblox.pw/goodblox/files/shirts/texture/aacff7c004f2d75fbc5899a9ef59d105.png
172,2,http://goodblox.pw/goodblox/files/shirts/xml/aacff7c004f2d75fbc5899a9ef59d105.xml
173,3,http://goodblox.pw/goodblox/files/shirts/texture/aacff7c004f2d75fbc5899a9ef59d105.png
174,2,http://goodblox.pw/goodblox/files/shirts/xml/aacff7c004f2d75fbc5899a9ef59d105.xml
175,3,http://goodblox.pw/goodblox/files/shirts/texture/aacff7c004f2d75fbc5899a9ef59d105.png
176,2,http://goodblox.pw/goodblox/files/shirts/xml/aacff7c004f2d75fbc5899a9ef59d105.xml
177,3,http://goodblox.pw/goodblox/files/shirts/texture/aacff7c004f2d75fbc5899a9ef59d105.png
178,2,http://goodblox.pw/goodblox/files/shirts/xml/aacff7c004f2d75fbc5899a9ef59d105.xml
179,3,http://goodblox.pw/goodblox/files/shirts/texture/aacff7c004f2d75fbc5899a9ef59d105.png
180,2,http://goodblox.pw/goodblox/files/shirts/xml/aacff7c004f2d75fbc5899a9ef59d105.xml
181,3,http://goodblox.pw/goodblox/files/shirts/texture/aacff7c004f2d75fbc5899a9ef59d105.png
182,2,http://goodblox.pw/goodblox/files/shirts/xml/aacff7c004f2d75fbc5899a9ef59d105.xml
183,3,http://goodblox.pw/goodblox/files/shirts/texture/aacff7c004f2d75fbc5899a9ef59d105.png
184,2,http://goodblox.pw/goodblox/files/shirts/xml/aacff7c004f2d75fbc5899a9ef59d105.xml
185,3,http://goodblox.pw/goodblox/files/shirts/texture/aacff7c004f2d75fbc5899a9ef59d105.png
186,2,http://goodblox.pw/goodblox/files/shirts/xml/aacff7c004f2d75fbc5899a9ef59d105.xml
187,3,http://goodblox.pw/goodblox/files/shirts/texture/bf1099c76e69d0bfa25a3cb3a5ef5cc1.png
188,2,http://goodblox.pw/goodblox/files/shirts/xml/bf1099c76e69d0bfa25a3cb3a5ef5cc1.xml
189,3,http://goodblox.pw/goodblox/files/shirts/texture/bf1099c76e69d0bfa25a3cb3a5ef5cc1.png
190,2,http://goodblox.pw/goodblox/files/shirts/xml/bf1099c76e69d0bfa25a3cb3a5ef5cc1.xml
191,3,http://goodblox.pw/goodblox/files/shirts/texture/bf1099c76e69d0bfa25a3cb3a5ef5cc1.png
192,2,http://goodblox.pw/goodblox/files/shirts/xml/bf1099c76e69d0bfa25a3cb3a5ef5cc1.xml
193,3,http://goodblox.pw/goodblox/files/shirts/texture/184470434b83dafdb3eeed583a11d400.png
194,2,http://goodblox.pw/goodblox/files/shirts/xml/184470434b83dafdb3eeed583a11d400.xml
195,3,http://goodblox.pw/goodblox/files/shirts/texture/568a475ed111dfcb428327806bd16324.png
196,2,http://goodblox.pw/goodblox/files/shirts/xml/568a475ed111dfcb428327806bd16324.xml
197,3,http://goodblox.pw/goodblox/files/shirts/texture/0b868838ecf15b5f7af68fb8b3e0f5c4.png
198,2,http://goodblox.pw/goodblox/files/shirts/xml/0b868838ecf15b5f7af68fb8b3e0f5c4.xml
199,3,http://goodblox.pw/goodblox/files/shirts/texture/ffc1a8b1e4472658c8b97f2c9dec56ae.png
200,2,http://goodblox.pw/goodblox/files/shirts/xml/ffc1a8b1e4472658c8b97f2c9dec56ae.xml
201,3,http://goodblox.pw/goodblox/files/shirts/texture/957b5c9e2b7d72b9798371b0723ee73b.png
202,2,http://goodblox.pw/goodblox/files/shirts/xml/957b5c9e2b7d72b9798371b0723ee73b.xml
203,3,http://goodblox.pw/goodblox/files/shirts/texture/4dbc72358c2d961b817497cbf2fee5e6.png
204,2,http://goodblox.pw/goodblox/files/shirts/xml/4dbc72358c2d961b817497cbf2fee5e6.xml
205,3,http://goodblox.pw/goodblox/files/shirts/texture/a9e61f15d0cc6094106b22cf1946e33d.png
206,2,http://goodblox.pw/goodblox/files/shirts/xml/a9e61f15d0cc6094106b22cf1946e33d.xml
207,3,http://goodblox.pw/goodblox/files/shirts/texture/812b8a7a2a0a71349ea6533572d29d5e.png
208,2,http://goodblox.pw/goodblox/files/shirts/xml/812b8a7a2a0a71349ea6533572d29d5e.xml
209,3,http://goodblox.pw/goodblox/files/shirts/texture/fb2c5d9b3b61fc132564a2efda8851c7.png
210,2,http://goodblox.pw/goodblox/files/shirts/xml/fb2c5d9b3b61fc132564a2efda8851c7.xml
211,3,http://goodblox.pw/goodblox/files/shirts/texture/d151e1c698ad67cbbf55df1686ccb435.png
212,2,http://goodblox.pw/goodblox/files/shirts/xml/d151e1c698ad67cbbf55df1686ccb435.xml
213,3,http://goodblox.pw/goodblox/files/shirts/texture/4754509d7bfd02cbd1e27bbd2f6a3915.png
214,2,http://goodblox.pw/goodblox/files/shirts/xml/4754509d7bfd02cbd1e27bbd2f6a3915.xml
215,3,http://goodblox.pw/goodblox/files/shirts/texture/11c8c39a482820fca758d9e837e9460f.png
216,2,http://goodblox.pw/goodblox/files/shirts/xml/11c8c39a482820fca758d9e837e9460f.xml
217,3,http://goodblox.pw/goodblox/files/shirts/texture/0b2beeb4b059b7231d48dba1f68c8fc9.png
218,2,http://goodblox.pw/goodblox/files/shirts/xml/0b2beeb4b059b7231d48dba1f68c8fc9.xml
219,3,http://goodblox.pw/goodblox/files/shirts/texture/461c67de151e490d41e97cad3e21b502.png
220,2,http://goodblox.pw/goodblox/files/shirts/xml/461c67de151e490d41e97cad3e21b502.xml
221,3,http://goodblox.pw/goodblox/files/shirts/texture/39abf221758b8d9f214880306d53f9d0.png
222,2,http://goodblox.pw/goodblox/files/shirts/xml/39abf221758b8d9f214880306d53f9d0.xml
223,3,http://goodblox.pw/goodblox/files/shirts/texture/4dca22f8890d912b271ff9a4b072f3ec.png
224,2,http://goodblox.pw/goodblox/files/shirts/xml/4dca22f8890d912b271ff9a4b072f3ec.xml
225,3,http://goodblox.pw/goodblox/files/shirts/texture/57f1bc8ea5ab575968fe14858a79cd58.png
226,2,http://goodblox.pw/goodblox/files/shirts/xml/57f1bc8ea5ab575968fe14858a79cd58.xml
227,3,http://goodblox.pw/goodblox/files/shirts/texture/3bc9acb3b80f80e41cf196c2ceb0e9bc.png
228,2,http://goodblox.pw/goodblox/files/shirts/xml/3bc9acb3b80f80e41cf196c2ceb0e9bc.xml
229,3,http://goodblox.pw/goodblox/files/shirts/texture/5992c4f929f685459447cb92becf3467.png
230,2,http://goodblox.pw/goodblox/files/shirts/xml/5992c4f929f685459447cb92becf3467.xml
231,3,http://goodblox.pw/goodblox/files/shirts/texture/cb50719032322f7cefc096955b69c51e.png
232,2,http://goodblox.pw/goodblox/files/shirts/xml/cb50719032322f7cefc096955b69c51e.xml
233,3,http://goodblox.pw/goodblox/files/shirts/texture/19cb749648ce1e3eb4cc154ea48a1375.png
234,2,http://goodblox.pw/goodblox/files/shirts/xml/19cb749648ce1e3eb4cc154ea48a1375.xml
235,3,http://goodblox.pw/goodblox/files/shirts/texture/e4577b85009942851980b93e0cf12f49.png
236,2,http://goodblox.pw/goodblox/files/shirts/xml/e4577b85009942851980b93e0cf12f49.xml
237,3,http://goodblox.pw/goodblox/files/shirts/texture/5687db270f7f451dbab17351d5cf83c2.png
238,2,http://goodblox.pw/goodblox/files/shirts/xml/5687db270f7f451dbab17351d5cf83c2.xml
239,3,http://goodblox.pw/goodblox/files/shirts/texture/1e4d0ebfd356696049d73e51ff872403.png
240,2,http://goodblox.pw/goodblox/files/shirts/xml/1e4d0ebfd356696049d73e51ff872403.xml
241,3,http://goodblox.pw/goodblox/files/shirts/texture/3fa9731016d43b20a1c27aa52f3ecd85.png
242,2,http://goodblox.pw/goodblox/files/shirts/xml/3fa9731016d43b20a1c27aa52f3ecd85.xml
243,3,http://goodblox.pw/goodblox/files/shirts/texture/8d735db9056bc26eef68175d893bc01d.png
244,2,http://goodblox.pw/goodblox/files/shirts/xml/8d735db9056bc26eef68175d893bc01d.xml
245,3,http://goodblox.pw/goodblox/files/shirts/texture/414711d1a4d3295e913866a2b2f61d78.png
246,2,http://goodblox.pw/goodblox/files/shirts/xml/414711d1a4d3295e913866a2b2f61d78.xml
247,3,http://goodblox.pw/goodblox/files/shirts/texture/3f1aa39233a8d7ccb45c399217aa40c8.png
248,2,http://goodblox.pw/goodblox/files/shirts/xml/3f1aa39233a8d7ccb45c399217aa40c8.xml
249,3,http://goodblox.pw/goodblox/files/shirts/texture/449471766c2100e33662b4c26daafd14.png
250,2,http://goodblox.pw/goodblox/files/shirts/xml/449471766c2100e33662b4c26daafd14.xml
251,3,http://goodblox.pw/goodblox/files/shirts/texture/b7b1a6c736d79993a64cdb7c0f926b8c.png
252,2,http://goodblox.pw/goodblox/files/shirts/xml/b7b1a6c736d79993a64cdb7c0f926b8c.xml
253,3,http://goodblox.pw/goodblox/files/shirts/texture/3f66a52877fc9467ea0294eb93ce4d2c.png
254,2,http://goodblox.pw/goodblox/files/shirts/xml/3f66a52877fc9467ea0294eb93ce4d2c.xml
255,3,http://goodblox.pw/goodblox/files/shirts/texture/d897cbd131d2d301667fa894408e3576.png
256,2,http://goodblox.pw/goodblox/files/shirts/xml/d897cbd131d2d301667fa894408e3576.xml
257,3,http://goodblox.pw/goodblox/files/shirts/texture/7c94a22374702091e5db73b5599f58e8.png
258,2,http://goodblox.pw/goodblox/files/shirts/xml/7c94a22374702091e5db73b5599f58e8.xml
259,3,http://goodblox.pw/goodblox/files/shirts/texture/f758f3efda049f41ad525270a1e3bb1b.png
260,2,http://goodblox.pw/goodblox/files/shirts/xml/f758f3efda049f41ad525270a1e3bb1b.xml
261,3,http://goodblox.pw/goodblox/files/shirts/texture/5e0c14cf4bec6aa97351f13184cc5af3.png
262,2,http://goodblox.pw/goodblox/files/shirts/xml/5e0c14cf4bec6aa97351f13184cc5af3.xml
263,3,http://goodblox.pw/goodblox/files/shirts/texture/68e237f7894b5262aace3fbad8b60a14.png
264,2,http://goodblox.pw/goodblox/files/shirts/xml/68e237f7894b5262aace3fbad8b60a14.xml
265,3,http://goodblox.pw/goodblox/files/shirts/texture/bf4756697eb7552f3663c50f2caef896.png
266,2,http://goodblox.pw/goodblox/files/shirts/xml/bf4756697eb7552f3663c50f2caef896.xml
267,3,http://goodblox.pw/goodblox/files/shirts/texture/2ab5e5410db8d2f8e125c27236f40463.png
268,2,http://goodblox.pw/goodblox/files/shirts/xml/2ab5e5410db8d2f8e125c27236f40463.xml
269,3,http://goodblox.pw/goodblox/files/shirts/texture/264b2427c58ba003e5d2c2dd4924357e.png
270,2,http://goodblox.pw/goodblox/files/shirts/xml/264b2427c58ba003e5d2c2dd4924357e.xml
271,3,http://goodblox.pw/goodblox/files/shirts/texture/7ca39c20ebbbd8b3a6dffc350beb837c.png
272,2,http://goodblox.pw/goodblox/files/shirts/xml/7ca39c20ebbbd8b3a6dffc350beb837c.xml
273,3,http://goodblox.pw/goodblox/files/shirts/texture/6c35a28da6277c378c62367d3c8b89b6.png
274,2,http://goodblox.pw/goodblox/files/shirts/xml/6c35a28da6277c378c62367d3c8b89b6.xml
275,3,http://goodblox.pw/goodblox/files/shirts/texture/43830ba16cdd41895407731e98fe60a5.png
276,2,http://goodblox.pw/goodblox/files/shirts/xml/43830ba16cdd41895407731e98fe60a5.xml
277,3,http://goodblox.pw/goodblox/files/shirts/texture/bb4b9e6b7e3840556e35bcf07a3b6625.png
278,2,http://goodblox.pw/goodblox/files/shirts/xml/bb4b9e6b7e3840556e35bcf07a3b6625.xml
279,3,http://goodblox.pw/goodblox/files/shirts/texture/6fea28befe93b5c38d14fdc38b597ec0.png
280,2,http://goodblox.pw/goodblox/files/shirts/xml/6fea28befe93b5c38d14fdc38b597ec0.xml
281,3,http://goodblox.pw/goodblox/files/shirts/texture/25211092ad6f52496206cc0d145dbb82.png
282,2,http://goodblox.pw/goodblox/files/shirts/xml/25211092ad6f52496206cc0d145dbb82.xml
283,3,http://goodblox.pw/goodblox/files/shirts/texture/462f8070c0d6453734b8bf1b5240454f.png
284,2,http://goodblox.pw/goodblox/files/shirts/xml/462f8070c0d6453734b8bf1b5240454f.xml
285,3,http://goodblox.pw/goodblox/files/shirts/texture/3efc0607f8c30bc0ca07cf299fdc7687.png
286,2,http://goodblox.pw/goodblox/files/shirts/xml/3efc0607f8c30bc0ca07cf299fdc7687.xml
287,3,http://goodblox.pw/goodblox/files/shirts/texture/e670f97ee8aac53d846e5e3c69d79bec.png
288,2,http://goodblox.pw/goodblox/files/shirts/xml/e670f97ee8aac53d846e5e3c69d79bec.xml
289,3,http://goodblox.pw/goodblox/files/shirts/texture/1e4adcab55e6c08aad7805e7053d6d3c.png
290,2,http://goodblox.pw/goodblox/files/shirts/xml/1e4adcab55e6c08aad7805e7053d6d3c.xml
291,3,http://goodblox.pw/goodblox/files/shirts/texture/bf7924940117fece9430ebe626b102c9.png
292,2,http://goodblox.pw/goodblox/files/shirts/xml/bf7924940117fece9430ebe626b102c9.xml
293,3,http://goodblox.pw/goodblox/files/shirts/texture/2e4ce7a20bba0c4b70b1aa622b8cee86.png
294,2,http://goodblox.pw/goodblox/files/shirts/xml/2e4ce7a20bba0c4b70b1aa622b8cee86.xml
295,3,http://goodblox.pw/goodblox/files/shirts/texture/267c1583e258d834c4c1c228e4c968c5.png
296,2,http://goodblox.pw/goodblox/files/shirts/xml/267c1583e258d834c4c1c228e4c968c5.xml
297,3,http://goodblox.pw/goodblox/files/shirts/texture/c3664883bc8ea32cad5c54850eed3a06.png
298,2,http://goodblox.pw/goodblox/files/shirts/xml/c3664883bc8ea32cad5c54850eed3a06.xml
299,3,http://goodblox.pw/goodblox/files/shirts/texture/4381eec0ab615223180076155cb5d6c2.png
300,2,http://goodblox.pw/goodblox/files/shirts/xml/4381eec0ab615223180076155cb5d6c2.xml
301,3,http://goodblox.pw/goodblox/files/shirts/texture/5b96e34f0de8953023c3c4ac398f23b3.png
302,2,http://goodblox.pw/goodblox/files/shirts/xml/5b96e34f0de8953023c3c4ac398f23b3.xml
303,3,http://goodblox.pw/goodblox/files/shirts/texture/20186190776f6ceeea6db4bd00473e92.png
304,2,http://goodblox.pw/goodblox/files/shirts/xml/20186190776f6ceeea6db4bd00473e92.xml
305,3,http://goodblox.pw/goodblox/files/shirts/texture/aafb80dcda9b9b3c0faa8fb7c8b21f77.png
306,2,http://goodblox.pw/goodblox/files/shirts/xml/aafb80dcda9b9b3c0faa8fb7c8b21f77.xml
307,3,http://goodblox.pw/goodblox/files/shirts/texture/f3c7ef6c557974823d1686958dcc611d.png
308,2,http://goodblox.pw/goodblox/files/shirts/xml/f3c7ef6c557974823d1686958dcc611d.xml
309,3,http://goodblox.pw/goodblox/files/shirts/texture/08bdace0e24b4d2ed50bbbbe3f15945e.png
310,2,http://goodblox.pw/goodblox/files/shirts/xml/08bdace0e24b4d2ed50bbbbe3f15945e.xml
311,3,http://goodblox.pw/goodblox/files/shirts/texture/370bfd0f5110b4dc9d418407336882a5.png
312,2,http://goodblox.pw/goodblox/files/shirts/xml/370bfd0f5110b4dc9d418407336882a5.xml
313,3,http://goodblox.pw/goodblox/files/shirts/texture/ef8ca2e14e6679aefc9fc1aa459e27d4.png
314,2,http://goodblox.pw/goodblox/files/shirts/xml/ef8ca2e14e6679aefc9fc1aa459e27d4.xml
315,3,http://goodblox.pw/goodblox/files/shirts/texture/59528dc0f21eb102e7fd3f34de2e090b.png
316,2,http://goodblox.pw/goodblox/files/shirts/xml/59528dc0f21eb102e7fd3f34de2e090b.xml
317,3,http://goodblox.pw/goodblox/files/shirts/texture/bedbf5b290febcf371a74cf753e65191.png
318,2,http://goodblox.pw/goodblox/files/shirts/xml/bedbf5b290febcf371a74cf753e65191.xml
319,3,http://goodblox.pw/goodblox/files/shirts/texture/20e7e8df06f97060353978ce5434bfab.png
320,2,http://goodblox.pw/goodblox/files/shirts/xml/20e7e8df06f97060353978ce5434bfab.xml
321,3,http://goodblox.pw/goodblox/files/shirts/texture/c7c51e5b10b942f4d328e4448f35b847.png
322,2,http://goodblox.pw/goodblox/files/shirts/xml/c7c51e5b10b942f4d328e4448f35b847.xml
323,3,http://goodblox.pw/goodblox/files/shirts/texture/b44350c67a610105e8e585d5d43eaaf7.png
324,2,http://goodblox.pw/goodblox/files/shirts/xml/b44350c67a610105e8e585d5d43eaaf7.xml
325,3,http://goodblox.pw/goodblox/files/shirts/texture/d998f420667d6662167f99b5f4f8d53b.png
326,2,http://goodblox.pw/goodblox/files/shirts/xml/d998f420667d6662167f99b5f4f8d53b.xml
327,3,http://goodblox.pw/goodblox/files/shirts/texture/d6d879adeb61a8201be749ccd9c30199.png
328,2,http://goodblox.pw/goodblox/files/shirts/xml/d6d879adeb61a8201be749ccd9c30199.xml
329,3,http://goodblox.pw/goodblox/files/shirts/texture/ce6e0c81519ffbba47a0417d372df2c6.png
330,2,http://goodblox.pw/goodblox/files/shirts/xml/ce6e0c81519ffbba47a0417d372df2c6.xml
331,3,http://goodblox.pw/goodblox/files/shirts/texture/f739e9aaa4d95023d2d0332781dd77e2.png
332,2,http://goodblox.pw/goodblox/files/shirts/xml/f739e9aaa4d95023d2d0332781dd77e2.xml
333,3,http://goodblox.pw/goodblox/files/shirts/texture/82de0abc3db77a057319e9ddc61d2ac2.png
334,2,http://goodblox.pw/goodblox/files/shirts/xml/82de0abc3db77a057319e9ddc61d2ac2.xml
335,3,http://goodblox.pw/goodblox/files/shirts/texture/1538ee7b9e4b7080fa066ceb579d1452.png
336,2,http://goodblox.pw/goodblox/files/shirts/xml/1538ee7b9e4b7080fa066ceb579d1452.xml
337,3,http://goodblox.pw/goodblox/files/shirts/texture/d405fa1722a1d21f44d4a27182f470e3.png
338,2,http://goodblox.pw/goodblox/files/shirts/xml/d405fa1722a1d21f44d4a27182f470e3.xml
339,3,http://goodblox.pw/goodblox/files/shirts/texture/63ab0145fe8f6fce4bdc2e65169071ef.png
340,2,http://goodblox.pw/goodblox/files/shirts/xml/63ab0145fe8f6fce4bdc2e65169071ef.xml
341,3,http://goodblox.pw/goodblox/files/shirts/texture/85caa9185a024d9e41c7144c04a307a4.png
342,2,http://goodblox.pw/goodblox/files/shirts/xml/85caa9185a024d9e41c7144c04a307a4.xml
343,3,http://goodblox.pw/goodblox/files/shirts/texture/ad9645bf904c80eba630f96afecc5443.png
344,2,http://goodblox.pw/goodblox/files/shirts/xml/ad9645bf904c80eba630f96afecc5443.xml
345,3,http://goodblox.pw/goodblox/files/shirts/texture/50e7684a2d61c5273d971b7d571242e9.png
346,2,http://goodblox.pw/goodblox/files/shirts/xml/50e7684a2d61c5273d971b7d571242e9.xml
347,3,http://goodblox.pw/goodblox/files/shirts/texture/05166385c74705262f25489383258920.png
348,2,http://goodblox.pw/goodblox/files/shirts/xml/05166385c74705262f25489383258920.xml
349,3,http://goodblox.pw/goodblox/files/shirts/texture/cef21945cf85ece039c491b13fa595f8.png
350,2,http://goodblox.pw/goodblox/files/shirts/xml/cef21945cf85ece039c491b13fa595f8.xml
351,3,http://goodblox.pw/goodblox/files/shirts/texture/5125fc0e6c229d742bc1ba904984a512.png
352,2,http://goodblox.pw/goodblox/files/shirts/xml/5125fc0e6c229d742bc1ba904984a512.xml
353,3,http://goodblox.pw/goodblox/files/shirts/texture/43da9e415b7be4b8f7ac5c1e435204c9.png
354,2,http://goodblox.pw/goodblox/files/shirts/xml/43da9e415b7be4b8f7ac5c1e435204c9.xml
355,3,http://goodblox.pw/goodblox/files/shirts/texture/32533ad65e6f365d7005c0c938933b20.png
356,2,http://goodblox.pw/goodblox/files/shirts/xml/32533ad65e6f365d7005c0c938933b20.xml
357,3,http://goodblox.pw/goodblox/files/shirts/texture/5e353b8a363637bd7abfb206eca043f8.png
358,2,http://goodblox.pw/goodblox/files/shirts/xml/5e353b8a363637bd7abfb206eca043f8.xml
359,3,http://goodblox.pw/goodblox/files/shirts/texture/69125ac3ed295ac89380f1d7709032f3.png
360,2,http://goodblox.pw/goodblox/files/shirts/xml/69125ac3ed295ac89380f1d7709032f3.xml
361,3,http://goodblox.pw/goodblox/files/shirts/texture/d9d6ef896792837bc59ed76e2c810c38.png
362,2,http://goodblox.pw/goodblox/files/shirts/xml/d9d6ef896792837bc59ed76e2c810c38.xml
363,3,http://goodblox.pw/goodblox/files/shirts/texture/a2ec9d57cc3a9c6e0559536d63e8b5f0.png
364,2,http://goodblox.pw/goodblox/files/shirts/xml/a2ec9d57cc3a9c6e0559536d63e8b5f0.xml
365,3,http://goodblox.pw/goodblox/files/shirts/texture/52647ff5257fbcdf0a6fef0e1114ef21.png
366,2,http://goodblox.pw/goodblox/files/shirts/xml/52647ff5257fbcdf0a6fef0e1114ef21.xml
367,3,http://goodblox.pw/goodblox/files/shirts/texture/81fa28f50dcce932d765e4ba7102a74e.png
368,2,http://goodblox.pw/goodblox/files/shirts/xml/81fa28f50dcce932d765e4ba7102a74e.xml
369,3,http://goodblox.pw/goodblox/files/shirts/texture/aa34627223f6535577b56f55c27f166f.png
370,2,http://goodblox.pw/goodblox/files/shirts/xml/aa34627223f6535577b56f55c27f166f.xml
371,3,http://goodblox.pw/goodblox/files/shirts/texture/9b8908d79b589e7ce5c3c69416345c80.png
372,2,http://goodblox.pw/goodblox/files/shirts/xml/9b8908d79b589e7ce5c3c69416345c80.xml
373,3,http://goodblox.pw/goodblox/files/shirts/texture/383170a376e7d411b131d58962b31eb4.png
374,2,http://goodblox.pw/goodblox/files/shirts/xml/383170a376e7d411b131d58962b31eb4.xml
375,3,http://goodblox.pw/goodblox/files/shirts/texture/e71656c50a7a15bb867f1496c49ddc18.png
376,2,http://goodblox.pw/goodblox/files/shirts/xml/e71656c50a7a15bb867f1496c49ddc18.xml
377,3,http://goodblox.pw/goodblox/files/shirts/texture/b929c216dbc83e0e35479dce4be6689d.png
378,2,http://goodblox.pw/goodblox/files/shirts/xml/b929c216dbc83e0e35479dce4be6689d.xml
379,3,http://goodblox.pw/goodblox/files/shirts/texture/a798b714b16b78af0dc54afe88890106.png
380,2,http://goodblox.pw/goodblox/files/shirts/xml/a798b714b16b78af0dc54afe88890106.xml
381,3,http://goodblox.pw/goodblox/files/shirts/texture/aebb7ab759cf35324651537bc60190d3.png
382,2,http://goodblox.pw/goodblox/files/shirts/xml/aebb7ab759cf35324651537bc60190d3.xml
383,3,http://goodblox.pw/goodblox/files/shirts/texture/c8ee3b45e82d55d8ed58eb67e9d484b7.png
384,2,http://goodblox.pw/goodblox/files/shirts/xml/c8ee3b45e82d55d8ed58eb67e9d484b7.xml
385,3,http://goodblox.pw/goodblox/files/shirts/texture/fd0cc4ed017063c5e880037549934292.png
386,2,http://goodblox.pw/goodblox/files/shirts/xml/fd0cc4ed017063c5e880037549934292.xml
387,3,http://goodblox.pw/goodblox/files/shirts/texture/3e6f8eb49902ed3e086998b8ad043348.png
388,2,http://goodblox.pw/goodblox/files/shirts/xml/3e6f8eb49902ed3e086998b8ad043348.xml
389,3,http://goodblox.pw/goodblox/files/shirts/texture/f873ee433a788da73e0dfaa7f4aa7ae9.png
390,2,http://goodblox.pw/goodblox/files/shirts/xml/f873ee433a788da73e0dfaa7f4aa7ae9.xml
391,3,http://goodblox.pw/goodblox/files/shirts/texture/b8abf13a9736209330e34f97952af0f3.png
392,2,http://goodblox.pw/goodblox/files/shirts/xml/b8abf13a9736209330e34f97952af0f3.xml
393,3,http://goodblox.pw/goodblox/files/shirts/texture/900e718ab4580141e988b62588f50ee4.png
394,2,http://goodblox.pw/goodblox/files/shirts/xml/900e718ab4580141e988b62588f50ee4.xml
395,3,http://goodblox.pw/goodblox/files/shirts/texture/c6396a177c96eafb2a11db53a5eec629.png
396,2,http://goodblox.pw/goodblox/files/shirts/xml/c6396a177c96eafb2a11db53a5eec629.xml
397,3,http://goodblox.pw/goodblox/files/shirts/texture/7d622cadf0171e061755a7f23e54ee84.png
398,2,http://goodblox.pw/goodblox/files/shirts/xml/7d622cadf0171e061755a7f23e54ee84.xml
399,3,http://goodblox.pw/goodblox/files/shirts/texture/01809a5a1300e0afae1370c0bbf37e33.png
400,2,http://goodblox.pw/goodblox/files/shirts/xml/01809a5a1300e0afae1370c0bbf37e33.xml
401,3,http://goodblox.pw/goodblox/files/shirts/texture/b92ca42bfbc59e9a74d77572eb068574.png
402,2,http://goodblox.pw/goodblox/files/shirts/xml/b92ca42bfbc59e9a74d77572eb068574.xml
403,3,http://goodblox.pw/goodblox/files/shirts/texture/2d58d1ccb498fc0dc4ba2ab61e318ca6.png
404,2,http://goodblox.pw/goodblox/files/shirts/xml/2d58d1ccb498fc0dc4ba2ab61e318ca6.xml
405,3,http://goodblox.pw/goodblox/files/shirts/texture/e6999684b499ea54e814e819d1df5fb0.png
406,2,http://goodblox.pw/goodblox/files/shirts/xml/e6999684b499ea54e814e819d1df5fb0.xml
407,3,http://goodblox.pw/goodblox/files/shirts/texture/826340082efe9f5fb639fb2e537b2208.png
408,2,http://goodblox.pw/goodblox/files/shirts/xml/826340082efe9f5fb639fb2e537b2208.xml
409,3,http://goodblox.pw/goodblox/files/shirts/texture/6e6a0ffd9d39057e569c6a280462f992.png
410,2,http://goodblox.pw/goodblox/files/shirts/xml/6e6a0ffd9d39057e569c6a280462f992.xml
411,3,http://goodblox.pw/goodblox/files/shirts/texture/15b1e26bfd9aa9de357ba60ab37789ab.png
412,2,http://goodblox.pw/goodblox/files/shirts/xml/15b1e26bfd9aa9de357ba60ab37789ab.xml
413,3,http://goodblox.pw/goodblox/files/shirts/texture/76f58b3910f483b1a7efbb3b8183c756.png
414,2,http://goodblox.pw/goodblox/files/shirts/xml/76f58b3910f483b1a7efbb3b8183c756.xml
415,3,http://goodblox.pw/goodblox/files/shirts/texture/837c7382ede8be599e1ca57cc6c0b0d4.png
416,2,http://goodblox.pw/goodblox/files/shirts/xml/837c7382ede8be599e1ca57cc6c0b0d4.xml
417,3,http://goodblox.pw/goodblox/files/shirts/texture/3200b738f815a0cd2c291b43273d6a36.png
418,2,http://goodblox.pw/goodblox/files/shirts/xml/3200b738f815a0cd2c291b43273d6a36.xml
419,3,http://goodblox.pw/goodblox/files/shirts/texture/f25aefa9ec28d6c3b707aea1d8f58efa.png
420,2,http://goodblox.pw/goodblox/files/shirts/xml/f25aefa9ec28d6c3b707aea1d8f58efa.xml
421,3,http://goodblox.pw/goodblox/files/shirts/texture/9ab8032b249de41689a5524dd7730026.png
422,2,http://goodblox.pw/goodblox/files/shirts/xml/9ab8032b249de41689a5524dd7730026.xml
423,3,http://goodblox.pw/goodblox/files/shirts/texture/a6f03c159bdd4e32817b9db72ed373b3.png
424,2,http://goodblox.pw/goodblox/files/shirts/xml/a6f03c159bdd4e32817b9db72ed373b3.xml
425,3,http://goodblox.pw/goodblox/files/shirts/texture/8ff474bb5bcf572f8d9cb17a3f440dcb.png
426,2,http://goodblox.pw/goodblox/files/shirts/xml/8ff474bb5bcf572f8d9cb17a3f440dcb.xml
427,3,http://goodblox.pw/goodblox/files/shirts/texture/4ef74f333119bd01b04a8441440659f7.png
428,2,http://goodblox.pw/goodblox/files/shirts/xml/4ef74f333119bd01b04a8441440659f7.xml
429,3,http://goodblox.pw/goodblox/files/shirts/texture/459d9507634d07200a6c9ae520fdcc9d.png
430,2,http://goodblox.pw/goodblox/files/shirts/xml/459d9507634d07200a6c9ae520fdcc9d.xml
431,3,http://goodblox.pw/goodblox/files/shirts/texture/c7a537778e56cfeb852e856bf07f3ac1.png
432,2,http://goodblox.pw/goodblox/files/shirts/xml/c7a537778e56cfeb852e856bf07f3ac1.xml
433,3,http://goodblox.pw/goodblox/files/shirts/texture/983b22241bc8dc833d342e5b4610e708.png
434,2,http://goodblox.pw/goodblox/files/shirts/xml/983b22241bc8dc833d342e5b4610e708.xml
435,3,http://goodblox.pw/goodblox/files/shirts/texture/9ee67d8ab34a2321af5b58d8bb5bbe07.png
436,2,http://goodblox.pw/goodblox/files/shirts/xml/9ee67d8ab34a2321af5b58d8bb5bbe07.xml
437,3,http://goodblox.pw/goodblox/files/shirts/texture/14316b7773d521a2113b4969541320d5.png
438,2,http://goodblox.pw/goodblox/files/shirts/xml/14316b7773d521a2113b4969541320d5.xml
439,3,http://goodblox.pw/goodblox/files/shirts/texture/242557f059f17da3ef5211b89a370798.png
440,2,http://goodblox.pw/goodblox/files/shirts/xml/242557f059f17da3ef5211b89a370798.xml
441,3,http://goodblox.pw/goodblox/files/shirts/texture/f715748e6bb1d0bfe55c35500b600579.png
442,2,http://goodblox.pw/goodblox/files/shirts/xml/f715748e6bb1d0bfe55c35500b600579.xml
443,3,http://goodblox.pw/goodblox/files/shirts/texture/c96f8ff4a1e3db89b51d0948f8202a0b.png
444,2,http://goodblox.pw/goodblox/files/shirts/xml/c96f8ff4a1e3db89b51d0948f8202a0b.xml
445,3,http://goodblox.pw/goodblox/files/shirts/texture/4297ff702613a63474561a3fc0415a40.png
446,2,http://goodblox.pw/goodblox/files/shirts/xml/4297ff702613a63474561a3fc0415a40.xml
447,3,http://goodblox.pw/goodblox/files/shirts/texture/d91f6e693f5b8c828849ff648445791d.png
448,2,http://goodblox.pw/goodblox/files/shirts/xml/d91f6e693f5b8c828849ff648445791d.xml
449,3,http://goodblox.pw/goodblox/files/shirts/texture/09a3e00a0569c529051a3aec69066a52.png
450,2,http://goodblox.pw/goodblox/files/shirts/xml/09a3e00a0569c529051a3aec69066a52.xml
451,3,http://goodblox.pw/goodblox/files/shirts/texture/0f352b2d4e8f779ab09382ef62a49dd1.png
452,2,http://goodblox.pw/goodblox/files/shirts/xml/0f352b2d4e8f779ab09382ef62a49dd1.xml
453,3,http://goodblox.pw/goodblox/files/shirts/texture/7e32b7750a0499319db8b075a68d7a75.png
454,2,http://goodblox.pw/goodblox/files/shirts/xml/7e32b7750a0499319db8b075a68d7a75.xml
455,3,http://goodblox.pw/goodblox/files/shirts/texture/ccba46428d947aead2b56e06b042b881.png
456,2,http://goodblox.pw/goodblox/files/shirts/xml/ccba46428d947aead2b56e06b042b881.xml
457,3,http://goodblox.pw/goodblox/files/shirts/texture/038eaf2d1407b827bcf4461efc349b6c.png
458,2,http://goodblox.pw/goodblox/files/shirts/xml/038eaf2d1407b827bcf4461efc349b6c.xml
459,3,http://goodblox.pw/goodblox/files/shirts/texture/8058c470541dc1a111a1802dcbb83310.png
460,2,http://goodblox.pw/goodblox/files/shirts/xml/8058c470541dc1a111a1802dcbb83310.xml
461,3,http://goodblox.pw/goodblox/files/shirts/texture/7e439ece086c93165cdd0463ea6b973f.png
462,2,http://goodblox.pw/goodblox/files/shirts/xml/7e439ece086c93165cdd0463ea6b973f.xml
463,3,http://goodblox.pw/goodblox/files/shirts/texture/68c147f2fdcc6e84e9f1fd60b12dc21a.png
464,2,http://goodblox.pw/goodblox/files/shirts/xml/68c147f2fdcc6e84e9f1fd60b12dc21a.xml
465,3,http://goodblox.pw/goodblox/files/shirts/texture/eac0008c6a43aab9d84143ebec63e061.png
466,2,http://goodblox.pw/goodblox/files/shirts/xml/eac0008c6a43aab9d84143ebec63e061.xml
467,3,http://goodblox.pw/goodblox/files/shirts/texture/e948afd97993ec1a4de52e3f84096afa.png
468,2,http://goodblox.pw/goodblox/files/shirts/xml/e948afd97993ec1a4de52e3f84096afa.xml
469,3,http://goodblox.pw/goodblox/files/shirts/texture/ee2e3462ecf27dd08b08f1e429725cba.png
470,2,http://goodblox.pw/goodblox/files/shirts/xml/ee2e3462ecf27dd08b08f1e429725cba.xml
471,3,http://goodblox.pw/goodblox/files/shirts/texture/ced8a93669419c96bdb6843b1a63920c.png
472,2,http://goodblox.pw/goodblox/files/shirts/xml/ced8a93669419c96bdb6843b1a63920c.xml
473,3,http://goodblox.pw/goodblox/files/shirts/texture/5babd4f650e1d195f1bb3d520b44e126.png
474,2,http://goodblox.pw/goodblox/files/shirts/xml/5babd4f650e1d195f1bb3d520b44e126.xml
475,3,http://goodblox.pw/goodblox/files/shirts/texture/254dd0046717f7b857ba3e69da849789.png
476,2,http://goodblox.pw/goodblox/files/shirts/xml/254dd0046717f7b857ba3e69da849789.xml
477,3,http://goodblox.pw/goodblox/files/shirts/texture/4b3e2969c105d26462f118e6e1a1fce7.png
478,2,http://goodblox.pw/goodblox/files/shirts/xml/4b3e2969c105d26462f118e6e1a1fce7.xml
479,3,http://goodblox.pw/goodblox/files/shirts/texture/92b6ef6775dd058bede614256b8ad0d7.png
480,2,http://goodblox.pw/goodblox/files/shirts/xml/92b6ef6775dd058bede614256b8ad0d7.xml
481,3,http://goodblox.pw/goodblox/files/shirts/texture/709b26dabea43873c66df93d3fe3252c.png
482,2,http://goodblox.pw/goodblox/files/shirts/xml/709b26dabea43873c66df93d3fe3252c.xml
483,3,http://goodblox.pw/goodblox/files/shirts/texture/c90cfb4d199072fea0efd86e80275d09.png
484,2,http://goodblox.pw/goodblox/files/shirts/xml/c90cfb4d199072fea0efd86e80275d09.xml
485,3,http://goodblox.pw/goodblox/files/shirts/texture/fc9ff4fffe13fcd122500c5ad2933449.png
486,2,http://goodblox.pw/goodblox/files/shirts/xml/fc9ff4fffe13fcd122500c5ad2933449.xml
487,3,http://goodblox.pw/goodblox/files/shirts/texture/2258ba6652e69c69915450253fbaf38f.png
488,2,http://goodblox.pw/goodblox/files/shirts/xml/2258ba6652e69c69915450253fbaf38f.xml
489,3,http://goodblox.pw/goodblox/files/shirts/texture/c10266c438951e6bb7747f50cab9af2e.png
490,2,http://goodblox.pw/goodblox/files/shirts/xml/c10266c438951e6bb7747f50cab9af2e.xml
491,3,http://goodblox.pw/goodblox/files/shirts/texture/3986c977e126e646e695ff233664b13c.png
492,2,http://goodblox.pw/goodblox/files/shirts/xml/3986c977e126e646e695ff233664b13c.xml
493,3,http://goodblox.pw/goodblox/files/shirts/texture/7adcd6e28e93e02413633bb0bc706aba.png
494,2,http://goodblox.pw/goodblox/files/shirts/xml/7adcd6e28e93e02413633bb0bc706aba.xml
495,3,http://goodblox.pw/goodblox/files/shirts/texture/c2b8b675fae0103ca3ff1fb5ffe14761.png
496,2,http://goodblox.pw/goodblox/files/shirts/xml/c2b8b675fae0103ca3ff1fb5ffe14761.xml
497,3,http://goodblox.pw/goodblox/files/shirts/texture/309486872ff159128fad70b59b5f9cf8.png
498,2,http://goodblox.pw/goodblox/files/shirts/xml/309486872ff159128fad70b59b5f9cf8.xml
499,3,http://goodblox.pw/goodblox/files/shirts/texture/c2911a832cf0e308f0e98b10d9e240ef.png
500,2,http://goodblox.pw/goodblox/files/shirts/xml/c2911a832cf0e308f0e98b10d9e240ef.xml
501,3,http://goodblox.pw/goodblox/files/shirts/texture/73c09e1dc8a8c8d2828105aaee6a358d.png
502,2,http://goodblox.pw/goodblox/files/shirts/xml/73c09e1dc8a8c8d2828105aaee6a358d.xml
503,3,http://goodblox.pw/goodblox/files/shirts/texture/3d0b0da87de79291b3b3766fd310aec0.png
504,2,http://goodblox.pw/goodblox/files/shirts/xml/3d0b0da87de79291b3b3766fd310aec0.xml
505,3,http://goodblox.pw/goodblox/files/shirts/texture/ba3397c7b4011345ee05d32013e1b4a7.png
506,2,http://goodblox.pw/goodblox/files/shirts/xml/ba3397c7b4011345ee05d32013e1b4a7.xml
507,3,http://goodblox.pw/goodblox/files/shirts/texture/3f9195b6a0d31bd0fa419cd77b48785a.png
508,2,http://goodblox.pw/goodblox/files/shirts/xml/3f9195b6a0d31bd0fa419cd77b48785a.xml
509,3,http://goodblox.pw/goodblox/files/shirts/texture/532bbfb9c4cea2ebfa0c602ddc9974cf.png
510,2,http://goodblox.pw/goodblox/files/shirts/xml/532bbfb9c4cea2ebfa0c602ddc9974cf.xml
511,3,http://goodblox.pw/goodblox/files/shirts/texture/0c8a59b9bf11d4e5d6fb068dadc4084a.png
512,2,http://goodblox.pw/goodblox/files/shirts/xml/0c8a59b9bf11d4e5d6fb068dadc4084a.xml
513,3,http://goodblox.pw/goodblox/files/shirts/texture/6a1f29b717c19b028fb00dff48beeb2a.png
514,2,http://goodblox.pw/goodblox/files/shirts/xml/6a1f29b717c19b028fb00dff48beeb2a.xml
515,3,http://goodblox.pw/goodblox/files/shirts/texture/585ebdeed2a7184b5ee780d1bcbec2db.png
516,2,http://goodblox.pw/goodblox/files/shirts/xml/585ebdeed2a7184b5ee780d1bcbec2db.xml
517,3,http://goodblox.pw/goodblox/files/shirts/texture/bb0fc2ca577df231ec35daa6b27b1f5c.png
518,2,http://goodblox.pw/goodblox/files/shirts/xml/bb0fc2ca577df231ec35daa6b27b1f5c.xml
519,3,http://goodblox.pw/goodblox/files/shirts/texture/20af382bdb00e2fb78a0ebe6fd2c7503.png
520,2,http://goodblox.pw/goodblox/files/shirts/xml/20af382bdb00e2fb78a0ebe6fd2c7503.xml
521,3,http://goodblox.pw/goodblox/files/shirts/texture/e32176f668755b80292e81d00f4fc5b0.png
522,2,http://goodblox.pw/goodblox/files/shirts/xml/e32176f668755b80292e81d00f4fc5b0.xml
523,3,http://goodblox.pw/goodblox/files/shirts/texture/87cbe488944c8f4d750f694156bb0a8d.png
524,2,http://goodblox.pw/goodblox/files/shirts/xml/87cbe488944c8f4d750f694156bb0a8d.xml
525,3,http://goodblox.pw/goodblox/files/shirts/texture/a5543376881441f5b1faba451e76e7a3.png
526,2,http://goodblox.pw/goodblox/files/shirts/xml/a5543376881441f5b1faba451e76e7a3.xml
527,3,http://goodblox.pw/goodblox/files/shirts/texture/75227ee322be55c6ebd3a474583233e4.png
528,2,http://goodblox.pw/goodblox/files/shirts/xml/75227ee322be55c6ebd3a474583233e4.xml
529,3,http://goodblox.pw/goodblox/files/shirts/texture/02b68c52b5fc419e24afb8381cd1c017.png
530,2,http://goodblox.pw/goodblox/files/shirts/xml/02b68c52b5fc419e24afb8381cd1c017.xml
531,3,http://goodblox.pw/goodblox/files/shirts/texture/8ce7e85ea64e48170bac8c4eecba3861.png
532,2,http://goodblox.pw/goodblox/files/shirts/xml/8ce7e85ea64e48170bac8c4eecba3861.xml
533,3,http://goodblox.pw/goodblox/files/shirts/texture/e41167bbdda10428e50698c0c0a6d321.png
534,2,http://goodblox.pw/goodblox/files/shirts/xml/e41167bbdda10428e50698c0c0a6d321.xml
535,3,http://goodblox.pw/goodblox/files/shirts/texture/f147f402bdb50b8a1217d528052584ff.png
536,2,http://goodblox.pw/goodblox/files/shirts/xml/f147f402bdb50b8a1217d528052584ff.xml
537,3,http://goodblox.pw/goodblox/files/shirts/texture/274d048f84b3d0013d550165fcd94035.png
538,2,http://goodblox.pw/goodblox/files/shirts/xml/274d048f84b3d0013d550165fcd94035.xml
539,3,http://goodblox.pw/goodblox/files/shirts/texture/4284474abb3f603495be924e1d692bbd.png
540,2,http://goodblox.pw/goodblox/files/shirts/xml/4284474abb3f603495be924e1d692bbd.xml
541,3,http://goodblox.pw/goodblox/files/shirts/texture/1feb83addb291773e2b79a300a7f356e.png
542,2,http://goodblox.pw/goodblox/files/shirts/xml/1feb83addb291773e2b79a300a7f356e.xml
543,3,http://goodblox.pw/goodblox/files/shirts/texture/57f73948c5686a4e4515b8f9ca87be52.png
544,2,http://goodblox.pw/goodblox/files/shirts/xml/57f73948c5686a4e4515b8f9ca87be52.xml
545,3,http://goodblox.pw/goodblox/files/shirts/texture/71d49f2cb7df5e1334ee998e3c03af90.png
546,2,http://goodblox.pw/goodblox/files/shirts/xml/71d49f2cb7df5e1334ee998e3c03af90.xml
547,3,http://goodblox.pw/goodblox/files/shirts/texture/3e3ba55e57414a8e6774d220f95dc3ed.png
548,2,http://goodblox.pw/goodblox/files/shirts/xml/3e3ba55e57414a8e6774d220f95dc3ed.xml
549,3,http://goodblox.pw/goodblox/files/shirts/texture/a7153840effb055d21db1d3e6eb1eab0.png
550,2,http://goodblox.pw/goodblox/files/shirts/xml/a7153840effb055d21db1d3e6eb1eab0.xml
551,3,http://goodblox.pw/goodblox/files/shirts/texture/2191d1bd6fc1fec7c081ab695e8c5a9b.png
552,2,http://goodblox.pw/goodblox/files/shirts/xml/2191d1bd6fc1fec7c081ab695e8c5a9b.xml
553,3,http://goodblox.pw/goodblox/files/shirts/texture/4c36499e04a46e4cd3ecbe0cbb6261ad.png
554,2,http://goodblox.pw/goodblox/files/shirts/xml/4c36499e04a46e4cd3ecbe0cbb6261ad.xml
555,3,http://goodblox.pw/goodblox/files/shirts/texture/359a13837bb7feff8baaf59f625431c3.png
556,2,http://goodblox.pw/goodblox/files/shirts/xml/359a13837bb7feff8baaf59f625431c3.xml
557,3,http://goodblox.pw/goodblox/files/shirts/texture/91dd0bd10a80a3883ddf9b6aaf15631a.png
558,2,http://goodblox.pw/goodblox/files/shirts/xml/91dd0bd10a80a3883ddf9b6aaf15631a.xml
559,3,http://goodblox.pw/goodblox/files/shirts/texture/cdccc5909f446f082fe25dc3cda7f530.png
560,2,http://goodblox.pw/goodblox/files/shirts/xml/cdccc5909f446f082fe25dc3cda7f530.xml
561,3,http://goodblox.pw/goodblox/files/shirts/texture/9d4d6b125f0acd231a51a3e25fd2dd13.png
562,2,http://goodblox.pw/goodblox/files/shirts/xml/9d4d6b125f0acd231a51a3e25fd2dd13.xml
563,3,http://goodblox.pw/goodblox/files/shirts/texture/de243858b48b309afa7a76f1afc1e1ba.png
564,2,http://goodblox.pw/goodblox/files/shirts/xml/de243858b48b309afa7a76f1afc1e1ba.xml
565,3,http://goodblox.pw/goodblox/files/shirts/texture/1c476889141ab766736c84ba17839ccd.png
566,2,http://goodblox.pw/goodblox/files/shirts/xml/1c476889141ab766736c84ba17839ccd.xml
567,3,http://goodblox.pw/goodblox/files/shirts/texture/641cf5eebfe71442f8f194d912fb8ca5.png
568,2,http://goodblox.pw/goodblox/files/shirts/xml/641cf5eebfe71442f8f194d912fb8ca5.xml
