id,uid,type,reason,notes,asset,assetID,assetType,object,objectID,objectType,ban_date,bannerID,unactivatedBy,activated,unactivation_date
1,72,5,Fick,Fick,0,NULL,NULL,0,NULL,NULL,1544631786,3,72,0,1550500937
2,72,0,test,,0,0,0,0,0,0,1550380587,6,72,0,1550500937
3,72,0,test,,0,0,0,0,0,0,1550380595,6,72,0,1550500937
4,72,5, This content is not appropriate. Hate speech is not permitted on GoodBlox. ,,0,0,0,0,0,0,1550415102,2,72,0,1550500937
5,72,5,This username is not appropriate for GoodBlox.,,0,0,0,0,0,0,1550415198,2,72,0,1550500937
6,72,5,This username is not appropriate for GoodBlox.,,0,0,0,0,0,0,1550415224,2,72,0,1550500937
7,72,5,This username is not appropriate for GoodBlox.,,0,0,0,0,0,0,1550415230,2,72,0,1550500937
8,72,5,This username is not appropriate for GoodBlox.,,0,0,0,0,0,0,1550415462,2,72,0,1550500937
9,72,5,This username is not appropriate for GoodBlox.,,0,0,0,0,0,0,1550415486,2,72,0,1550500937
10,72,5,This username is not appropriate for GoodBlox.,,0,0,0,0,0,0,1550415559,2,72,0,1550500937
11,72,5,This username is not appropriate for GoodBlox.,,0,0,0,0,0,0,1550415565,2,72,0,1550500937
12,72,5,Under-13s are not allowed on GoodBlox.,,0,0,0,0,0,0,1550416012,2,72,0,1550500937
13,72,5,Underage,,0,0,0,0,0,0,1550416082,8,72,0,1550500937
14,72,5,Underage,,0,0,0,0,0,0,1550416212,8,72,0,1550500937
15,72,5,Ban Evasion ,,0,0,0,0,0,0,1550416320,8,72,0,1550500937
16,72,5,Ban Evasion - You might as well stop LOL,,0,0,0,0,0,0,1550416399,8,72,0,1550500937
17,72,5,This username is not appropriate for GoodBlox.,,0,0,0,0,0,0,1550417159,2,72,0,1550500937
18,72,0,Please do not inappropriate content.,,0,0,0,0,0,0,1550425602,8,72,0,1550500937
19,72,0,This image is not appropriate for GoodBlox. Please read our rules and only upload appropriate content.,,0,0,0,0,0,0,1550425609,3,72,0,1550500937
20,72,0,no,,0,0,0,0,0,0,1550426627,10,72,0,1550500937
21,72,5,This username is not appropriate for GoodBlox.,,0,0,0,0,0,0,1550427473,2,72,0,1550500937
22,72,0,Do not post offensive shirts.,114,0,0,0,0,0,0,1550427484,12,72,0,1550500937
23,72,1,Do not post innapropriate content on GoodBlox.,,0,0,0,0,0,0,1550427626,12,72,0,1550500937
24,72,0,Do not post offensive symbols on GoodBlox.,,0,0,0,0,0,0,1550427775,12,72,0,1550500937
25,72,5,Your username is inappropriate for GoodBlox.,,0,0,0,0,0,0,1550448233,5,72,0,1550500937
26,72,5,Your username is inappropriate for GoodBlox.,,0,0,0,0,0,0,1550448252,5,72,0,1550500937
27,72,5,Your username is inappropriate for GoodBlox.,,0,0,0,0,0,0,1550448266,5,72,0,1550500937
28,72,5,Your username is inappropriate for GoodBlox.,,0,0,0,0,0,0,1550448279,5,72,0,1550500937
29,72,5,Your username is inappropriate for GoodBlox.,,0,0,0,0,0,0,1550448302,5,72,0,1550500937
30,72,5,Your username is inappropriate for GoodBlox.,,0,0,0,0,0,0,1550448318,5,72,0,1550500937
31,72,5,Do not create accounts just for the purpose of breaking the rules.,,0,0,0,0,0,0,1550448354,5,72,0,1550500937
32,72,5,Do not create accounts just for the purpose of breaking the rules.,,0,0,0,0,0,0,1550448366,5,72,0,1550500937
33,72,5,Do not create accounts just for the purpose of breaking the rules.,,0,0,0,0,0,0,1550448461,5,72,0,1550500937
34,72,5,Underage.,,0,0,0,0,0,0,1550495403,8,72,0,1550500937
35,72,5,Underage,,0,0,0,0,0,0,1550495503,8,72,0,1550500937
36,72,5,Alt of an banned account,,0,0,0,0,0,0,1550495524,8,72,0,1550500937
37,72,5,Alt of an banned account.,,0,0,0,0,0,0,1550495537,8,72,0,1550500937
38,72,0,Do not upload inappropriate assets to GoodBlox.,,0,0,0,0,0,0,1550497596,8,72,0,1550500937
