id,asset_id,textureid,bux,tix,sale,type,name,sname,deleted,creator_id,comments,approved,moderated,description,time_created,time_updated,realcreator,thumbnailUrl
1,1,2,50,0,1,1,Wizards Hat,WizardsHat,0,1,1,1,0,Expelliarmus! Rictusempra! Teapoticus!,1543158193,1543158193,2,NULL
2,5,4,0,10,1,2,Got Root?,GotRoot,0,2,1,1,0,Have you got root access? Because I have.,1543172954,1546682604,NULL,NULL
3,6,0,0,0,1,3,Coffee Table,Coffee Table,0,1,0,1,0,A neat coffee table to add to your collection!,1543765427,1543765427,NULL,NULL
4,8,7,0,0,0,2,bullet2.png,18617cb8e9c8b5d3aff492e01446cbae,0,3,0,2,0,Shirt..,1543792606,1544897359,NULL,NULL
5,10,9,0,0,0,2,1200px-Letter_d.svg.png,b6254632de2ed03adee38facad3b1929,0,4,0,1,0,Shirt,1543792763,1543792763,NULL,NULL
6,12,11,0,0,0,2,1.png,a8f09ae0963cbca61e4d4b6f537668bd,0,7,0,1,0,Shirt,1544392704,1544392704,NULL,NULL
7,14,13,5,5,0,2,tekinc.png,eb30c7f1cfcc02860fcc832633119aa0,0,5,1,1,0,Shirt,1544394070,1550359266,NULL,NULL
8,16,15,5,50,0,2,Hot steaming corn,08e78183974e8468b72f577847a289f5,0,3,0,1,0,Oh yes,1544622710,1545062673,NULL,NULL
9,18,17,5,20,0,2,armor.png,8085f1d172319da1a0d6104372c79648,0,9,0,1,0,Shirt,1544948658,1544948712,NULL,NULL
10,20,19,5,10,0,2,sans under,907a72a5b2f6a2fd7758df31c8720d67,0,10,1,1,0,Shirt,1544963664,1545061056,NULL,NULL
11,22,21,5,5,0,2,Octan,d9d6720d3ca531ce8a89591b3641c67e,0,11,0,1,0,lego,1544972509,1544994279,NULL,NULL
12,24,23,0,0,0,2,Testing,96654985cd6a76f3052df8ead2146baf,0,14,0,1,0,Shirt,1544994881,1544995449,NULL,NULL
13,26,25,0,0,0,2,sun-rays.png,5f43bbc8ac7de3e5a951cb03b1b8cf7f,0,16,0,1,0,Shirt,1545021219,1545021219,NULL,NULL
14,28,27,2147483647,2147483647,0,2,m3x face,52990d94792f358e9d19b28cd8e7ae62,0,10,0,1,0,ye boi,1545060894,1545060999,NULL,NULL
15,30,29,0,0,1,2,Capture.PNG,48c2f19393562ff5d82ed9faddbc5bea,0,6,1,1,0,Shirt,1545246013,1550384579,NULL,NULL
16,32,31,0,0,0,2,goodbloxhalloween.png,2b286e2ffdecd9b0d5b9d499ea630976,0,3,0,1,0,Shirt,1550420847,1550420847,NULL,NULL
17,34,33,1,1,1,2,invisible t shirt,281efbfb58eb094942af85d7f2c67045,0,62,0,1,0,Shirt,1550420888,1550421253,NULL,NULL
18,36,35,5,10,1,2,Bloxxer,76ca431463acdb3046d4c50c31b66220,0,20,1,1,0,Nice Bloxxer shirt with alpha. Get good ROBLOX street cred with this shirt.,1550420910,1550421604,NULL,NULL
19,38,37,5,10,1,2,Friends,0584af3568ae1b1299f42155c2e2abec,0,20,1,1,0,Show how friendly you are. It costs twice as much as the bloxxer shirt, because it's twice as hard to be nice to someone as it is to just blow them up. lol.,1550420925,1550421700,NULL,NULL
20,40,39,50,0,1,2,Expensive Red Suit,fe00b43028538a1cd49a680d35748493,0,20,1,1,0,ZOMG!~,1550420932,1550421414,NULL,NULL
21,42,41,45,0,1,2,Suit With Purple Tie,d8dbeb36761de0913967e7c47805de70,0,20,1,1,0,Created by Miked in June 2007, this shirt was one of the first shirts to go on sale. It has been copied by many noobs, who are all trying to imitate the subtle class exuded by the original. They fail.,1550420943,1550421443,NULL,NULL
22,44,43,40,0,1,2,Pink Suit,4b82ccc5706bbeca03589c6dc54a7cf1,0,20,1,1,0,A miked original.,1550420947,1550421492,NULL,NULL
23,46,45,5,10,1,2,Viking Torso,6c21bba3e53ccd729cdf701c8419aac1,0,20,1,1,0,Complete your viking ensemble and plunder hapless villiages in style.,1550420952,1550421764,NULL,NULL
24,48,47,5,10,1,2,Do the Brew!,a9e41f1e96a0a7154945134c6297642c,0,20,1,1,0,For those who remember ROBLOX Halloween 2006.,1550420958,1550421802,NULL,NULL
25,50,49,5,10,1,2,Cowboy Jacket,bb1970c338e36c7dd62505ea75362202,0,20,1,1,0,Howdy, Pardna!,1550420961,1550421521,NULL,NULL
26,52,51,5,10,1,2,Hawaiian,08b7ad8732d95044678d45d68b3c7358,0,20,1,1,0,Hula time!,1550420971,1550421831,NULL,NULL
27,54,53,1,5,1,2,Viking Mario,314c83e506446d0eb0894131ef9d2154,0,42,1,1,0,Well my first hat,1550420986,1550424925,NULL,NULL
28,56,55,0,1,1,2,Old roblox r shirt,d53f27e022024fbf3b2ca8fef9fa315b,0,62,0,1,0,Shirt,1550421004,1550421040,NULL,NULL
29,58,57,0,0,0,2,PirateYohoShirt.png [originally ,bcde8ea7744a2e9c10a1e927f03a9a45,0,44,0,1,0,Shirt,1550421051,1550421051,NULL,NULL
30,60,59,5,5,1,2,purple tux,5d0d3605bc865fa75c61c7334b92a657,0,98,1,1,0,adasd,1550421140,1550421238,NULL,NULL
31,62,61,0,0,0,2,fc_550x550_white.jpg,525b19328d8989f4776d6eb3fa03a4f8,0,75,0,1,0,Shirt,1550421331,1550421331,NULL,NULL
32,64,63,0,0,0,2,fc_550x550_white.jpg,5368a4569a4289b03d7c11782be802b5,0,75,0,1,0,Shirt,1550421409,1550421409,NULL,NULL
33,66,65,1,1,1,2,Invisible,e22c90a4ce2db32ac25e6eb86cb7f530,0,57,1,1,0,Ummmmmmmmm....,1550421628,1550494957,NULL,NULL
34,68,67,5,1,1,2,Hoodie,7375db8ff969a9baec9f0767bbd0378f,0,24,1,1,0,Give your character some spice with this hoodie!,1550421659,1550425301,NULL,NULL
35,70,69,5,5,1,2,gametool gang access,0a8bad0925fb8fde2672b7bed7692924,0,55,0,1,0,buy this to join gametool gang,1550421859,1550422379,NULL,NULL
36,72,71,1,1,1,2,agree.png,e8b7790264c66290fa9533fc753824cb,0,57,0,1,0,Shirt,1550422752,1550422873,NULL,NULL
37,74,73,1,10,1,2,Late June 2007 Torso Texture,65e38dcf728830bd6a4422c11b92d320,0,87,1,1,0,Old texture put on avatar's torsos from June 2007.,1550423013,1550423676,NULL,NULL
38,76,75,0,10,1,2,Rainbow Goodblox Logo,8de2191d50c3e402d6a22478d9b65492,0,55,1,1,0,pretty cool, i guess?,1550423072,1550423140,NULL,NULL
39,78,77,1,5,1,2,yoob shirt,7a6d15fd1354565bd742484d76b0811d,0,53,1,1,0,from partners in time,1550423267,1550424826,NULL,NULL
40,80,79,1,10,1,2,moonman.PNG,79963a3605e840b026e0bd3224efe683,0,57,1,1,0,Shirt,1550423449,1550424007,NULL,NULL
41,82,81,0,5,1,2,Octan 2,ae0101717e59a2a6109a1cfa179a58f3,0,11,1,1,0,Shirt,1550423597,1550423661,NULL,NULL
42,84,83,5,5,1,2,Torso Studs,a057ab74d7dbda21e57e2586d1d34aeb,0,55,0,1,0,Teh Studs on Torso!!,1550423681,1550423757,NULL,NULL
43,86,85,0,0,0,2,ã…¤ã…¤ã…¤ã…¤ã…¤ã…¤ã…¤ã…¤ã…¤ã…¤,cc46b06a6060756758a2891f5c40b546,0,10,0,1,0,ã…¤ã…¤ã…¤ã…¤ã…¤ã…¤ã…¤ã…¤ã…¤ã…¤ 
ã…¤ã…¤ã…¤ã…¤ã…¤ã…¤ã…¤ã…¤ã…¤ã…¤
ã…¤ã…¤ã…¤ã…¤ã…¤ã…¤ã…¤ã…¤ã…¤ã…¤
ã…¤ã…¤ã…¤ã…¤ã…¤ã…¤ã…¤ã…¤ã…¤ã…¤
ã…¤ã…¤ã…¤ã…¤ã…¤ã…¤ã…¤ã…¤ã…¤ã…¤
ã…¤ã…¤ã…¤ã…¤ã…¤ã…¤ã…¤ã…¤ã…¤ã…¤
ã…¤ã…¤ã,1550424253,1550426558,NULL,NULL
44,88,87,0,0,0,2,hi.png,c35e50ad91c3e075e3db86a2213469cd,0,8,0,1,0,Shirt,1550424349,1550424349,NULL,NULL
71,142,141,22,0,1,2,jacket.png,3b8eec60c88b087b8a19b8dbc649f59a,0,55,1,1,0,Shirt,1550424545,1550424739,NULL,NULL
97,194,193,0,0,0,2,hi.png,184470434b83dafdb3eeed583a11d400,0,8,0,1,0,Shirt,1550425124,1550425124,NULL,NULL
98,196,195,5,2,1,2,Pink and White Hoodie,568a475ed111dfcb428327806bd16324,0,24,1,1,0,This is a colored striped hoodie!,1550425134,1550425221,NULL,NULL
99,198,197,0,0,0,2,NAZI.png,0b868838ecf15b5f7af68fb8b3e0f5c4,1,57,0,1,1,Shirt,1550425149,1550425188,NULL,NULL
100,200,199,0,0,0,2,p.png,ffc1a8b1e4472658c8b97f2c9dec56ae,0,55,0,1,0,Shirt,1550425262,1550425262,NULL,NULL
101,202,201,0,0,0,2,ONLY I CAN HAVE NAZI SHIRT,957b5c9e2b7d72b9798371b0723ee73b,1,10,0,1,1,Shirtye,1550425274,1550425313,NULL,NULL
102,204,203,0,0,0,2,NAZI2.png,4dbc72358c2d961b817497cbf2fee5e6,0,57,0,1,1,Shirt,1550425392,1550425392,NULL,NULL
103,206,205,0,0,0,2,only i can have swasti,a9e61f15d0cc6094106b22cf1946e33d,0,50,0,2,0,Shirt,1550425535,1550425551,NULL,NULL
104,208,207,5,5,1,2,Red X,812b8a7a2a0a71349ea6533572d29d5e,0,55,1,1,0,That moment when your shirt gets declined...,1550425664,1550425706,NULL,NULL
105,210,209,2,1,1,2,Sweater of Sweaters,fb2c5d9b3b61fc132564a2efda8851c7,0,24,1,1,0,Give your character some swag with this all new sweater shirt!,1550425689,1550435775,NULL,NULL
106,212,211,0,0,0,2,download.png,d151e1c698ad67cbbf55df1686ccb435,0,66,0,1,0,Shirt,1550425795,1550425795,NULL,NULL
107,214,213,0,1,1,2,broiler-hens-500x500.jpg,4754509d7bfd02cbd1e27bbd2f6a3915,0,50,1,1,0,Shirt,1550425819,1550465873,NULL,NULL
108,216,215,5,5,1,2,Pending...,11c8c39a482820fca758d9e837e9460f,0,55,1,1,0,Do you just hate waiting for your shirt to get approved?,1550425850,1550425904,NULL,NULL
109,218,217,0,0,0,2,download.png,0b2beeb4b059b7231d48dba1f68c8fc9,0,66,0,1,0,Shirt,1550425868,1550425868,NULL,NULL
110,220,219,5,0,1,2,cover_2.jpeg,461c67de151e490d41e97cad3e21b502,0,8,0,1,0,Shirt,1550425967,1550426093,NULL,NULL
111,222,221,0,0,0,2,main-qimg-fdbd16116b6bd6d78709c7,39abf221758b8d9f214880306d53f9d0,1,50,0,1,1,Shirt,1550425986,1550425986,NULL,NULL
112,224,223,0,5,1,2,SUPERMAN,4dca22f8890d912b271ff9a4b072f3ec,0,11,1,1,0,Shirt,1550426018,1550426050,NULL,NULL
113,226,225,0,0,0,2,poses.jpeg,57f1bc8ea5ab575968fe14858a79cd58,0,57,1,2,1,Shirt,1550426230,1550426287,NULL,NULL
114,228,227,0,0,0,2,indian symbol not a swastika i p,3bc9acb3b80f80e41cf196c2ceb0e9bc,1,50,0,2,1,Shirt,1550426397,1550426397,NULL,NULL
115,230,229,6969,5,1,2,not a swastika,5992c4f929f685459447cb92becf3467,1,50,0,2,1,its indian symbol  , dont delete,1550426528,1550426555,NULL,NULL
116,232,231,0,0,0,2,Gif test,cb50719032322f7cefc096955b69c51e,0,62,0,1,0,not working,1550426805,1550426938,NULL,NULL
117,234,233,0,0,0,2,Manji.png,19cb749648ce1e3eb4cc154ea48a1375,0,50,0,2,0,Shirt,1550427451,1550427451,NULL,NULL
118,236,235,5,5,1,2,I seek books,e4577b85009942851980b93e0cf12f49,0,101,1,1,0,for the bookworms out there,1550427806,1550439445,NULL,NULL
119,238,237,10,5,1,2,Murder Mystery,5687db270f7f451dbab17351d5cf83c2,0,104,1,1,0,The official murder mystery t-shirt!:D,1550434702,1550434922,NULL,NULL
120,240,239,1,1,1,2,2007 Torso Decal,1e4d0ebfd356696049d73e51ff872403,0,102,1,1,0,Shirt,1550434704,1550434734,NULL,NULL
121,242,241,1,0,1,2,1robuk.png,3fa9731016d43b20a1c27aa52f3ecd85,0,26,1,1,0,Shirt,1550434732,1550434764,NULL,NULL
122,244,243,1,16,1,2,ErikIsMyHero.png,8d735db9056bc26eef68175d893bc01d,0,26,0,1,0,Shirt,1550434793,1550434896,NULL,NULL
123,246,245,1,5,1,2,hawaiin.png,414711d1a4d3295e913866a2b2f61d78,0,26,1,1,0,Shirt,1550434907,1550434990,NULL,NULL
124,248,247,0,0,0,2,Epic.png,3f1aa39233a8d7ccb45c399217aa40c8,0,104,0,1,0,Shirt,1550435840,1550435840,NULL,NULL
125,250,249,0,0,0,2,Awesomeface.jpg,449471766c2100e33662b4c26daafd14,0,104,0,1,0,Shirt,1550435911,1550435911,NULL,NULL
126,252,251,1,1,1,2,REPORT,b7b1a6c736d79993a64cdb7c0f926b8c,0,24,1,1,0,REPORT,1550435926,1550435967,NULL,NULL
127,254,253,0,0,0,2,black-t-shirt-template-roblox_17,3f66a52877fc9467ea0294eb93ce4d2c,0,117,0,1,0,Shirt,1550436287,1550436287,NULL,NULL
128,256,255,0,0,0,2,download (9).jpg,d897cbd131d2d301667fa894408e3576,0,6,0,2,1,Shirt,1550438221,1550438221,NULL,NULL
129,258,257,5,1,1,2,creepy face,7c94a22374702091e5db73b5599f58e8,0,21,0,1,0,oof,1550439015,1550440625,NULL,NULL
130,260,259,1,5,1,2,Mario Overalls,f758f3efda049f41ad525270a1e3bb1b,0,26,0,1,0,It'sa me Mario!,1550439422,1550439569,NULL,NULL
131,262,261,1,5,1,2,Pepsi.png,5e0c14cf4bec6aa97351f13184cc5af3,0,26,0,1,0,The pepsi vs coke war begins!,1550439940,1550439993,NULL,NULL
132,264,263,5,6,1,2,i love goodblox,68e237f7894b5262aace3fbad8b60a14,0,21,1,1,0,Goodblox is life,Goodblox is love,1550440421,1550443612,NULL,NULL
133,266,265,0,0,0,2,BuildermanÂ´s Wrench,bf4756697eb7552f3663c50f2caef896,0,39,0,1,0,Just a wrench... the BuildermanÂ´s Wrench,1550442720,1550471277,NULL,NULL
134,268,267,0,17,1,2,Free Predator,2ab5e5410db8d2f8e125c27236f40463,0,20,1,1,0,Predator: 20:0. Again?,1550443046,1550443100,NULL,NULL
135,270,269,5,10,1,2,Cowboy Vest,264b2427c58ba003e5d2c2dd4924357e,0,20,1,1,0,Yeehaw!,1550443121,1550443164,NULL,NULL
136,272,271,5,10,1,2,Inmate,7ca39c20ebbbd8b3a6dffc350beb837c,0,20,1,1,0,I live in a gated community.,1550443184,1550443247,NULL,NULL
137,274,273,10,42,1,2,Phoenix Fire,6c35a28da6277c378c62367d3c8b89b6,0,20,1,1,0,Own a piece of ROBLOX history, circa November 2006.,1550443274,1550443297,NULL,NULL
138,276,275,10,10,1,2,speed coil,43830ba16cdd41895407731e98fe60a5,0,118,1,1,0,it's a speed coil.,1550443307,1550443366,NULL,NULL
139,278,277,5,10,1,2,PirateGear.png,bb4b9e6b7e3840556e35bcf07a3b6625,0,20,1,1,0,Shirt,1550443345,1550504693,NULL,NULL
140,280,279,20,100,1,2,Chainmail,6fea28befe93b5c38d14fdc38b597ec0,0,20,1,1,0,The precursor to D&D; and now a shirt in ROBLOX.,1550443412,1550443442,NULL,NULL
141,282,281,1,0,1,2,1 ROBUK Shirt,25211092ad6f52496206cc0d145dbb82,0,20,1,1,0,How much does that cost?,1550443472,1550443496,NULL,NULL
142,284,283,3,15,1,2,Police Uniform,462f8070c0d6453734b8bf1b5240454f,0,20,1,1,0,This is the Police! Come out and get bloxxed!,1550443567,1550443604,NULL,NULL
143,286,285,0,0,0,2,Cat Suit.png,3efc0607f8c30bc0ca07cf299fdc7687,0,26,0,2,1,Shirt,1550443711,1550443711,NULL,NULL
144,288,287,5,10,1,2,Robot,e670f97ee8aac53d846e5e3c69d79bec,0,20,1,1,0,Thank you very much sir, Mr. Roboto!,1550443749,1550443772,NULL,NULL
145,290,289,0,0,0,2,Robot.png,1e4adcab55e6c08aad7805e7053d6d3c,0,26,0,1,0,Shirt,1550443785,1550443785,NULL,NULL
146,292,291,0,0,0,2,Cowboy Vest.png,bf7924940117fece9430ebe626b102c9,0,26,0,1,0,Shirt,1550443850,1550443850,NULL,NULL
147,294,293,0,9,1,2,Cat Suit,2e4ce7a20bba0c4b70b1aa622b8cee86,0,20,1,1,0,This is the cat's meow.,1550443863,1550450918,NULL,NULL
148,296,295,0,25,1,2,Raven.png,267c1583e258d834c4c1c228e4c968c5,0,26,0,1,0,Shirt,1550443974,1550444259,NULL,NULL
149,298,297,5,10,1,2,doctor.png,c3664883bc8ea32cad5c54850eed3a06,0,20,1,1,0,Shirt,1550444070,1550444094,NULL,NULL
150,300,299,72,0,1,2,metalplate.png,4381eec0ab615223180076155cb5d6c2,0,20,1,1,0,Shirt,1550444287,1550444339,NULL,NULL
151,302,301,5,10,1,2,goldplate.png,5b96e34f0de8953023c3c4ac398f23b3,0,20,1,1,0,Shirt,1550444416,1550444455,NULL,NULL
152,304,303,0,16,1,2,Camo.png,20186190776f6ceeea6db4bd00473e92,0,26,0,1,0,Shirt,1550444421,1550444456,NULL,NULL
153,306,305,20,100,1,2,whiteblacktie.png,aafb80dcda9b9b3c0faa8fb7c8b21f77,0,20,1,1,0,Shirt,1550444557,1550444583,NULL,NULL
154,308,307,0,0,0,2,delet this,f3c7ef6c557974823d1686958dcc611d,0,26,0,1,0,delet this,1550444619,1550444654,NULL,NULL
155,310,309,5,10,1,2,ribs.png,08bdace0e24b4d2ed50bbbbe3f15945e,0,20,1,1,0,Shirt,1550444620,1550444649,NULL,NULL
156,312,311,1,5,1,2,Purple Argyle,370bfd0f5110b4dc9d418407336882a5,0,26,0,1,0,Shirt,1550444723,1550444841,NULL,NULL
157,314,313,2,10,1,2,Gold Argyle,ef8ca2e14e6679aefc9fc1aa459e27d4,0,26,1,1,0,Shirt,1550444805,1550444871,NULL,NULL
158,316,315,5,10,1,2,homersimpson.png,59528dc0f21eb102e7fd3f34de2e090b,0,20,1,1,0,Shirt,1550444806,1550444821,NULL,NULL
159,318,317,5,10,1,2,SpawnLocation.png,bedbf5b290febcf371a74cf753e65191,0,20,1,1,0,now people will spawn on you.. xD,1550444900,1550445055,NULL,NULL
160,320,319,10,10,1,2,The Best Old Roblox Revival,20e7e8df06f97060353978ce5434bfab,0,118,1,1,0,the shirt says it all,1550445527,1550497112,NULL,NULL
161,322,321,0,0,0,2,1f914.png,c7c51e5b10b942f4d328e4448f35b847,0,34,0,1,0,Shirt,1550446202,1550446202,NULL,NULL
162,324,323,4,8,1,2,Marine Muscles,b44350c67a610105e8e585d5d43eaaf7,0,65,1,1,0,Show off your muscles with this Goodblox shirt..,1550446465,1550446755,NULL,NULL
163,326,325,3,6,1,2,Scarf,d998f420667d6662167f99b5f4f8d53b,0,65,1,1,0,Brrr.. It's cold..,1550446583,1550446767,NULL,NULL
164,328,327,0,0,0,2,wariot.png,d6d879adeb61a8201be749ccd9c30199,0,124,0,1,0,Shirt,1550446719,1550446719,NULL,NULL
165,330,329,10,10,1,2,big explosion,ce6e0c81519ffbba47a0417d372df2c6,0,118,1,1,0,it's a big explosion, what do you expect,1550446823,1550447029,NULL,NULL
166,332,331,0,0,0,2,Old Don't Buy,f739e9aaa4d95023d2d0332781dd77e2,0,26,1,1,0,Made new,1550447427,1550448030,NULL,NULL
167,334,333,5,5,1,2,oldrobloxcharacter.png,82de0abc3db77a057319e9ddc61d2ac2,0,118,1,1,0,fjhfgsjd,1550447969,1550447999,NULL,NULL
168,336,335,3,9,1,2,$$$ Money Jacket $$$ [FIXED],1538ee7b9e4b7080fa066ceb579d1452,0,26,1,1,0,Cha-Ching!,1550448041,1550449934,NULL,NULL
169,338,337,1,5,1,2,Cheese,d405fa1722a1d21f44d4a27182f470e3,0,26,0,1,0,Cheese is tasty,1550448421,1550448472,NULL,NULL
170,340,339,0,0,1,2,pewdiepie-logo-black-and-white.p,63ab0145fe8f6fce4bdc2e65169071ef,0,45,1,1,0,Shirt,1550449919,1550449945,NULL,NULL
171,342,341,2,0,1,2,Suit,85caa9185a024d9e41c7144c04a307a4,0,24,1,1,0,Add a suit to your avatar!,1550450030,1550450087,NULL,NULL
172,344,343,5,10,1,2,Engineer boi,ad9645bf904c80eba630f96afecc5443,0,8,0,1,0,Shirt,1550451271,1550451352,NULL,NULL
173,346,345,2,2,1,2,Untitled.png,50e7684a2d61c5273d971b7d571242e9,0,45,1,1,0,Shirt,1550451431,1550451886,NULL,NULL
174,348,347,5,10,1,2,SadCowboy :(,05166385c74705262f25489383258920,0,8,0,1,0,this is so sad alexa play despacito,1550451522,1550451559,NULL,NULL
175,350,349,1,5,1,2,redz and friends.PNG,cef21945cf85ece039c491b13fa595f8,0,20,1,1,0,Shirt,1550451864,1550452069,NULL,NULL
176,352,351,1,5,1,2,redz and friends 2.PNG,5125fc0e6c229d742bc1ba904984a512,0,20,1,1,0,Shirt,1550452055,1550452078,NULL,NULL
177,354,353,0,0,0,2,xd.jpg,43da9e415b7be4b8f7ac5c1e435204c9,0,37,0,1,0,Shirt,1550453717,1550453717,NULL,NULL
178,356,355,0,0,0,2,transparencytest.png,32533ad65e6f365d7005c0c938933b20,0,12,0,1,0,Shirt,1550459418,1550459418,NULL,NULL
179,358,357,0,0,0,2,zestytest.png,5e353b8a363637bd7abfb206eca043f8,0,12,0,1,0,Shirt,1550459699,1550459699,NULL,NULL
180,360,359,0,0,0,2,GoodBlox,69125ac3ed295ac89380f1d7709032f3,0,102,0,1,0,Welcome to GoodBlox!,1550463006,1550463047,NULL,NULL
181,362,361,0,0,0,2,Please Decline this mods (I scre,d9d6ef896792837bc59ed76e2c810c38,0,26,0,2,0,ok thank,1550463668,1550464265,NULL,NULL
182,364,363,1,5,1,2,Tickets Jacket,a2ec9d57cc3a9c6e0559536d63e8b5f0,0,26,0,1,0,Cha-Ching!,1550464229,1550464364,NULL,NULL
183,366,365,10,10,1,2,epicmagic,52647ff5257fbcdf0a6fef0e1114ef21,0,132,0,1,0,Just a shirt for a dark theme i made.
If bought, DM mydiscordaccountgotdisabled#9955 with your username & proof.,1550467842,1550503151,NULL,NULL
184,368,367,5,10,1,2,Do The Brew!,81fa28f50dcce932d765e4ba7102a74e,0,82,1,1,0,For those who remember ROBLOX Halloween 2006.,1550468946,1550469592,NULL,NULL
185,370,369,5,10,1,2,Suit With Purple Tie,aa34627223f6535577b56f55c27f166f,0,82,1,1,0,Created by Miked in June 2007, this shirt was one of the first shirts to go on sale. It has been copied by many noobs, who are all trying to imitate the subtle class exuded by the original. They fail.,1550469139,1550469172,NULL,NULL
186,372,371,5,5,1,2,rand(10,100),9b8908d79b589e7ce5c3c69416345c80,0,132,1,1,0,<?php
rand(10,100)
?>,1550469206,1550483404,NULL,NULL
187,374,373,0,0,0,2,Failed Upload,383170a376e7d411b131d58962b31eb4,0,82,0,2,0,Failed Upload,1550469261,1550469314,NULL,NULL
188,376,375,5,10,1,2,Expensive Red Suit,e71656c50a7a15bb867f1496c49ddc18,0,82,1,1,0,ZOMG!~,1550469408,1550469442,NULL,NULL
189,378,377,0,0,0,2,GoodBlox Hoodie,b929c216dbc83e0e35479dce4be6689d,0,82,0,1,0,I tried my best to make this look high quality lol,1550470347,1550470409,NULL,NULL
190,380,379,0,0,0,2,ATM.png,a798b714b16b78af0dc54afe88890106,0,26,0,1,0,Shirt,1550470903,1550470903,NULL,NULL
191,382,381,2,6,1,2,ROBUX ATM,aebb7ab759cf35324651537bc60190d3,0,26,1,1,0,Insert the ROBUX.

NOW!,1550470984,1550471294,NULL,NULL
192,384,383,1,3,1,2,TIX ATM,c8ee3b45e82d55d8ed58eb67e9d484b7,0,26,0,1,0,Insert the TIX.

NOW!,1550471261,1550471329,NULL,NULL
193,386,385,0,0,0,2,I hate paint.net sometimes pleas,fd0cc4ed017063c5e880037549934292,0,26,1,2,0,aAAAAA,1550472088,1550472173,NULL,NULL
194,388,387,0,0,0,2,remove from my stuff doesn't wor,3e6f8eb49902ed3e086998b8ad043348,0,26,1,2,0,aaaaaaaaaaaaaaaaaaaaaaaaaa,1550472294,1550472416,NULL,NULL
195,390,389,0,0,0,2,...,f873ee433a788da73e0dfaa7f4aa7ae9,0,26,1,1,0,...,1550472434,1550472529,NULL,NULL
196,392,391,3,6,1,2,Wizards Robes,b8abf13a9736209330e34f97952af0f3,0,26,1,1,0,Goes with Wizards hat!,1550472591,1550472625,NULL,NULL
197,394,393,1,5,1,2,Torso Face,900e718ab4580141e988b62588f50ee4,0,26,0,1,0,Now you have two faces.,1550472885,1550472929,NULL,NULL
198,396,395,1,5,1,2,Mountain Dew,c6396a177c96eafb2a11db53a5eec629,0,53,1,1,0,Old logo,1550473192,1550473227,NULL,NULL
199,398,397,1,5,1,2,Mario,7d622cadf0171e061755a7f23e54ee84,0,53,1,1,0,With a hammer,1550473253,1550473291,NULL,NULL
200,400,399,1,3,1,2,Mario Head,01809a5a1300e0afae1370c0bbf37e33,0,26,1,1,0,Mama Mia!,1550473313,1550473348,NULL,NULL
201,402,401,1,5,1,2,Mountain Dew New Logo,b92ca42bfbc59e9a74d77572eb068574,0,53,1,1,0,New logo,1550473348,1550473384,NULL,NULL
202,404,403,1,3,1,2,Windows XP,2d58d1ccb498fc0dc4ba2ab61e318ca6,0,26,0,1,0,du du dudu du du

aka startup sound,1550473387,1550473434,NULL,NULL
203,406,405,1,3,1,2,Windows 98,e6999684b499ea54e814e819d1df5fb0,0,26,0,1,0,Windows 98 

I have nothing else to say :,(,1550473481,1550473519,NULL,NULL
204,408,407,1,0,1,2,Coca cola shirt,826340082efe9f5fb639fb2e537b2208,0,55,1,1,0,wear with red torso,1550473755,1550483092,NULL,NULL
205,410,409,1,3,1,2,Cherry Coca Cola,6e6a0ffd9d39057e569c6a280462f992,0,26,0,1,0,Best coca cola,1550473967,1550474003,NULL,NULL
206,412,411,1,1,1,2,Become A Walking Advertisement,15b1e26bfd9aa9de357ba60ab37789ab,0,26,0,1,0,jaMP2k made me do it.,1550474180,1550474373,NULL,NULL
207,414,413,1,5,1,2,Got Root? (White),76f58b3910f483b1a7efbb3b8183c756,0,54,1,1,0,The original Got Root? shirt made by Telamon.                                                                           Transparent white letters - may not show up in Catalog, but they are there!,1550474728,1550559000,NULL,NULL
208,416,415,0,0,0,2,Item is off sale,837c7382ede8be599e1ca57cc6c0b0d4,0,132,0,1,0,Moved to another item,1550475548,1550502398,NULL,NULL
209,418,417,0,0,0,2,download (3).png,3200b738f815a0cd2c291b43273d6a36,0,6,0,2,0,Shirt,1550483427,1550483451,NULL,NULL
210,420,419,0,0,0,2,abb0a57834bed5a46050f23f9ba4c1c6,f25aefa9ec28d6c3b707aea1d8f58efa,0,6,0,2,0,Shirt,1550483561,1550483606,NULL,NULL
211,422,421,0,0,0,2,old logo.png,9ab8032b249de41689a5524dd7730026,0,112,0,1,0,Shirt,1550488754,1550488754,NULL,NULL
212,424,423,0,0,0,2,another roblox shirt and tie.png,a6f03c159bdd4e32817b9db72ed373b3,0,112,0,1,0,Shirt,1550489438,1550489438,NULL,NULL
213,426,425,0,0,0,2,SuitWithPurpleTie.png,8ff474bb5bcf572f8d9cb17a3f440dcb,0,61,0,1,0,Shirt,1550492285,1550492285,NULL,NULL
214,428,427,8,8,1,2,Old ROBLOX R 2006,4ef74f333119bd01b04a8441440659f7,0,61,1,1,0,My ROBLOX R Shirt :),1550492350,1550493620,NULL,NULL
215,430,429,0,0,0,2,Roblox With R 2006.png,459d9507634d07200a6c9ae520fdcc9d,0,61,0,1,0,Shirt,1550492432,1550492432,NULL,NULL
216,432,431,0,0,0,2,images.png,c7a537778e56cfeb852e856bf07f3ac1,0,61,0,1,0,Shirt,1550494524,1550494524,NULL,NULL
217,434,433,5,15,1,2,epic face,983b22241bc8dc833d342e5b4610e708,0,60,1,1,0,so epic, so faic, but is it ovar 9001?!,1550495566,1550495842,NULL,NULL
218,436,435,10,0,1,2,TEAPOT,9ee67d8ab34a2321af5b58d8bb5bbe07,0,20,1,1,0,OMG TEH TEAPOT SHIRT LAWHL. Good companion with the teapot hat.,1550496376,1550496441,NULL,NULL
219,438,437,1,10,1,2,Mog.png,14316b7773d521a2113b4969541320d5,0,20,1,1,0,Shirt,1550496504,1550496534,NULL,NULL
220,440,439,0,0,0,2,invisiblee.png,242557f059f17da3ef5211b89a370798,0,72,0,2,1,Shirt,1550496523,1550497447,NULL,NULL
221,442,441,5,10,1,2,Goodblox: The Nostalgia is Real,f715748e6bb1d0bfe55c35500b600579,0,118,1,1,0,it is really nostalgic,1550497366,1550497455,NULL,NULL
222,444,443,5,10,1,2,StealthSuit.png,c96f8ff4a1e3db89b51d0948f8202a0b,0,20,1,1,0,Shirt,1550498086,1550498353,NULL,NULL
223,446,445,10,50,1,2,ArmorOfGlory.png,4297ff702613a63474561a3fc0415a40,0,20,1,1,0,The shirt to match with The Coif of Glory. Rawr!,1550498432,1550498454,NULL,NULL
224,448,447,5,10,1,2,Link'sShirt.png,d91f6e693f5b8c828849ff648445791d,0,20,1,1,0,The shirt of Link from The Legend of Zelda, in a .png. Meaning it will conform to any color you want. =),1550498510,1550498642,NULL,NULL
225,450,449,5,10,1,2,BulletHoles.png,09a3e00a0569c529051a3aec69066a52,0,20,1,1,0,Oh noez! Looks like you got... eh... Are you ok?,1550498595,1550498619,NULL,NULL
226,452,451,5,10,1,2,Black Falcon Crest,0f352b2d4e8f779ab09382ef62a49dd1,0,20,1,1,0,Black Falcon Crest with proper alpha channel so that the background is transparent. A must have for Castle fans!,1550498777,1550498810,NULL,NULL
227,454,453,5,10,1,2,Robux Hoodie,7e32b7750a0499319db8b075a68d7a75,0,20,1,1,0,I need ROBUX!!!,1550499038,1550504850,NULL,NULL
228,456,455,5,10,1,2,Halloween Hoodie,ccba46428d947aead2b56e06b042b881,0,20,1,1,0,Shirt,1550499240,1550504855,NULL,NULL
229,458,457,5,10,1,2,Christmas Hoodie,038eaf2d1407b827bcf4461efc349b6c,0,20,1,1,0,Merry Christmas!,1550499599,1550504867,NULL,NULL
230,460,459,5,10,1,2,Blue and Brown Bricksmith Hoodie,8058c470541dc1a111a1802dcbb83310,0,20,1,1,0,Shirt,1550499801,1550504862,NULL,NULL
231,462,461,5,0,1,2,Red Sun Ninja Outfit,7e439ece086c93165cdd0463ea6b973f,0,20,1,1,0,Death before dishonor!,1550500038,1550500214,NULL,NULL
232,464,463,5,0,1,2,Green Leaf Ninja Outfit,68c147f2fdcc6e84e9f1fd60b12dc21a,0,20,1,1,0,Lost but seeking,1550500159,1550500198,NULL,NULL
233,466,465,5,10,1,2,HaloMasterChief.png,eac0008c6a43aab9d84143ebec63e061,0,20,1,1,0,For real HALO fans!,1550500328,1550500386,NULL,NULL
234,468,467,5,10,1,2,Red Bloxxer Combustion.png,e948afd97993ec1a4de52e3f84096afa,0,20,1,1,0,Shirt,1550500487,1550500509,NULL,NULL
235,470,469,5,10,1,2,Green Bloxxer Combustion,ee2e3462ecf27dd08b08f1e429725cba,0,20,1,1,0,Shirt,1550500608,1550500635,NULL,NULL
236,472,471,5,10,1,2,Blue Bloxxer Combustion,ced8a93669419c96bdb6843b1a63920c,0,20,1,1,0,Shirt,1550500792,1550500868,NULL,NULL
237,474,473,5,10,1,2,Purple Bloxxer Combustion,5babd4f650e1d195f1bb3d520b44e126,0,20,1,1,0,Shirt,1550500920,1550500950,NULL,NULL
238,476,475,10,50,1,2,Money necklace,254dd0046717f7b857ba3e69da849789,0,20,1,1,0,for rich people!,1550501038,1550501068,NULL,NULL
239,478,477,1,5,1,2,Color-Changable hole.png,4b3e2969c105d26462f118e6e1a1fce7,0,20,1,1,0,Shirt,1550501168,1550501181,NULL,NULL
240,480,479,5,10,1,2,PurpleBloxxer.png,92b6ef6775dd058bede614256b8ad0d7,0,20,1,1,0,Shirt,1550501312,1550501331,NULL,NULL
241,482,481,5,10,1,2,buildermanShirt.png,709b26dabea43873c66df93d3fe3252c,0,20,1,1,0,Shirt,1550501424,1550501437,NULL,NULL
242,484,483,5,10,1,2,AlmightyHand.png,c90cfb4d199072fea0efd86e80275d09,0,20,1,1,0,Shirt,1550501737,1550501760,NULL,NULL
243,486,485,0,0,0,2,vxoPAYq5wi.png,fc9ff4fffe13fcd122500c5ad2933449,0,132,0,1,0,Shirt,1550502887,1550502887,NULL,NULL
244,488,487,0,0,0,2,vxoPAYq5wi.png,2258ba6652e69c69915450253fbaf38f,0,132,0,1,0,Shirt,1550502974,1550502974,NULL,NULL
245,490,489,0,0,0,2,4eIHgNBtLM.png,c10266c438951e6bb7747f50cab9af2e,0,132,0,1,0,Shirt,1550503049,1550503049,NULL,NULL
246,492,491,0,0,0,2,227.png,3986c977e126e646e695ff233664b13c,0,98,0,1,0,Shirt,1550504161,1550504161,NULL,NULL
247,494,493,0,0,0,2,228.png,7adcd6e28e93e02413633bb0bc706aba,0,98,0,2,1,Shirt,1550504224,1550504338,NULL,NULL
248,496,495,0,0,0,2,246.png,c2b8b675fae0103ca3ff1fb5ffe14761,0,57,0,2,1,Shirt,1550504587,1550504709,NULL,NULL
249,498,497,0,0,0,2,246.png,309486872ff159128fad70b59b5f9cf8,0,57,0,1,0,Shirt,1550504851,1550504851,NULL,NULL
250,500,499,1,1,1,2,Bloxxer,c2911a832cf0e308f0e98b10d9e240ef,0,50,0,1,0,Shirt,1550504887,1550504925,NULL,NULL
251,502,501,1,1,1,2,Inmate,73c09e1dc8a8c8d2828105aaee6a358d,0,50,0,1,0,Shirt,1550504962,1550504978,NULL,NULL
252,504,503,1,1,1,2,Expensive Red Suit,3d0b0da87de79291b3b3766fd310aec0,0,50,0,1,0,Shirt,1550505047,1550505062,NULL,NULL
253,506,505,0,0,0,2,249.png,ba3397c7b4011345ee05d32013e1b4a7,0,57,0,1,0,Shirt,1550505110,1550505110,NULL,NULL
254,508,507,1,1,1,2,Cowboy,3f9195b6a0d31bd0fa419cd77b48785a,0,50,0,1,0,Shirt,1550505136,1550505150,NULL,NULL
255,510,509,1,1,1,2,Free Predator!,532bbfb9c4cea2ebfa0c602ddc9974cf,0,50,0,1,0,Shirt,1550505205,1550505219,NULL,NULL
256,512,511,0,0,0,2,253.png,0c8a59b9bf11d4e5d6fb068dadc4084a,0,57,0,1,0,Shirt,1550505231,1550505231,NULL,NULL
257,514,513,0,0,0,2,free predator.png,6a1f29b717c19b028fb00dff48beeb2a,0,50,0,1,0,Shirt,1550505266,1550505266,NULL,NULL
258,516,515,1,1,1,2,Suit With Purple Tie,585ebdeed2a7184b5ee780d1bcbec2db,0,50,0,1,0,go away reds,1550505356,1550505384,NULL,NULL
259,518,517,6969,1,1,2,256.png,bb0fc2ca577df231ec35daa6b27b1f5c,0,57,1,1,0,For the epic gamers!!!!!!!!!!!!!!!!!!!!1,1550505373,1550505776,NULL,NULL
260,520,519,1,1,1,2,Phoenix Fire,20af382bdb00e2fb78a0ebe6fd2c7503,0,50,0,1,0,Shirt,1550505434,1550505463,NULL,NULL
261,522,521,1,1,1,2,Saltine,e32176f668755b80292e81d00f4fc5b0,0,26,0,1,0,Yes,1550505535,1550505740,NULL,NULL
262,524,523,13123123,0,1,2,Supreme Bag,87cbe488944c8f4d750f694156bb0a8d,0,98,0,1,0,EPIC,1550505619,1550505992,NULL,NULL
263,526,525,1,5,1,2,I Donated,a5543376881441f5b1faba451e76e7a3,0,26,1,1,0,Yeah I did,1550505975,1550506006,NULL,NULL
264,528,527,0,0,0,2,pinbadge.png,75227ee322be55c6ebd3a474583233e4,0,57,0,2,1,Shirt,1550506303,1550509815,NULL,NULL
265,530,529,0,0,0,2,pinbadge.png,02b68c52b5fc419e24afb8381cd1c017,0,57,0,2,1,Shirt,1550506561,1550509818,NULL,NULL
266,532,531,0,0,0,2,---,8ce7e85ea64e48170bac8c4eecba3861,0,26,0,1,0,---,1550506709,1550548886,NULL,NULL
267,534,533,1,8,1,2,Zeeky Bomb,e41167bbdda10428e50698c0c0a6d321,0,26,1,1,0,Zeeky Boogy Doog,1550507507,1550507541,NULL,NULL
268,536,535,1,5,1,2,FBI Shirt,f147f402bdb50b8a1217d528052584ff,0,26,0,1,0,FBI OPEN UP!,1550508401,1550508433,NULL,NULL
269,538,537,1,2,1,2,Linkin Park,274d048f84b3d0013d550165fcd94035,0,26,1,1,0,IN THE END

IT DOESN'T EVEN MATTER

rip Chester Bennington,1550509776,1550509824,NULL,NULL
270,540,539,1,2,1,2,Dragon Force,4284474abb3f603495be924e1d692bbd,0,26,0,1,0,THROUGH THE FIRE AND THE FLAMES WE CARRY ON,1550509841,1550509910,NULL,NULL
271,542,541,1,1,1,2,Ramones,1feb83addb291773e2b79a300a7f356e,0,106,1,1,0,yes,1550511040,1550511238,NULL,NULL
272,544,543,1,5,1,2,The Noob Within,57f73948c5686a4e4515b8f9ca87be52,0,26,1,1,0,The noob is within all of us,1550511280,1550511502,NULL,NULL
273,546,545,1,5,1,2,Top Ramen,71d49f2cb7df5e1334ee998e3c03af90,0,26,1,1,0,Tastes Good,1550513726,1550513782,NULL,NULL
274,548,547,0,0,0,2,shirt.png,3e3ba55e57414a8e6774d220f95dc3ed,0,58,0,1,0,Shirt,1550515068,1550515068,NULL,NULL
275,550,549,0,1,1,2,dead fish XD.png,a7153840effb055d21db1d3e6eb1eab0,0,26,0,1,0,XD,1550517300,1550517335,NULL,NULL
276,552,551,0,1,1,2,Big G,2191d1bd6fc1fec7c081ab695e8c5a9b,0,26,0,1,0,GoodBlox is GOOD!,1550517648,1550517675,NULL,NULL
277,554,553,0,1,1,2,Sprite,4c36499e04a46e4cd3ecbe0cbb6261ad,0,26,0,1,0,Sprite is good,1550520374,1550520414,NULL,NULL
278,556,555,0,1,1,2,Dr. Pepper,359a13837bb7feff8baaf59f625431c3,0,26,1,1,0,Shirt,1550520441,1550520474,NULL,NULL
279,558,557,0,5,1,2,Luigi Overalls,91dd0bd10a80a3883ddf9b6aaf15631a,0,26,0,1,0,Yay for me, Luigi!,1550520762,1550520869,NULL,NULL
280,560,559,666,1,1,2,walfa or miss,cdccc5909f446f082fe25dc3cda7f530,0,21,1,1,0,yu kare voy frin adi di du kisius muak,1550520804,1550526851,NULL,NULL
281,562,561,5,70,1,2,VikingShirt.png,9d4d6b125f0acd231a51a3e25fd2dd13,0,21,1,1,0,Shirt,1550531218,1550531284,NULL,NULL
282,564,563,0,0,0,2,favicon shirt.png,de243858b48b309afa7a76f1afc1e1ba,0,61,0,1,0,Shirt,1550539123,1550539123,NULL,NULL
283,566,565,0,0,0,2,favicon shirt.png,1c476889141ab766736c84ba17839ccd,0,61,0,1,0,Shirt,1550539340,1550539340,NULL,NULL
284,568,567,1,2,1,2,Mog.png,641cf5eebfe71442f8f194d912fb8ca5,0,26,0,1,0,Shirt,1550548826,1550548845,NULL,NULL
