id,uid,aid,text,time_sent
1,2,2,Test,1546628329
2,2,2,dasvnfjasyhrgbyksegbtgryhjetgesbdryhgyjrhsotavoynfkurhfgksrvfgdhjsbgfdhjnbhjdsbgfazhjsbfaedyuhcagn fkugerawrvfgwsbvfesbvfhzjesbvfhzjsbfhjesabvfhsvf\dsfkeahfjcbkerhfjg j cgavdgfsjvfgzjsvbhfjdxbfgdvhjbx gh,bvfgdfnd dzhjvgb\ryshgfryshgfyhezsrgfyhsygdfhjgfrhsjdgzfhcdjgkbvfudsbvghfjdgsbvhjdkgbfvhjzbgsdyh,1546628862
3,14,1,Don't mind me. Just testing the new comments feature. :>,1546633871
4,2,10,Sans is gay,1547034009
5,10,1,w,1547565158
6,13,1,This is awesome!,1547777805
7,3,1,Hi,1549835059
8,6,1,There's this really huge bulge coming out of my pants, I just can't make out what it is,1549835151
9,4,1,*Slaps Cock* No homo!,1549836530
10,20,1,hi,1550374902
11,20,2,hi,1550374972
12,26,1,w,1550375765
13,20,2,i'm probably on archive now :p,1550376167
14,6,1,ss,1550381489
15,26,1,I cannot buy :(,1550386981
16,26,2,what's up guys!,1550387108
17,54,2,Can you make the white colour version?,1550402993
18,57,1,Marvelous!,1550404833
19,58,1,Ello.,1550405362
20,57,15,creep,1550405811
21,74,1,aw,1550414839
22,60,1,sosad,1550415182
23,80,1,I want it :0,1550415438
24,87,1,ok this is epic,1550422551
25,87,38,That is indeed cool.,1550423339
26,55,38,ok thanks,1550423408
27,24,1,Give me this plz,1550423436
28,8,1,dsafsdafadsfsadf,1550423935
29,57,40,Moon,1550424026
30,87,40,moonman moonman can't you see,1550424055
31,55,71,ddddddddddd,1550424777
32,42,27,first,1550424945
33,21,1,i am poor,1550424959
34,20,18,First!,1550425184
35,24,98,This is good!,1550425238
36,55,112,miked,1550426134
37,24,105,I used this on a tutorial.,1550435793
38,117,1,I am poor ;(,1550436063
39,118,24,I like this! It's a nostalgic shirt, probably from 2006 or 2007! -DaEpicBoi, also from Finobe.,1550436220
40,102,134,rape,1550443286
41,24,134,is,1550443457
42,6,134,Good,1550443524
43,24,134,because,1550443561
44,4,134,its,1550443697
45,102,134,gay,1550443741
46,21,134,jhonny jhonny bad,1550443744
47,24,134,cause,1550443790
48,102,134,papa zip your pants back up oh fuck,1550443801
49,21,134,2+2=,1550443893
50,24,134,22,1550443912
51,24,147,Gay,1550444029
52,8,134,papa's ranch when,1550444343
53,118,1,I'm a poor man... 10 ROBUX and 10 Tickets... at least tickets are here, so yay! I never got to experience tickets, I had joined after the tix removal. :(

I'll wait until I reach 50 ROBUX.,1550444614
54,21,147,jhonny is,1550446149
55,102,147,goodblox hates furries

that's dumb,1550446168
56,8,147,ew,1550450934
57,131,1,another day Joel... Another day...,1550465992
58,132,186,ack,1550469975
59,53,38,looks ok,1550473543
60,54,2,Nvm cause I already made it,1550474778
61,54,207,Test,1550475515
62,132,186,<?php
rand(10,100)
?>,1550483483
63,76,221,epic,1550498086
64,20,1,I ownz,1550498123
65,66,107,cock,1550506831
66,60,217,lol,1550517511
67,11,1,MORE HATS,1550530697
