id,uid,sid,msg,subject,time_sent,accepted
23,40,62,Hi,Friend Request,1550419859,0
25,1,80,Hi,,Friend Request,1550420078,0
28,27,25,hi,Friend Request,1550420787,0
34,59,11,accept aaaa,Friend Request,1550423232,0
37,1,87,Wanna be friends?,Friend Request,1550423497,0
41,35,87,Wanna be friends?,Friend Request,1550423742,0
42,3,24,Hi!,Friend Request,1550423766,0
48,40,87,Wanna be friends?,Friend Request,1550424200,0
49,13,87,Wanna be friends?,Friend Request,1550424304,0
52,100,87,Wanna be friends?,Friend Request,1550424565,0
55,58,87,Wanna be friends?,Friend Request,1550424660,0
56,3,87,Wanna be friends?,Friend Request,1550424737,0
58,64,87,Wanna be friends?,Friend Request,1550424811,0
68,56,53,ggf,Friend Request,1550425053,0
71,33,87,Wanna be friends?,Friend Request,1550425171,0
72,33,87,Wanna be friends?,Friend Request,1550425255,0
73,31,87,Wanna be friends?,Friend Request,1550425332,0
74,1,53,jtfifgjfdidjgfgdfgdg,Friend Request,1550425332,0
75,3,42,hey papa,Friend Request,1550425365,0
78,30,87,Wanna be friends?,Friend Request,1550425511,0
79,22,87,Wanna be friends?,Friend Request,1550425597,0
81,19,87,Wanna be friends?,Friend Request,1550425679,0
82,7,87,Wanna be friends?,Friend Request,1550425817,0
88,40,52,Hi, I play cool zombie games on ROBLOX!,Friend Request,1550426199,0
98,116,11,Jeiebdhzjbdjens,Friend Request,1550435436,0
102,3,102,Let's be friends!,Friend Request,1550435734,0
103,2,102,Let's be friends!,Friend Request,1550435808,0
109,2,117,Wanna be friends?,Friend Request,1550436460,0
110,3,117,Wanna be friends? :),Friend Request,1550436771,0
124,13,102,Let's be friends!,Friend Request,1550439862,0
127,98,102,Let's be friends!,Friend Request,1550442331,0
129,64,102,Let's be friends!,Friend Request,1550442545,0
132,40,102,Let's be friends!,Friend Request,1550442759,0
134,100,102,Let's be friends!,Friend Request,1550443189,0
136,22,102,Let's be friends!,Friend Request,1550443291,0
137,19,102,Let's be friends!,Friend Request,1550443423,0
138,7,102,Let's be friends!,Friend Request,1550443781,0
139,1,102,Let's be friends!,Friend Request,1550443949,0
140,35,102,Let's be friends!,Friend Request,1550444038,0
141,36,102,Let's be friends!,Friend Request,1550444196,0
142,33,102,Let's be friends!,Friend Request,1550444272,0
143,31,102,Let's be friends!,Friend Request,1550444336,0
144,30,102,Let's be friends!,Friend Request,1550444438,0
145,58,102,Let's be friends!,Friend Request,1550444518,0
150,2,5,friends,Friend Request,1550448497,0
151,3,5,administrators need friends too =D,Friend Request,1550448671,0
152,114,41,jmkmmkjkk,Friend Request,1550450692,0
158,1,82,gay,Friend Request,1550468716,0
159,98,82,13,Friend Request,1550469694,0
162,3,53,ye,Friend Request,1550472853,0
164,56,53,ffff,Friend Request,1550473307,0
176,75,76,Hey! I don't have lots of time left. The bans broke. FRIEND MEEEEEEEEEEEEEEEEEEEE!,Friend Request,1550497752,0
183,94,20,b r u h,Friend Request,1550501409,0
187,3,26,hi,Friend Request,1550510194,0
188,10,106,bro ur kinda hot..,Friend Request,1550511661,0
189,59,101,N wrod pass if friended,Friend Request,1550512570,0
190,55,131,lol,Friend Request,1550527502,0
191,82,11,hi,Friend Request,1550530664,0
