id,uid,type,description
1,3,0,bought itemID 2 for Tx 10 1544389854
2,3,0,bought itemID 2 for Tx 10 1544626007
3,3,0,bought itemID 1 for R$ 50 1544626042
4,2,0,bought itemID 1 for R$ 50 1544631642
5,3,1,self-unban at 1544850890
6,3,1,self-unban at 1544850973
7,3,0,bought itemID 2 for Tx 10 1544894974
8,3,0,bought itemID 2 for Tx 10 1544895090
9,3,0,bought itemID 2 for Tx 10 1544895284
10,3,0,bought itemID 2 for Tx 10 1544895362
11,3,2,bullet2.png | Shirt.. | at .1544897359
12,3,2,Hot steaming corn | Oh yes | at .1544902557
13,3,3,1 | 50 | 5 | at .1544902557
14,9,3,1 | 20 | 5 | at .1544948702
15,9,3,0 | 20 | 5 | at .1544948712
16,10,3,1 | 10 | 5 | at .1544988511
17,11,2,Octan | lego | at .1544994279
18,11,3,0 | 5 | 5 | at .1544994279
19,14,2,TEST<>"' | Shirt<>'" | at .1544995078
20,14,2,Testing | Shirt | at .1544995449
21,10,2,m3x face | ye boi | at .1545060963
22,10,3,0 | 2147483647 | 2147483647 | at .1545060963
23,10,3,0 | 2147483647 | 2147483647 | at .1545060999
24,10,2,sans under | Shirt | at .1545061056
25,3,3,1 | 50 | 5 | at .1545061819
26,3,3,1 | 50 | 0 | at .1545061911
27,3,3,1 | 50 | 0 | at .1545062022
28,3,3,0 | 50 | 0 | at .1545062030
29,3,3,1 | 50 | 0 | at .1545062444
30,3,3,0 | 50 | 5 | at .1545062452
31,3,3,0 | 50 | 5 | at .1545062673
32,6,0,bought itemID 1 for R$ 50 1545245920
33,4,0,bought itemID 1 for R$ 50 1545420777
34,12,0,bought itemID 1 for R$ 50 1546192155
35,19,0,bought itemID 2 for Tx 10 1546312945
36,2,3,0 | 10 | 0 | at .1546682583
37,2,3,1 | 10 | 0 | at .1546682604
38,5,0,bought itemID 1 for R$ 50 1550359107
39,5,0,bought itemID 1 for R$ 50 1550359193
40,5,3,1 | 5 | 5 | at .1550359252
41,5,3,1 | 5 | 5 | at .1550359266
42,23,0,bought itemID 2 for Tx 10 1550375390
43,24,0,bought itemID 2 for Tx 10 1550375588
44,8,0,bought itemID 1 for R$ 50 1550375663
45,12,0,bought itemID 2 for Tx 10 1550376712
46,6,3,0 | 0 | 1 | at .1550380211
47,26,1,self-unban at 1550380817
48,48,0,bought itemID 15 for R$ 1 1550384305
49,6,3,1 | 0 | 1 | at .1550384385
50,6,3,1 | 0 | 0 | at .1550384568
51,6,3,1 | 0 | 0 | at .1550384579
52,26,0,bought itemID 2 for Tx 10 1550385209
53,48,0,bought itemID 1 for R$ 50 1550387532
54,54,0,bought itemID 2 for Tx 10 1550403010
55,85,0,bought itemID 2 for Tx 10 1550415691
56,13,0,bought itemID 1 for R$ 50 1550416876
57,13,0,bought itemID 2 for Tx 10 1550416888
58,62,2,invisible t shirt | Shirt | at .1550420919
59,62,3,0 | 0 | 0 | at .1550420930
60,62,2,Old roblox r shirt | Shirt | at .1550421027
61,62,3,0 | 1 | 0 | at .1550421040
62,20,3,1 | 10 | 1 | at .1550421084
63,20,3,1 | 10 | 1 | at .1550421105
64,42,2,Viking Mario | Well my first hat | at .1550421149
65,20,3,1 | 10 | 1 | at .1550421157
66,20,3,1 | 10 | 5 | at .1550421174
67,42,3,0 | 5 | 1 | at .1550421175
68,20,3,1 | 10 | 5 | at .1550421184
69,20,3,1 | 10 | 5 | at .1550421196
70,98,2,purple tux | adasd | at .1550421238
71,98,3,1 | 5 | 5 | at .1550421238
72,62,3,0 | 1 | 1 | at .1550421253
73,20,3,1 | 0 | 50 | at .1550421294
74,20,3,1 | 0 | 45 | at .1550421312
75,20,3,1 | 0 | 40 | at .1550421318
76,20,3,1 | 10 | 5 | at .1550421342
77,20,3,1 | 10 | 5 | at .1550421350
78,20,3,1 | 10 | 5 | at .1550421356
79,20,2,Expensive Red Suit | ZOMG!~ | at .1550421414
80,20,2,Suit With Purple Tie | Created by Miked in June 2007, this shirt was one of the first shirts to go on sale. It has been copied by many noobs, who are all trying to imitate the subtle class exuded by the original. They fail. | at .1550421443
81,20,2,Pink Suit | A miked original. | at .1550421492
82,20,2,Cowboy Jacket | Howdy, Pardna! | at .1550421521
83,20,2,Bloxxer | Nice Bloxxer shirt with alpha. Get good ROBLOX street cred with this shirt. | at .1550421604
84,57,3,0 | 1 | 1 | at .1550421685
85,20,2,Friends | Show how friendly you are. It costs twice as much as the bloxxer shirt, because it's twice as hard to be nice to someone as it is to just blow them up. lol. | at .1550421700
86,24,2,Hoodie | Give your character some spice with this hoodie! | at .1550421703
87,57,2,Nothing... OR IS IT? | Ummmmmmmmm.... | at .1550421709
88,24,3,0 | 5 | 10 | at .1550421718
89,20,2,Viking Torso | Complete your viking ensemble and plunder hapless villiages in style. | at .1550421764
90,20,2,Do the Brew! | For those who remember ROBLOX Halloween 2006. | at .1550421802
91,20,2,Hawaiian | Hula time! | at .1550421831
92,24,3,0 | 1 | 5 | at .1550422257
93,29,0,bought itemID 18 for Tx 10 1550422321
94,55,3,0 | 5 | 5 | at .1550422340
95,55,2,GameTool.png | buy this to join gametool gang | at .1550422366
96,55,3,0 | 5 | 5 | at .1550422367
97,55,2,gametool gang access | buy this to join gametool gang | at .1550422379
98,57,3,1 | 1 | 1 | at .1550422413
99,3,0,bought itemID 35 for Tx 5 1550422455
100,41,0,bought itemID 34 for Tx 1 1550422541
101,38,0,bought itemID 34 for Tx 1 1550422618
102,2,0,bought itemID 33 for R$ 1 1550422815
103,3,0,bought itemID 22 for R$ 40 1550422842
104,21,0,bought itemID 28 for Tx 1 1550422857
105,57,3,1 | 1 | 1 | at .1550422864
106,57,3,0 | 1 | 1 | at .1550422873
107,87,3,0 | 10 | 1 | at .1550423063
108,87,2,Late June 2007 Torso Texture.png | Shirt | at .1550423075
109,87,2,Late June 2007 Torso Texture | Old texture put on avatar's torsos from June 2007. | at .1550423120
110,55,2,Rainbow Goodblox Logo | pretty cool, i guess? | at .1550423140
111,55,3,1 | 10 | 0 | at .1550423140
112,24,0,bought itemID 24 for R$ 5 1550423175
113,87,0,bought itemID 38 for Tx 10 1550423248
114,3,0,bought itemID 24 for R$ 5 1550423393
115,46,0,bought itemID 34 for R$ 5 1550423469
116,57,2,moonman.PNG | Shirt | at .1550423484
117,57,3,0 | 1 | 1 | at .1550423484
118,57,3,0 | 10 | 1 | at .1550423492
119,57,3,0 | 1 | 1 | at .1550423496
120,57,3,0 | 1 | 1 | at .1550423502
121,57,3,0 | 1 | 1 | at .1550423505
122,57,3,1 | 1 | 1 | at .1550423509
123,57,3,0 | 1 | 1 | at .1550423513
124,11,2,Octan 2 | Shirt | at .1550423661
125,11,3,1 | 5 | 0 | at .1550423661
126,87,3,1 | 10 | 1 | at .1550423676
127,55,2,Torso Studs | Teh Studs on Torso!! | at .1550423751
128,55,3,0 | 5 | 5 | at .1550423757
129,29,0,bought itemID 24 for R$ 5 1550423791
130,32,0,bought itemID 18 for R$ 5 1550423945
131,57,3,0 | 10 | 1 | at .1550423979
132,57,3,0 | 1 | 1 | at .1550423982
133,57,3,0 | 10 | 1 | at .1550424001
134,57,3,1 | 10 | 1 | at .1550424007
135,55,3,1 | 0 | 22 | at .1550424727
136,55,3,1 | 0 | 22 | at .1550424739
137,53,2,yoob shirt | from partners in time | at .1550424826
138,53,3,1 | 5 | 1 | at .1550424826
139,21,0,bought itemID 40 for R$ 1 1550424843
140,42,3,1 | 5 | 1 | at .1550424925
141,24,3,0 | 2 | 5 | at .1550425156
142,57,2,NAZI.png | Shirt | at .1550425176
143,57,3,0 | 10 | 1 | at .1550425176
144,24,2,Pink and White Hoodie | This is a colored striped hoodie! | at .1550425184
145,57,3,0 | 10 | 1 | at .1550425188
146,11,0,bought itemID 99 for Tx 10 1550425206
147,24,3,1 | 2 | 5 | at .1550425221
148,24,3,1 | 1 | 5 | at .1550425301
149,10,2,ONLY I CAN HAVE NAZI SHIRT | Shirtye | at .1550425313
150,50,2,only i can have swasti | Shirt | at .1550425551
151,32,0,bought itemID 24 for R$ 5 1550425634
152,57,1,self-unban at 1550425673
153,32,0,bought itemID 19 for R$ 5 1550425677
154,32,0,bought itemID 23 for Tx 10 1550425690
155,55,2,Red X | That moment when your shirt gets declined... | at .1550425706
156,55,3,1 | 5 | 5 | at .1550425706
157,24,2,Sweater of Sweaters | Give your character some swag with this all new sweater shirt! | at .1550425738
158,24,3,1 | 1 | 2 | at .1550425738
159,24,3,0 | 1 | 2 | at .1550425749
160,29,0,bought itemID 19 for R$ 5 1550425786
161,29,0,bought itemID 26 for R$ 5 1550425813
162,55,2,Pending... | Do you just hate waiting for your shirt to get approved? | at .1550425904
163,55,3,1 | 5 | 5 | at .1550425904
164,11,2,SUPERMAN | Shirt | at .1550426050
165,11,3,1 | 5 | 0 | at .1550426050
166,8,3,0 | 5 | 5 | at .1550426081
167,8,3,0 | 5 | 5 | at .1550426087
168,8,3,0 | 0 | 5 | at .1550426091
169,8,3,0 | 0 | 5 | at .1550426093
170,57,3,1 | 0 | 0 | at .1550426284
171,57,3,1 | 0 | 0 | at .1550426287
172,10,2,ã…¤ã…¤ã…¤ã…¤ã…¤ã…¤ã…¤ã…¤ã…¤ã…¤ | Shirt | at .1550426539
173,50,2,not a swastika | its indian symbol  , dont delete | at .1550426555
174,50,3,0 | 5 | 6969 | at .1550426555
175,10,2,ã…¤ã…¤ã…¤ã…¤ã…¤ã…¤ã…¤ã…¤ã…¤ã…¤ | ã…¤ã…¤ã…¤ã…¤ã…¤ã…¤ã…¤ã…¤ã…¤ã…¤ 
ã…¤ã…¤ã…¤ã…¤ã…¤ã…¤ã…¤ã…¤ã…¤ã…¤
ã…¤ã…¤ã…¤ã…¤ã…¤ã…¤ã…¤ã…¤ã…¤ã…¤
ã…¤ã…¤ã…¤ã…¤ã…¤ã…¤ã…¤ã…¤ã…¤ã…¤
ã…¤ã…¤ã…¤ã…¤ã…¤ã…¤ã…¤ã…¤ã…¤ã…¤
ã…¤ã…¤ã…¤ã…¤ã…¤ã…¤ã…¤ã…¤ã…¤ã…¤
ã…¤ã…¤ã | at .1550426558
176,50,1,self-unban at 1550426826
177,62,2,Gif test | Shirt | at .1550426831
178,62,3,0 | 1 | 1 | at .1550426831
179,62,2,Gif test | test | at .1550426931
180,62,3,0 | 1 | 1 | at .1550426931
181,62,2,Gif test | not working | at .1550426938
182,62,3,0 | 0 | 0 | at .1550426938
183,50,1,self-unban at 1550427517
184,109,0,bought itemID 98 for R$ 5 1550427788
185,109,0,bought itemID 105 for R$ 2 1550427799
186,46,0,bought itemID 105 for R$ 2 1550427864
187,46,0,bought itemID 98 for R$ 5 1550427868
188,101,0,bought itemID 27 for R$ 1 1550434702
189,102,2,2007 Torso Decal | Shirt | at .1550434734
190,102,3,1 | 1 | 1 | at .1550434734
191,26,3,1 | 0 | 1 | at .1550434764
192,26,3,0 | 16 | 1 | at .1550434896
193,104,2,Murder Mystery | The official murder mystery t-shirt!:D | at .1550434922
194,104,3,1 | 5 | 10 | at .1550434922
195,26,3,0 | 5 | 1 | at .1550434956
196,26,3,1 | 0 | 0 | at .1550434960
197,26,3,1 | 5 | 1 | at .1550434990
198,115,0,bought itemID 19 for R$ 5 1550435162
199,24,3,1 | 1 | 2 | at .1550435772
200,24,3,1 | 1 | 2 | at .1550435775
201,24,2,REPORT | REPORT | at .1550435953
202,24,3,1 | 1 | 1 | at .1550435959
203,24,3,1 | 1 | 1 | at .1550435967
204,118,0,bought itemID 24 for R$ 5 1550436175
205,119,0,bought itemID 105 for Tx 1 1550436333
206,117,0,bought itemID 2 for Tx 10 1550436518
207,26,0,bought itemID 36 for R$ 1 1550436655
208,109,0,bought itemID 34 for R$ 5 1550436659
209,117,0,bought itemID 17 for R$ 1 1550436703
210,21,2,creepy face | Shirt | at .1550439062
211,21,3,0 | 1 | 5 | at .1550439062
212,4,0,bought itemID 121 for R$ 1 1550439385
213,101,2,I seek books | for the bookworms out there | at .1550439390
214,101,3,1 | 10 | 5 | at .1550439390
215,4,0,bought itemID 122 for R$ 1 1550439403
216,4,0,bought itemID 123 for R$ 1 1550439410
217,101,3,1 | 5 | 5 | at .1550439445
218,26,2,Mario Overalls | It'sa me Mario! | at .1550439558
219,26,3,0 | 5 | 1 | at .1550439569
220,101,0,bought itemID 33 for Tx 1 1550439576
221,26,2,Pepsi.png | The pepsi vs coke war begins! | at .1550439983
222,26,3,0 | 5 | 1 | at .1550439993
223,21,2,i love goodblox | Goodblox is life,Goodblox is love | at .1550440487
224,21,3,0 | 6 | 5 | at .1550440487
225,21,2,creepy face | 666 | at .1550440556
226,21,2,creepy face | oof | at .1550440625
227,20,2,Free Predator | Predator: 20:0. Again? | at .1550443100
228,20,3,1 | 17 | 0 | at .1550443100
229,20,2,Cowboy Vest | Yeehaw! | at .1550443164
230,20,3,1 | 10 | 5 | at .1550443164
231,20,2,Inmate | I live in a gated community. | at .1550443247
232,20,3,1 | 10 | 5 | at .1550443247
233,20,2,Phoenix Fire | Own a piece of ROBLOX history, circa November 2006. | at .1550443297
234,20,3,1 | 42 | 10 | at .1550443297
235,118,2,speed coil | it's a speed coil. | at .1550443352
236,118,3,0 | 0 | 0 | at .1550443356
237,20,3,1 | 0 | 30 | at .1550443360
238,118,3,1 | 10 | 10 | at .1550443367
239,20,2,Chainmail | The precursor to D&D; and now a shirt in ROBLOX. | at .1550443442
240,20,3,1 | 100 | 20 | at .1550443442
241,20,2,1 ROBUK Shirt | How much does that cost? | at .1550443496
242,20,3,1 | 0 | 1 | at .1550443496
243,20,2,Police Uniform | This is the Police! Come out and get bloxxed! | at .1550443604
244,20,3,1 | 15 | 3 | at .1550443604
245,21,3,1 | 6 | 5 | at .1550443612
246,20,2,Robot | Thank you very much sir, Mr. Roboto! | at .1550443772
247,20,3,1 | 10 | 5 | at .1550443772
248,20,2,Cat Suit | This is the cat's meow. | at .1550443884
249,20,3,1 | 9 | 0 | at .1550443884
250,20,3,1 | 10 | 5 | at .1550444094
251,26,3,0 | 25 | 0 | at .1550444259
252,20,3,1 | 0 | 72 | at .1550444339
253,20,3,1 | 10 | 5 | at .1550444455
254,26,3,0 | 16 | 0 | at .1550444456
255,20,3,1 | 100 | 20 | at .1550444583
256,20,3,1 | 10 | 5 | at .1550444649
257,26,2,delet this | delet this | at .1550444654
258,20,3,1 | 10 | 5 | at .1550444821
259,26,2,Purple Argyle | Shirt | at .1550444841
260,26,3,0 | 5 | 1 | at .1550444841
261,26,2,Gold Argyle | Shirt | at .1550444871
262,26,3,1 | 10 | 2 | at .1550444871
263,20,2,SpawnLocation.png | now people will spawn on you.. xD | at .1550445055
264,20,3,1 | 10 | 5 | at .1550445055
265,20,0,bought itemID 1 for R$ 50 1550445117
266,118,2,The Best Old Roblox Revival Out there | ye. | at .1550445563
267,118,3,1 | 10 | 10 | at .1550445563
268,118,2,The Best Old Roblox Revival Out there | ye. | at .1550445565
269,118,2,The Best Old Roblox Revival | ye. | at .1550445580
270,6,0,bought itemID 98 for R$ 5 1550445922
271,34,0,bought itemID 158 for R$ 5 1550446184
272,6,0,bought itemID 147 for Tx 9 1550446233
273,65,2,Transparent muscle t-shirt | Show off your muscles with this Goodblox shirt.. | at .1550446522
274,65,3,1 | 8 | 4 | at .1550446522
275,65,2,Scarf T-shirt | Brrr.. It's cold.. | at .1550446619
276,65,3,1 | 10 | 5 | at .1550446619
277,65,2,Scarf | Brrr.. It's cold.. | at .1550446735
278,65,2,Marine Muscles | Show off your muscles with this Goodblox shirt.. | at .1550446755
279,65,3,1 | 6 | 3 | at .1550446767
280,118,2,bigexplosion.png | from a 2006 client that has working multiplayer and chat | at .1550446863
281,118,3,1 | 10 | 10 | at .1550446863
282,118,2,big explosion | it's a big explosion, what do you expect | at .1550447029
283,26,2,Money Jacket | I have no money :( | at .1550447468
284,26,3,1 | 7 | 2 | at .1550447468
285,26,2,Money Jacket (don't buy) | I have no money :( | at .1550447862
286,26,3,0 | 0 | 0 | at .1550447862
287,26,2,$$$ Money Jacket $$$ | $$$ | at .1550447902
288,26,3,1 | 10 | 5 | at .1550447902
289,118,3,1 | 5 | 5 | at .1550447990
290,118,2,oldrobloxcharacter.png | fjhfgsjd | at .1550447999
291,26,2,Old Don't Buy | Made new | at .1550448030
292,26,3,1 | 0 | 0 | at .1550448030
293,26,2,$$$ Money Jacket $$$ [FIXED] | Cha-Ching! | at .1550448073
294,26,3,1 | 10 | 5 | at .1550448073
295,26,3,1 | 5 | 2 | at .1550448115
296,26,3,1 | 5 | 2 | at .1550448120
297,101,0,bought itemID 168 for R$ 2 1550448223
298,26,2,Cheese | Cheese is tasty | at .1550448472
299,26,3,0 | 5 | 1 | at .1550448472
300,127,0,bought itemID 34 for R$ 5 1550449633
301,127,0,bought itemID 105 for R$ 2 1550449638
302,127,0,bought itemID 98 for R$ 5 1550449642
303,127,0,bought itemID 126 for R$ 1 1550449712
304,45,0,bought itemID 34 for R$ 5 1550449798
305,24,0,bought itemID 1 for R$ 50 1550449844
306,26,3,1 | 9 | 3 | at .1550449934
307,45,3,1 | 0 | 0 | at .1550449945
308,24,2,Suit | Add a suit to your avatar! | at .1550450078
309,24,3,1 | 0 | 2 | at .1550450083
310,24,3,1 | 0 | 2 | at .1550450087
311,20,2,DELETED | oopsie. | at .1550450828
312,20,3,1 | 999 | 99 | at .1550450828
313,20,2,Cat Suit | This is the cat's meow. | at .1550450918
314,20,3,1 | 9 | 0 | at .1550450918
315,45,0,bought itemID 169 for R$ 1 1550451277
316,8,2,Engineer boi | Shirt | at .1550451292
317,8,3,0 | 0 | 5 | at .1550451302
318,8,3,0 | 15 | 5 | at .1550451315
319,8,3,0 | 15 | 5 | at .1550451319
320,8,3,0 | 15 | 5 | at .1550451323
321,8,3,0 | 10 | 5 | at .1550451349
322,8,3,0 | 10 | 5 | at .1550451352
323,8,2,SadCowboy :( | this is so sad alexa play despacito | at .1550451549
324,8,3,0 | 10 | 5 | at .1550451557
325,8,3,0 | 10 | 5 | at .1550451559
326,45,3,1 | 0 | 0 | at .1550451870
327,45,3,1 | 2 | 2 | at .1550451886
328,20,3,1 | 5 | 1 | at .1550452069
329,20,3,1 | 5 | 1 | at .1550452078
330,28,0,bought itemID 18 for Tx 10 1550452893
331,20,0,bought itemID 28 for Tx 1 1550455007
332,102,2,GoodBlox | Welcome to GoodBlox! | at .1550463047
333,102,0,bought itemID 168 for Tx 9 1550463086
334,102,0,bought itemID 129 for Tx 1 1550463116
335,26,2,Please Decline this mods (I screwed it up) | ok thank | at .1550464265
336,26,3,0 | 0 | 0 | at .1550464265
337,26,2,Tickets Jacket | Cha-Ching! | at .1550464303
338,26,3,0 | 10 | 0 | at .1550464303
339,26,3,0 | 5 | 0 | at .1550464308
340,130,0,bought itemID 156 for R$ 1 1550464310
341,26,3,0 | 5 | 1 | at .1550464364
342,102,0,bought itemID 182 for R$ 1 1550464394
343,102,0,bought itemID 130 for R$ 1 1550464450
344,102,0,bought itemID 123 for R$ 1 1550464505
345,102,0,bought itemID 122 for R$ 1 1550464552
346,131,0,bought itemID 18 for Tx 10 1550464897
347,102,0,bought itemID 142 for R$ 3 1550464956
348,102,0,bought itemID 141 for R$ 1 1550464961
349,102,0,bought itemID 175 for R$ 1 1550464976
350,102,0,bought itemID 151 for R$ 5 1550464999
351,102,0,bought itemID 131 for R$ 1 1550465079
352,50,1,self-unban at 1550465814
353,50,3,1 | 0 | 0 | at .1550465850
354,50,3,1 | 1 | 0 | at .1550465873
355,129,0,bought itemID 182 for R$ 1 1550468764
356,82,2,Do The Brew! | For those who remember ROBLOX Halloween 2006. | at .1550468988
357,82,3,0 | 10 | 5 | at .1550468988
358,82,3,1 | 0 | 0 | at .1550468993
359,82,2,Suit With Purple Tie | Created by Miked in June 2007, this shirt was one of the first shirts to go on sale. It has been copied by many noobs, who are all trying to imitate the subtle class exuded by the original. They fail. | at .1550469172
360,82,3,1 | 10 | 5 | at .1550469172
361,82,2,Failed Upload | Failed Upload | at .1550469314
362,82,3,0 | 0 | 0 | at .1550469314
363,82,2,Expensive Red Suit | ZOMG!~ | at .1550469442
364,82,3,1 | 10 | 5 | at .1550469442
365,82,3,1 | 10 | 5 | at .1550469592
366,132,2,hot cocacola cosplay shirt | pls buy i'm desperate | at .1550469806
367,132,3,1 | 5 | 5 | at .1550469844
368,82,2,GoodBlox Hoodie | I tried my best to make this look high quality lol | at .1550470409
369,26,2,ATM | Insert the ROBUX.

NOW! | at .1550471127
370,26,3,1 | 6 | 2 | at .1550471127
371,39,2,Builder***Â´s Wrench | Just a wrench... the Builder*** Wrench | at .1550471173
372,39,3,0 | 15 | 5 | at .1550471173
373,39,2,Builder***Â´s Wrench | Just a wrench... the Builder*** Wrench | at .1550471179
374,39,3,0 | 0 | 0 | at .1550471179
375,39,2,BuildermanÂ´s Wrench | Just a wrench... the BuildermanÂ´s Wrench | at .1550471277
376,26,2,ROBUX ATM | Insert the ROBUX.

NOW! | at .1550471294
377,26,2,TIX ATM | Insert the TIX.

NOW! | at .1550471318
378,26,3,0 | 10 | 1 | at .1550471318
379,26,3,0 | 3 | 1 | at .1550471329
380,26,2,Wizard Robes | Goes with wizard hat. | at .1550472124
381,26,3,1 | 5 | 3 | at .1550472124
382,26,2,I hate paint.net sometimes please remove this mods | aAAAAA | at .1550472173
383,26,3,1 | 0 | 0 | at .1550472173
384,26,2,Wizard Robes | Goes with the wizard hat! | at .1550472327
385,26,3,1 | 6 | 3 | at .1550472327
386,26,2,remove from my stuff doesn't work soooooo | aaaaaaaaaaaaaaaaaaaaaaaaaa | at .1550472416
387,26,3,1 | 0 | 0 | at .1550472416
388,26,2,Wizard Robes | Goes with wizard hat.

last upload I promise! | at .1550472484
389,26,3,1 | 7 | 3 | at .1550472484
390,26,2,... | ... | at .1550472529
391,26,3,1 | 0 | 0 | at .1550472529
392,26,2,Wizards Robes | Goes with Wizards hat! | at .1550472625
393,26,3,1 | 6 | 3 | at .1550472625
394,26,2,Torso Face | Now you have two faces. | at .1550472929
395,26,3,0 | 5 | 1 | at .1550472929
396,81,0,bought itemID 18 for Tx 10 1550473158
397,55,0,bought itemID 192 for R$ 1 1550473193
398,55,0,bought itemID 191 for R$ 2 1550473200
399,53,2,Mountain Dew | Old logo | at .1550473227
400,53,3,1 | 5 | 1 | at .1550473227
401,53,2,Mario | With a hammer | at .1550473291
402,53,3,1 | 5 | 1 | at .1550473291
403,26,2,Mario Head | Mama Mia! | at .1550473348
404,26,3,1 | 3 | 1 | at .1550473348
405,53,2,Mountain Dew New Logo | New logo | at .1550473384
406,53,3,1 | 5 | 1 | at .1550473384
407,26,2,Windows XP | du du dudu du du

aka startup sound | at .1550473434
408,26,3,0 | 3 | 1 | at .1550473434
409,26,2,Windows 98 | Windows 98 

I have nothing else to say :,( | at .1550473519
410,26,3,0 | 3 | 1 | at .1550473519
411,53,0,bought itemID 131 for Tx 5 1550473788
412,55,2,Coca cola shirt | wear with red torso | at .1550473834
413,55,3,1 | 5 | 5 | at .1550473834
414,26,2,Cherry Coca Cola | Best coca cola | at .1550474003
415,26,3,0 | 3 | 1 | at .1550474003
416,26,2,Become A Walking Advertisement | yoshi295295 made me do it. | at .1550474274
417,26,3,0 | 1 | 1 | at .1550474274
418,74,0,bought itemID 28 for Tx 1 1550474280
419,26,2,Become A Walking Advertisement | jaMP2k made me do it. | at .1550474373
420,54,2,Got Root? (White) | The white version of the Got Root? shirt | at .1550475138
421,54,3,1 | 10 | 15 | at .1550475176
422,53,0,bought itemID 206 for Tx 1 1550475265
423,54,2,Got Root? (White) | Transparent white letters - may not show up in Catalog, but they are there! | at .1550475396
424,54,3,1 | 10 | 10 | at .1550475396
425,54,3,1 | 10 | 10 | at .1550475405
426,132,2,very magic dark theme | free for a day
dm mydiscordaccountgotdisabled#9955 if u bought | at .1550475616
427,132,3,0 | 0 | 0 | at .1550475622
428,132,3,0 | 0 | 0 | at .1550475645
429,132,3,0 | 1 | 0 | at .1550475652
430,132,3,0 | 1 | 0 | at .1550475658
431,53,0,bought itemID 208 for Tx 1 1550475739
432,132,3,0 | 0 | 0 | at .1550476164
433,132,3,0 | 1 | 0 | at .1550476197
434,132,3,0 | 1 | 0 | at .1550476229
435,132,3,0 | 1 | 0 | at .1550476251
436,132,3,0 | 1 | 0 | at .1550476262
437,55,0,bought itemID 208 for Tx 1 1550477255
438,132,2,very magic dark theme | on sale for a day
dm mydiscordaccountgotdisabled#9955 if u bought | at .1550477734
439,54,3,1 | 10 | 1 | at .1550478154
440,132,3,0 | 1 | 1 | at .1550478316
441,54,3,1 | 2 | 1 | at .1550478348
442,54,0,bought itemID 208 for R$ 1 1550478391
443,50,0,bought itemID 207 for Tx 2 1550478445
444,50,0,bought itemID 208 for Tx 1 1550479471
445,132,2,very magic dark theme | now almost a price of a limted
tickets are half off tho
dm mydiscordaccountgotdisabled#9955 if u bought | at .1550480445
446,132,3,0 | 50 | 100 | at .1550480445
447,54,3,1 | 10 | 1 | at .1550480718
448,54,3,1 | 10 | 1 | at .1550480723
449,54,3,1 | 10 | 1 | at .1550480729
450,117,0,bought itemID 182 for R$ 1 1550480739
451,55,3,1 | 0 | 1 | at .1550483092
452,132,2,echo 'thisactuallyworksright' | pls buy i'm desperate | at .1550483284
453,132,2,rand(10,100) | pls buy i'm desperate | at .1550483318
454,132,2,rand(10,100) | rand(10,100) | at .1550483324
455,132,2,rand(10,100) | <?php
rand(10,100)
?> | at .1550483404
456,6,3,0 | 0 | 0 | at .1550483451
457,6,3,0 | 500 | 500 | at .1550483582
458,6,3,0 | 0 | 0 | at .1550483606
459,52,0,bought itemID 200 for Tx 3 1550486815
460,20,0,bought itemID 196 for Tx 6 1550488863
461,54,2,Got Root? (White) | Transparent white letters - may not show up in Catalog, but they are there!

The original Got Root? shirt made by Telamon. | at .1550490197
462,54,2,Got Root? (White) | The original Got Root? shirt made by Telamon.                                                                           Transparent white letters - may not show up in Catalog, but they are there! | at .1550490266
463,61,2,Roblox With R 2006.png | My ROBLOX R Shirt :) | at .1550493491
464,61,3,1 | 8 | 8 | at .1550493558
465,61,2,Old ROBLOX R 2006 | My ROBLOX R Shirt :) | at .1550493620
466,117,0,bought itemID 108 for R$ 5 1550494192
467,117,0,bought itemID 169 for R$ 1 1550494256
468,117,0,bought itemID 151 for R$ 5 1550494646
469,57,2,Invisible | Ummmmmmmmm.... | at .1550494957
470,57,3,1 | 1 | 1 | at .1550494957
471,60,2,epic face | so epic, so faic, but is it ovar 9001?! | at .1550495842
472,60,3,1 | 15 | 5 | at .1550495842
473,20,2,TEAPOT | OMG TEH TEAPOT SHIRT LAWHL. Good companion with the teapot hat. | at .1550496441
474,20,3,1 | 0 | 10 | at .1550496441
475,20,3,1 | 10 | 1 | at .1550496534
476,72,3,0 | 1 | 0 | at .1550496577
477,72,3,0 | 1 | 0 | at .1550496582
478,57,0,bought itemID 220 for Tx 1 1550496610
479,72,3,0 | 0 | 0 | at .1550496652
480,72,3,0 | 0 | 0 | at .1550496656
481,118,2,The Best Old Roblox Revival | the shirt says it all | at .1550497112
482,8,3,0 | 0 | 0 | at .1550497447
483,118,2,Goodblox: The Nostalgia is Real | it is really nostalgic | at .1550497455
484,118,3,1 | 10 | 5 | at .1550497455
485,76,0,bought itemID 218 for R$ 10 1550497998
486,20,3,1 | 10 | 5 | at .1550498353
487,20,2,ArmorOfGlory.png | The shirt to match with The Coif of Glory. Rawr! | at .1550498454
488,20,3,1 | 50 | 10 | at .1550498454
489,20,2,Link'sShirt.png | The shirt of Link from The Legend of Zelda, in a .png. Meaning it will conform to any color you want. =) | at .1550498539
490,20,3,1 | 50 | 10 | at .1550498539
491,20,2,BulletHoles.png | Oh noez! Looks like you got... eh... Are you ok? | at .1550498619
492,20,3,1 | 10 | 5 | at .1550498619
493,20,3,1 | 10 | 5 | at .1550498642
494,20,2,Black Falcon Crest.png | Black Falcon Crest with proper alpha channel so that the background is transparent. A must have for Castle fans! | at .1550498800
495,20,3,1 | 10 | 5 | at .1550498800
496,20,2,Black Falcon Crest | Black Falcon Crest with proper alpha channel so that the background is transparent. A must have for Castle fans! | at .1550498810
497,20,2,Robux Hoodie.png | I need ROBUX!!! | at .1550499058
498,20,3,1 | 0 | 5 | at .1550499058
499,20,2,Robux Hoodie | I need ROBUX!!! | at .1550499222
500,20,2,Halloween Hoodie | Shirt | at .1550499388
501,20,3,1 | 0 | 5 | at .1550499388
502,20,2,Christmas Hoodie | Merry Christmas! | at .1550499627
503,20,3,1 | 0 | 5 | at .1550499627
504,20,3,1 | 0 | 5 | at .1550499828
505,20,2,Red Sun Ninja Outfit | Death before dishonor! | at .1550500066
506,20,3,1 | 0 | 14 | at .1550500066
507,20,2,Green Leaf Ninja Outfit | Lost but seeking | at .1550500198
508,20,3,1 | 0 | 5 | at .1550500198
509,20,3,1 | 0 | 5 | at .1550500214
510,20,2,HaloMasterChief.png | For real HALO fans! | at .1550500386
511,20,3,1 | 10 | 5 | at .1550500386
512,20,3,1 | 10 | 5 | at .1550500509
513,20,2,Green Bloxxer Combustion | Shirt | at .1550500635
514,20,3,1 | 10 | 5 | at .1550500635
515,20,2,Blue Bloxxer Combustion | Shirt | at .1550500868
516,20,3,1 | 10 | 5 | at .1550500868
517,72,1,self-unban at 1550500937
518,20,3,1 | 10 | 5 | at .1550500947
519,20,2,Purple Bloxxer Combustion | Shirt | at .1550500950
520,20,2,Money necklace | for rich people! | at .1550501068
521,20,3,1 | 50 | 10 | at .1550501068
522,20,3,1 | 5 | 1 | at .1550501181
523,20,3,1 | 10 | 5 | at .1550501331
524,20,3,1 | 10 | 5 | at .1550501437
525,20,3,1 | 10 | 5 | at .1550501760
526,132,2,very magic dark theme | so this is on sale again because im not getting any robux or tickets
dm mydiscordaccountgotdisabled#9955 if u bought | at .1550501942
527,132,3,0 | 10 | 10 | at .1550501958
528,32,0,bought itemID 226 for R$ 5 1550502092
529,32,0,bought itemID 222 for Tx 10 1550502096
530,32,0,bought itemID 238 for R$ 10 1550502114
531,132,2,DM mydiscordaccountgotdisabled#9955 if bought | So let me actually explain what this is instead of putting a short description, it's a shirt for buying a certain dark theme i made with TamperMonkey (tampermonkey.net) and it burns your eyes less. | at .1550502230
532,57,0,bought itemID 208 for Tx 10 1550502383
533,132,2,Item is off sale | Moved to another item | at .1550502398
534,132,3,0 | 0 | 0 | at .1550502398
535,42,0,bought itemID 142 for R$ 3 1550502447
536,68,0,bought itemID 242 for Tx 10 1550503038
537,68,0,bought itemID 241 for R$ 5 1550503060
538,68,0,bought itemID 240 for Tx 10 1550503067
539,68,0,bought itemID 239 for R$ 1 1550503081
540,68,0,bought itemID 238 for R$ 10 1550503087
541,68,0,bought itemID 237 for R$ 5 1550503092
542,68,0,bought itemID 236 for R$ 5 1550503096
543,68,0,bought itemID 219 for R$ 1 1550503141
544,132,2,epicmagic | Just a shirt for a dark theme i made.
If bought, DM mydiscordaccountgotdisabled#9955 with your username & proof. | at .1550503151
545,132,3,0 | 10 | 10 | at .1550503151
546,20,0,bought itemID 183 for Tx 10 1550503186
547,69,0,bought itemID 230 for R$ 5 1550503217
548,69,0,bought itemID 229 for R$ 5 1550503224
549,69,0,bought itemID 228 for R$ 5 1550503230
550,69,0,bought itemID 227 for R$ 5 1550503234
551,69,0,bought itemID 226 for Tx 10 1550503240
552,69,0,bought itemID 231 for R$ 5 1550503244
553,69,0,bought itemID 232 for R$ 5 1550503247
554,69,0,bought itemID 233 for Tx 10 1550503252
555,70,0,bought itemID 240 for Tx 10 1550503311
556,70,0,bought itemID 239 for Tx 5 1550503318
557,70,0,bought itemID 238 for R$ 10 1550503324
558,70,0,bought itemID 237 for R$ 5 1550503332
559,70,0,bought itemID 236 for R$ 5 1550503336
560,70,0,bought itemID 235 for R$ 5 1550503340
561,70,0,bought itemID 234 for R$ 5 1550503345
562,8,3,0 | 0 | 0 | at .1550504338
563,20,3,1 | 10 | 5 | at .1550504693
564,8,3,0 | 0 | 0 | at .1550504709
565,20,3,1 | 10 | 5 | at .1550504851
566,20,3,1 | 10 | 5 | at .1550504855
567,20,3,1 | 10 | 5 | at .1550504862
568,20,3,1 | 10 | 5 | at .1550504867
569,50,2,Bloxxer | Shirt | at .1550504925
570,50,3,0 | 1 | 1 | at .1550504925
571,50,2,Inmate | Shirt | at .1550504978
572,50,3,0 | 1 | 1 | at .1550504978
573,50,2,Expensive Red Suit | Shirt | at .1550505062
574,50,3,0 | 1 | 1 | at .1550505062
575,50,2,Cowboy | Shirt | at .1550505150
576,50,3,0 | 1 | 1 | at .1550505150
577,57,0,bought itemID 252 for R$ 1 1550505200
578,98,0,bought itemID 254 for Tx 1 1550505203
579,98,0,bought itemID 252 for Tx 1 1550505210
580,98,0,bought itemID 251 for Tx 1 1550505216
581,50,2,Free Predator! | Shirt | at .1550505219
582,50,3,0 | 1 | 1 | at .1550505219
583,98,0,bought itemID 250 for Tx 1 1550505221
584,50,2,Suit With Purple Tie | go away reds | at .1550505384
585,50,3,0 | 1 | 1 | at .1550505384
586,50,2,Phoenix Fire | Shirt | at .1550505463
587,50,3,0 | 1 | 1 | at .1550505463
588,26,2,Saltine | Yes | at .1550505740
589,26,3,0 | 1 | 1 | at .1550505740
590,57,2,256.png | For the epic gamers!!!!!!!!!!!!!!!!!!!!1 | at .1550505765
591,57,3,1 | 1 | 6969 | at .1550505765
592,98,2,Supreme Bag | EPIC | at .1550505775
593,98,3,0 | 10 | 0 | at .1550505775
594,57,3,1 | 1 | 6969 | at .1550505776
595,98,3,0 | 0 | 13123123 | at .1550505992
596,8,0,bought itemID 252 for Tx 1 1550506006
597,26,2,I Donated | Yeah I did | at .1550506006
598,26,3,1 | 5 | 1 | at .1550506006
599,8,0,bought itemID 260 for Tx 1 1550506017
600,8,0,bought itemID 258 for Tx 1 1550506023
601,8,0,bought itemID 255 for Tx 1 1550506028
602,8,0,bought itemID 254 for Tx 1 1550506032
603,8,0,bought itemID 250 for Tx 1 1550506036
604,8,0,bought itemID 251 for Tx 1 1550506039
605,103,0,bought itemID 2 for Tx 10 1550506278
606,57,3,1 | 1 | 1 | at .1550506463
607,57,3,1 | 1 | 1 | at .1550506471
608,103,0,bought itemID 264 for R$ 1 1550506514
609,26,2,Mog | Some shirt from 2007 I found in the hat demo video. | at .1550506739
610,26,3,0 | 5 | 1 | at .1550506739
611,26,2,Zeeky Bomb | Zeeky Boogy Doog | at .1550507541
612,26,3,1 | 8 | 1 | at .1550507541
613,11,0,bought itemID 233 for R$ 5 1550508352
614,11,0,bought itemID 260 for R$ 1 1550508405
615,26,2,FBI Shirt | Shirt | at .1550508418
616,26,2,FBI Shirt | FBI OPEN UP! | at .1550508433
617,26,3,0 | 5 | 1 | at .1550508433
618,26,3,0 | 0 | 0 | at .1550508726
619,26,3,0 | 10 | 0 | at .1550508751
620,8,3,0 | 0 | 0 | at .1550509815
621,8,3,0 | 0 | 0 | at .1550509818
622,26,2,Linkin Park | IN THE END

IT DOESN'T EVEN MATTER

rip Chester Bennington | at .1550509824
623,26,3,1 | 2 | 1 | at .1550509824
624,26,2,Dragon Force | THROUGH THE FIRE AND THE FLAMES WE CARRY ON | at .1550509910
625,26,3,0 | 2 | 1 | at .1550509910
626,20,0,bought itemID 269 for Tx 2 1550510237
627,106,2,Ramones | yes | at .1550511144
628,106,3,1 | 10 | 0 | at .1550511144
629,106,3,1 | 1 | 0 | at .1550511170
630,106,3,1 | 1 | 1 | at .1550511238
631,26,2,The Noob Within | The noob is within all of us | at .1550511502
632,26,3,1 | 5 | 1 | at .1550511502
633,24,0,bought itemID 147 for Tx 9 1550513232
634,26,2,Top Ramen | Tastes Good | at .1550513782
635,26,3,1 | 5 | 1 | at .1550513782
636,102,0,bought itemID 258 for Tx 1 1550514048
637,102,0,bought itemID 255 for Tx 1 1550514074
638,102,0,bought itemID 252 for Tx 1 1550514076
639,11,0,bought itemID 270 for R$ 1 1550516474
640,66,0,bought itemID 260 for Tx 1 1550516701
641,66,0,bought itemID 258 for R$ 1 1550516711
642,66,0,bought itemID 255 for R$ 1 1550516719
643,113,0,bought itemID 233 for R$ 5 1550516977
644,26,2,dead fish XD.png | XD | at .1550517335
645,26,3,0 | 1 | 0 | at .1550517335
646,26,2,Big G | GoodBlox is GOOD! | at .1550517675
647,26,3,0 | 1 | 0 | at .1550517675
648,26,2,Sprite | Sprite is good | at .1550520414
649,26,3,0 | 1 | 0 | at .1550520414
650,26,2,Dr. Pepper | Shirt | at .1550520474
651,26,3,1 | 1 | 0 | at .1550520474
652,26,2,Luigi Overalls | Yay for me, Luigi! | at .1550520869
653,26,3,0 | 5 | 0 | at .1550520869
654,21,2,walfa or miss | yu kare voy frin adi di du kisius muak | at .1550526851
655,21,3,1 | 1 | 666 | at .1550526851
656,24,0,bought itemID 272 for R$ 1 1550527982
657,131,0,bought itemID 203 for R$ 1 1550528381
658,21,2,VikingShirt.png | Shirt | at .1550531284
659,21,3,1 | 70 | 5 | at .1550531284
660,19,0,bought itemID 1 for R$ 50 1550533545
661,26,3,0 | 2 | 1 | at .1550548845
662,26,2,--- | --- | at .1550548886
663,26,3,0 | 0 | 0 | at .1550548886
664,54,3,1 | 5 | 1 | at .1550558989
665,54,3,1 | 5 | 1 | at .1550558994
666,54,3,1 | 5 | 1 | at .1550559000
