EVENT_NAME,COUNT_STAR,AVG_TIMER_WAIT,SUM_TIMER_WAIT,MAX_TIMER_WAIT,MIN_TIMER_WAIT
stage/sql/After create,0,0,0,0,0
stage/sql/allocating local table,0,0,0,0,0
stage/sql/preparing for alter table,0,0,0,0,0
stage/sql/altering table,0,0,0,0,0
stage/sql/committing alter table to storage engine,0,0,0,0,0
stage/sql/Changing master,0,0,0,0,0
stage/sql/Checking master version,0,0,0,0,0
stage/sql/checking permissions,0,0,0,0,0
stage/sql/checking privileges on cached query,0,0,0,0,0
stage/sql/checking query cache for query,0,0,0,0,0
stage/sql/cleaning up,0,0,0,0,0
stage/sql/closing tables,0,0,0,0,0
stage/sql/Compressing gtid_executed table,0,0,0,0,0
stage/sql/Connecting to master,0,0,0,0,0
stage/sql/converting HEAP to ondisk,0,0,0,0,0
stage/sql/Copying to group table,0,0,0,0,0
stage/sql/Copying to tmp table,0,0,0,0,0
stage/sql/copy to tmp table,0,0,0,0,0
stage/sql/Creating sort index,0,0,0,0,0
stage/sql/creating table,0,0,0,0,0
stage/sql/Creating tmp table,0,0,0,0,0
stage/sql/deleting from main table,0,0,0,0,0
stage/sql/deleting from reference tables,0,0,0,0,0
stage/sql/discard_or_import_tablespace,0,0,0,0,0
stage/sql/end,0,0,0,0,0
stage/sql/executing,0,0,0,0,0
stage/sql/Execution of init_command,0,0,0,0,0
stage/sql/explaining,0,0,0,0,0
stage/sql/Finished reading one binlog; switching to next binlog,0,0,0,0,0
stage/sql/Flushing relay log and master info repository.,0,0,0,0,0
stage/sql/Flushing relay-log info file.,0,0,0,0,0
stage/sql/freeing items,0,0,0,0,0
stage/sql/FULLTEXT initialization,0,0,0,0,0
stage/sql/got handler lock,0,0,0,0,0
stage/sql/got old table,0,0,0,0,0
stage/sql/init,0,0,0,0,0
stage/sql/insert,0,0,0,0,0
stage/sql/invalidating query cache entries (table),0,0,0,0,0
stage/sql/invalidating query cache entries (table list),0,0,0,0,0
stage/sql/Killing slave,0,0,0,0,0
stage/sql/logging slow query,0,0,0,0,0
stage/sql/Making temporary file (append) before replaying LOAD DATA INFILE,0,0,0,0,0
stage/sql/Making temporary file (create) before replaying LOAD DATA INFILE,0,0,0,0,0
stage/sql/manage keys,0,0,0,0,0
stage/sql/Master has sent all binlog to slave; waiting for more updates,0,0,0,0,0
stage/sql/Opening tables,0,0,0,0,0
stage/sql/optimizing,0,0,0,0,0
stage/sql/preparing,0,0,0,0,0
stage/sql/Purging old relay logs,0,0,0,0,0
stage/sql/query end,0,0,0,0,0
stage/sql/Queueing master event to the relay log,0,0,0,0,0
stage/sql/Reading event from the relay log,0,0,0,0,0
stage/sql/Registering slave on master,0,0,0,0,0
stage/sql/Removing duplicates,0,0,0,0,0
stage/sql/removing tmp table,0,0,0,0,0
stage/sql/rename,0,0,0,0,0
stage/sql/rename result table,0,0,0,0,0
stage/sql/Requesting binlog dump,0,0,0,0,0
stage/sql/reschedule,0,0,0,0,0
stage/sql/Searching rows for update,0,0,0,0,0
stage/sql/Sending binlog event to slave,0,0,0,0,0
stage/sql/sending cached result to client,0,0,0,0,0
stage/sql/Sending data,0,0,0,0,0
stage/sql/setup,0,0,0,0,0
stage/sql/Slave has read all relay log; waiting for more updates,0,0,0,0,0
stage/sql/Waiting for an event from Coordinator,0,0,0,0,0
stage/sql/Waiting for slave workers to process their queues,0,0,0,0,0
stage/sql/Waiting for Slave Worker queue,0,0,0,0,0
stage/sql/Waiting for Slave Workers to free pending events,0,0,0,0,0
stage/sql/Waiting for Slave Worker to release partition,0,0,0,0,0
stage/sql/Waiting for workers to exit,0,0,0,0,0
stage/sql/Sorting for group,0,0,0,0,0
stage/sql/Sorting for order,0,0,0,0,0
stage/sql/Sorting result,0,0,0,0,0
stage/sql/Waiting until MASTER_DELAY seconds after master executed event,0,0,0,0,0
stage/sql/statistics,0,0,0,0,0
stage/sql/storing result in query cache,0,0,0,0,0
stage/sql/storing row into queue,0,0,0,0,0
stage/sql/System lock,0,0,0,0,0
stage/sql/update,0,0,0,0,0
stage/sql/updating,0,0,0,0,0
stage/sql/updating main table,0,0,0,0,0
stage/sql/updating reference tables,0,0,0,0,0
stage/sql/upgrading lock,0,0,0,0,0
stage/sql/User sleep,0,0,0,0,0
stage/sql/verifying table,0,0,0,0,0
stage/sql/Waiting for GTID to be committed,0,0,0,0,0
stage/sql/waiting for handler insert,0,0,0,0,0
stage/sql/waiting for handler lock,0,0,0,0,0
stage/sql/waiting for handler open,0,0,0,0,0
stage/sql/Waiting for INSERT,0,0,0,0,0
stage/sql/Waiting for master to send event,0,0,0,0,0
stage/sql/Waiting for master update,0,0,0,0,0
stage/sql/Waiting for the slave SQL thread to free enough relay log space,0,0,0,0,0
stage/sql/Waiting for slave mutex on exit,0,0,0,0,0
stage/sql/Waiting for slave thread to start,0,0,0,0,0
stage/sql/Waiting for table flush,0,0,0,0,0
stage/sql/Waiting for query cache lock,0,0,0,0,0
stage/sql/Waiting for the next event in relay log,0,0,0,0,0
stage/sql/Waiting for the slave SQL thread to advance position,0,0,0,0,0
stage/sql/Waiting to finalize termination,0,0,0,0,0
stage/sql/Waiting for preceding transaction to commit,0,0,0,0,0
stage/sql/Waiting for dependent transaction to commit,0,0,0,0,0
stage/sql/Suspending,0,0,0,0,0
stage/sql/starting,0,0,0,0,0
stage/sql/Waiting for no channel reference.,0,0,0,0,0
stage/mysys/Waiting for table level lock,0,0,0,0,0
stage/sql/Waiting on empty queue,0,0,0,0,0
stage/sql/Waiting for next activation,0,0,0,0,0
stage/sql/Waiting for the scheduler to stop,0,0,0,0,0
stage/sql/Waiting for global read lock,0,0,0,0,0
stage/sql/Waiting for tablespace metadata lock,0,0,0,0,0
stage/sql/Waiting for schema metadata lock,0,0,0,0,0
stage/sql/Waiting for table metadata lock,0,0,0,0,0
stage/sql/Waiting for stored function metadata lock,0,0,0,0,0
stage/sql/Waiting for stored procedure metadata lock,0,0,0,0,0
stage/sql/Waiting for trigger metadata lock,0,0,0,0,0
stage/sql/Waiting for event metadata lock,0,0,0,0,0
stage/sql/Waiting for commit lock,0,0,0,0,0
stage/sql/User lock,0,0,0,0,0
stage/sql/Waiting for locking service lock,0,0,0,0,0
stage/innodb/alter table (insert),0,0,0,0,0
stage/innodb/alter table (insert),0,0,0,0,0
stage/innodb/alter table (log apply index),0,0,0,0,0
stage/innodb/buffer pool load,1,1598532955395,1598532955395,1598532955395,1598532955395
stage/innodb/alter table (end),10,79898390,799263265,113980920,55873000
stage/innodb/alter table (flush),10,8365026195,83652217505,23472806030,30730150
stage/innodb/alter table (read PK and internal sort),10,7232480485,72325922310,66046635205,367644340
stage/innodb/alter table (log apply table),20,77195812990,1543917935990,334613060495,90234895

