OWNER_EVENT_ID,OWNER_THREAD_ID,OBJECT_TYPE,OBJECT_NAME,EXTERNAL_LOCK,INTERNAL_LOCK,OBJECT_SCHEMA,OBJECT_INSTANCE_BEGIN
0,0,TABLE,site_settings,NULL,NULL,goodblox_main,2687869800080
0,0,TABLE,site_settings,NULL,NULL,goodblox_main,2687869804240
0,0,TABLE,site_settings,NULL,NULL,goodblox_main,2687869802160
0,0,TABLE,catalog,NULL,NULL,goodblox_main,2687870100720
0,0,TABLE,site_settings,NULL,NULL,goodblox_main,2687870098640
0,0,TABLE,site_settings,NULL,NULL,goodblox_main,2687870116320
0,0,TABLE,site_settings,NULL,NULL,goodblox_main,2687870120480
0,0,TABLE,site_settings,NULL,NULL,goodblox_main,2687870126720
0,0,TABLE,site_settings,NULL,NULL,goodblox_main,2687870105920
0,0,TABLE,site_settings,NULL,NULL,goodblox_main,2687870095520
0,0,TABLE,site_settings,NULL,NULL,goodblox_main,2687870114240
0,0,TABLE,site_settings,NULL,NULL,goodblox_main,2687870123600
0,0,TABLE,site_settings,NULL,NULL,goodblox_main,2687870094480
0,0,TABLE,forum_groups,NULL,NULL,goodblox_main,2687870097600
0,0,TABLE,forum_categories,NULL,NULL,goodblox_main,2687870136080
0,0,TABLE,forum_topics,NULL,NULL,goodblox_main,2687870147520
0,0,TABLE,forum_replies,NULL,NULL,goodblox_main,2687870144400
0,0,TABLE,users,NULL,NULL,goodblox_main,2687870151680
0,0,TABLE,users,NULL,NULL,goodblox_main,2687870035200
0,0,TABLE,users,NULL,NULL,goodblox_main,2687870031040
0,0,TABLE,users,NULL,NULL,goodblox_main,2687870049760
0,0,TABLE,users,NULL,NULL,goodblox_main,2687870058080
0,0,TABLE,users,NULL,NULL,goodblox_main,2687870054960
0,0,TABLE,users,NULL,NULL,goodblox_main,2687870028960
0,0,TABLE,users,NULL,NULL,goodblox_main,2687870039360
0,0,TABLE,users,NULL,NULL,goodblox_main,2687870026880
0,0,TABLE,users,NULL,NULL,goodblox_main,2687870025840
0,0,TABLE,users,NULL,NULL,goodblox_main,2687870043520
0,0,TABLE,users,NULL,NULL,goodblox_main,2687870059120
0,0,TABLE,site_settings,NULL,NULL,goodblox_main,2687870065360
0,0,TABLE,forum_groups,NULL,NULL,goodblox_main,2687870089280
0,0,TABLE,forum_categories,NULL,NULL,goodblox_main,2687870067440
0,0,TABLE,forum_topics,NULL,NULL,goodblox_main,2687870069520
0,0,TABLE,forum_replies,NULL,NULL,goodblox_main,2687870071600
0,0,TABLE,users,NULL,NULL,goodblox_main,2687870064320
0,0,TABLE,site_settings,NULL,NULL,goodblox_main,2687870082000
0,0,TABLE,friends,NULL,NULL,goodblox_main,2687870087200
0,0,TABLE,friends,NULL,NULL,goodblox_main,2687870061200
0,0,TABLE,profile_views,NULL,NULL,goodblox_main,2687871215536
0,0,TABLE,site_settings,NULL,NULL,goodblox_main,2687871210336
0,0,TABLE,owned_badges,NULL,NULL,goodblox_main,2687871196816
0,0,TABLE,owned_badges,NULL,NULL,goodblox_main,2687871216576
0,0,TABLE,badges,NULL,NULL,goodblox_main,2687871199936
0,0,TABLE,friends,NULL,NULL,goodblox_main,2687871207216
0,0,TABLE,friends,NULL,NULL,goodblox_main,2687871200976
0,0,TABLE,forum_topics,NULL,NULL,goodblox_main,2687871187456
0,0,TABLE,forum_replies,NULL,NULL,goodblox_main,2687871219696
0,0,TABLE,friends,NULL,NULL,goodblox_main,2687871189536
0,0,TABLE,friends,NULL,NULL,goodblox_main,2687871209296
0,0,TABLE,friends,NULL,NULL,goodblox_main,2687871222816
0,0,TABLE,users,NULL,NULL,goodblox_main,2687871246736
0,0,TABLE,users,NULL,NULL,goodblox_main,2687871247776
0,0,TABLE,users,NULL,NULL,goodblox_main,2687871241536
0,0,TABLE,owned_assets,NULL,NULL,goodblox_main,2687871226976
0,0,TABLE,catalog,NULL,NULL,goodblox_main,2687871228016
0,0,TABLE,profile_views,NULL,NULL,goodblox_main,2687871243616
0,0,TABLE,owned_badges,NULL,NULL,goodblox_main,2687871251936
0,0,TABLE,owned_badges,NULL,NULL,goodblox_main,2687871230096
0,0,TABLE,badges,NULL,NULL,goodblox_main,2687871232176
0,0,TABLE,owned_badges,NULL,NULL,goodblox_main,2687871235296
0,0,TABLE,badges,NULL,NULL,goodblox_main,2687871258176
0,0,TABLE,owned_badges,NULL,NULL,goodblox_main,2687871255056
0,0,TABLE,badges,NULL,NULL,goodblox_main,2687871282096
0,0,TABLE,friends,NULL,NULL,goodblox_main,2687871271696
0,0,TABLE,friends,NULL,NULL,goodblox_main,2687871277936
0,0,TABLE,forum_topics,NULL,NULL,goodblox_main,2687871275856
0,0,TABLE,forum_replies,NULL,NULL,goodblox_main,2687871264416
0,0,TABLE,owned_assets,NULL,NULL,goodblox_main,2687871263376
0,0,TABLE,catalog,NULL,NULL,goodblox_main,2687871266496
0,0,TABLE,log_ins,NULL,NULL,goodblox_main,2687871256096
0,0,TABLE,friends,NULL,NULL,goodblox_main,2687871252976
0,0,TABLE,friends,NULL,NULL,goodblox_main,2687871260256
0,0,TABLE,awards,NULL,NULL,goodblox_main,2687871304976
0,0,TABLE,messages,NULL,NULL,goodblox_main,2687871298736
0,0,TABLE,site_settings,NULL,NULL,goodblox_main,2687871302896
0,0,TABLE,messages,NULL,NULL,goodblox_main,2687871289376
0,0,TABLE,catalog,NULL,NULL,goodblox_main,2687871293536
0,0,TABLE,owned_assets,NULL,NULL,goodblox_main,2687871300816
0,0,TABLE,owned_badges,NULL,NULL,goodblox_main,2687871308096
0,0,TABLE,forum_groups,NULL,NULL,goodblox_main,2687871310176
0,0,TABLE,forum_categories,NULL,NULL,goodblox_main,2687872272304
0,0,TABLE,forum_categories,NULL,NULL,goodblox_main,2687872301424
0,0,TABLE,forum_groups,NULL,NULL,goodblox_main,2687872291024
0,0,TABLE,forum_topics,NULL,NULL,goodblox_main,2687872278544
0,0,TABLE,user_view_posts,NULL,NULL,goodblox_main,2687872286864
0,0,TABLE,forum_replies,NULL,NULL,goodblox_main,2687872298304
0,0,TABLE,forum_topics,NULL,NULL,goodblox_main,2687872305584
0,0,TABLE,user_view_posts,NULL,NULL,goodblox_main,2687872280624
0,0,TABLE,forum_categories,NULL,NULL,goodblox_main,2687872308704
0,0,TABLE,forum_groups,NULL,NULL,goodblox_main,2687872310784
0,0,TABLE,forum_replies,NULL,NULL,goodblox_main,2687872289984
0,0,TABLE,friends,NULL,NULL,goodblox_main,2687872313904
0,0,TABLE,profile_views,NULL,NULL,goodblox_main,2687872282704
0,0,TABLE,owned_badges,NULL,NULL,goodblox_main,2687872317024
0,0,TABLE,badges,NULL,NULL,goodblox_main,2687872322224
0,0,TABLE,owned_badges,NULL,NULL,goodblox_main,2687872319104
0,0,TABLE,badges,NULL,NULL,goodblox_main,2687872331584
0,0,TABLE,owned_badges,NULL,NULL,goodblox_main,2687872332624
0,0,TABLE,badges,NULL,NULL,goodblox_main,2687872323264
0,0,TABLE,friends,NULL,NULL,goodblox_main,2687872326384
0,0,TABLE,friends,NULL,NULL,goodblox_main,2687872327424
0,0,TABLE,owned_assets,NULL,NULL,goodblox_main,2687872214064
0,0,TABLE,catalog,NULL,NULL,goodblox_main,2687872228624
0,0,TABLE,owned_badges,NULL,NULL,goodblox_main,2687872231744
0,0,TABLE,catalog,NULL,NULL,goodblox_main,2687872222384
0,0,TABLE,comments,NULL,NULL,goodblox_main,2687872208864
0,0,TABLE,catalog,NULL,NULL,goodblox_main,2687872225504
0,0,TABLE,comments,NULL,NULL,goodblox_main,2687872205744
0,0,TABLE,catalog,NULL,NULL,goodblox_main,2687872230704
0,0,TABLE,comments,NULL,NULL,goodblox_main,2687872234864
0,0,TABLE,comments,NULL,NULL,goodblox_main,2687872236944
0,0,TABLE,wp8i_options,NULL,NULL,goodblox_wp684,2687872241104
0,0,TABLE,wp8i_posts,NULL,NULL,goodblox_wp684,2687872213024
0,0,TABLE,wp8i_terms,NULL,NULL,goodblox_wp684,2687872266064
0,0,TABLE,wp8i_term_taxonomy,NULL,NULL,goodblox_wp684,2687872260864
0,0,TABLE,wp8i_term_relationships,NULL,NULL,goodblox_wp684,2687872269184
0,0,TABLE,wp8i_postmeta,NULL,NULL,goodblox_wp684,2687872261904
0,0,TABLE,wp8i_users,NULL,NULL,goodblox_wp684,2687873177760
0,0,TABLE,wp8i_usermeta,NULL,NULL,goodblox_wp684,2687873188160
0,0,TABLE,wp8i_termmeta,NULL,NULL,goodblox_wp684,2687873191280
0,0,TABLE,profile_views,NULL,NULL,goodblox_main,2687873193360
0,0,TABLE,friends,NULL,NULL,goodblox_main,2687873184000
0,0,TABLE,forum_topics,NULL,NULL,goodblox_main,2687873180880
0,0,TABLE,forum_replies,NULL,NULL,goodblox_main,2687873162160
0,0,TABLE,owned_assets,NULL,NULL,goodblox_main,2687873196480
0,0,TABLE,catalog,NULL,NULL,goodblox_main,2687873165280
0,0,TABLE,profile_views,NULL,NULL,goodblox_main,2687873199600
0,0,TABLE,badges,NULL,NULL,goodblox_main,2687873202720
0,0,TABLE,forum_topics,NULL,NULL,goodblox_main,2687873204800
0,0,TABLE,forum_replies,NULL,NULL,goodblox_main,2687873174640
0,0,TABLE,friends,NULL,NULL,goodblox_main,2687873210000
0,0,TABLE,owned_assets,NULL,NULL,goodblox_main,2687873211040
0,0,TABLE,catalog,NULL,NULL,goodblox_main,2687873217280
0,0,TABLE,catalog,NULL,NULL,goodblox_main,2687873218320
0,0,TABLE,owned_assets,NULL,NULL,goodblox_main,2687873222480
0,0,TABLE,catalog,NULL,NULL,goodblox_main,2687873121600
0,0,TABLE,owned_assets,NULL,NULL,goodblox_main,2687873119520
0,0,TABLE,owned_assets,NULL,NULL,goodblox_main,2687873112240
0,0,TABLE,owned_badges,NULL,NULL,goodblox_main,2687873097680
0,0,TABLE,badges,NULL,NULL,goodblox_main,2687873115360
0,0,TABLE,catalog,NULL,NULL,goodblox_main,2687873100800
0,0,TABLE,owned_assets,NULL,NULL,goodblox_main,2687873114320
0,0,TABLE,forum_topics,NULL,NULL,goodblox_main,2687873123680
0,0,TABLE,user_view_posts,NULL,NULL,goodblox_main,2687873125760
0,0,TABLE,forum_categories,NULL,NULL,goodblox_main,2687873111200
0,0,TABLE,forum_groups,NULL,NULL,goodblox_main,2687873094560
0,0,TABLE,forum_replies,NULL,NULL,goodblox_main,2687873156960
0,0,TABLE,user_view_posts,NULL,NULL,goodblox_main,2687873129920
0,0,TABLE,owned_badges,NULL,NULL,goodblox_main,2687873159040
0,0,TABLE,owned_assets,NULL,NULL,goodblox_main,2687873132000
0,0,TABLE,profile_views,NULL,NULL,goodblox_main,2687873148640
0,0,TABLE,badges,NULL,NULL,goodblox_main,2687873134080
0,0,TABLE,forum_categories,NULL,NULL,goodblox_main,2687873153840
0,0,TABLE,forum_groups,NULL,NULL,goodblox_main,2687873133040
0,0,TABLE,profile_views,NULL,NULL,goodblox_main,2687873158000
0,0,TABLE,forum_topics,NULL,NULL,goodblox_main,2687873154880
0,0,TABLE,forum_replies,NULL,NULL,goodblox_main,2687873141360
0,0,TABLE,users,NULL,NULL,goodblox_main,2687874356464
0,0,TABLE,catalog,NULL,NULL,goodblox_main,2687874332544
0,0,TABLE,profile_views,NULL,NULL,goodblox_main,2687874347104
0,0,TABLE,forum_topics,NULL,NULL,goodblox_main,2687874341904
0,0,TABLE,forum_replies,NULL,NULL,goodblox_main,2687874346064
0,0,TABLE,owned_assets,NULL,NULL,goodblox_main,2687919615456
0,0,TABLE,catalog,NULL,NULL,goodblox_main,2687874357504
0,0,TABLE,awards,NULL,NULL,goodblox_main,2687874327344
0,0,TABLE,messages,NULL,NULL,goodblox_main,2687874328384
0,0,TABLE,messages,NULL,NULL,goodblox_main,2687874364784
0,0,TABLE,messages,NULL,NULL,goodblox_main,2687874365824
0,0,TABLE,messages,NULL,NULL,goodblox_main,2687874368944
0,0,TABLE,forum_categories,NULL,NULL,goodblox_main,2687874371024
0,0,TABLE,forum_groups,NULL,NULL,goodblox_main,2687874338784
0,0,TABLE,forum_topics,NULL,NULL,goodblox_main,2687874339824
0,0,TABLE,user_view_posts,NULL,NULL,goodblox_main,2687874385584
0,0,TABLE,forum_replies,NULL,NULL,goodblox_main,2687874379344
0,0,TABLE,user_view_posts,NULL,NULL,goodblox_main,2687874376224
0,0,TABLE,forum_categories,NULL,NULL,goodblox_main,2687874388704
0,0,TABLE,forum_groups,NULL,NULL,goodblox_main,2687874381424
0,0,TABLE,messages,NULL,NULL,goodblox_main,2687874414704
0,0,TABLE,profile_views,NULL,NULL,goodblox_main,2687874407424
0,0,TABLE,messages,NULL,NULL,goodblox_main,2687874403264
0,0,TABLE,friend_requests,NULL,NULL,goodblox_main,2687874393904
0,0,TABLE,owned_badges,NULL,NULL,goodblox_main,2687874408464
0,0,TABLE,friend_requests,NULL,NULL,goodblox_main,2687874402224
0,0,TABLE,messages,NULL,NULL,goodblox_main,2687874405344
0,0,TABLE,friend_requests,NULL,NULL,goodblox_main,2687874399104
0,0,TABLE,friend_requests,NULL,NULL,goodblox_main,2687874421984
0,0,TABLE,friend_requests,NULL,NULL,goodblox_main,2687874391824
0,0,TABLE,messages,NULL,NULL,goodblox_main,2687874426144
0,0,TABLE,profile_views,NULL,NULL,goodblox_main,2687874428224
0,0,TABLE,friend_requests,NULL,NULL,goodblox_main,2687874430304
0,0,TABLE,forum_topics,NULL,NULL,goodblox_main,2687874432384
0,0,TABLE,forum_replies,NULL,NULL,goodblox_main,2687874449024
0,0,TABLE,owned_assets,NULL,NULL,goodblox_main,2687874445904
0,0,TABLE,friend_requests,NULL,NULL,goodblox_main,2687874453184
0,0,TABLE,messages,NULL,NULL,goodblox_main,2687874450064
0,0,TABLE,profile_views,NULL,NULL,goodblox_main,2687874442784
0,0,TABLE,friend_requests,NULL,NULL,goodblox_main,2687874454224
0,0,TABLE,owned_badges,NULL,NULL,goodblox_main,2687874485424
0,0,TABLE,profile_views,NULL,NULL,goodblox_main,2687874482304
0,0,TABLE,messages,NULL,NULL,goodblox_main,2687874479184
0,0,TABLE,forum_topics,NULL,NULL,goodblox_main,2687874459424
0,0,TABLE,forum_replies,NULL,NULL,goodblox_main,2687874463584
0,0,TABLE,profile_views,NULL,NULL,goodblox_main,2687874477104
0,0,TABLE,messages,NULL,NULL,goodblox_main,2687874488544
0,0,TABLE,friend_requests,NULL,NULL,goodblox_main,2687874475024
0,0,TABLE,forum_topics,NULL,NULL,goodblox_main,2687874471904
0,0,TABLE,forum_replies,NULL,NULL,goodblox_main,2687874487504
0,0,TABLE,catalog,NULL,NULL,goodblox_main,2687874492704
0,0,TABLE,comments,NULL,NULL,goodblox_main,2687874494784
0,0,TABLE,friend_requests,NULL,NULL,goodblox_main,2687874508304
0,0,TABLE,messages,NULL,NULL,goodblox_main,2687874507264
0,0,TABLE,friend_requests,NULL,NULL,goodblox_main,2687874501024
0,0,TABLE,messages,NULL,NULL,goodblox_main,2687874502064
0,0,TABLE,messages,NULL,NULL,goodblox_main,2687874504144
0,0,TABLE,forum_topics,NULL,NULL,goodblox_main,2687874520784
0,0,TABLE,forum_replies,NULL,NULL,goodblox_main,2687874513504
0,0,TABLE,profile_views,NULL,NULL,goodblox_main,2687874516624
0,0,TABLE,owned_assets,NULL,NULL,goodblox_main,2687874277424
0,0,TABLE,friend_requests,NULL,NULL,goodblox_main,2687874280544
0,0,TABLE,friend_requests,NULL,NULL,goodblox_main,2687874278464
0,0,TABLE,friend_requests,NULL,NULL,goodblox_main,2687874272224
0,0,TABLE,friend_requests,NULL,NULL,goodblox_main,2687874264944
0,0,TABLE,profile_views,NULL,NULL,goodblox_main,2687874275344
0,0,TABLE,friend_requests,NULL,NULL,goodblox_main,2687874274304
0,0,TABLE,owned_assets,NULL,NULL,goodblox_main,2687874271184
0,0,TABLE,badges,NULL,NULL,goodblox_main,2687874282624
0,0,TABLE,badges,NULL,NULL,goodblox_main,2687874283664
0,0,TABLE,user_view_posts,NULL,NULL,goodblox_main,2687874285744
0,0,TABLE,forum_categories,NULL,NULL,goodblox_main,2687874306544
0,0,TABLE,forum_groups,NULL,NULL,goodblox_main,2687874313824
0,0,TABLE,comments,NULL,NULL,goodblox_main,2687874300304
0,0,TABLE,user_view_posts,NULL,NULL,goodblox_main,2687874294064
0,0,TABLE,badges,NULL,NULL,goodblox_main,2687874308624
0,0,TABLE,owned_badges,NULL,NULL,goodblox_main,2687874322144
0,0,TABLE,badges,NULL,NULL,goodblox_main,2687874293024
0,0,TABLE,wp8i_options,NULL,NULL,goodblox_wp684,2687874295104
0,0,TABLE,wp8i_posts,NULL,NULL,goodblox_wp684,2687874323184
0,0,TABLE,wp8i_terms,NULL,NULL,goodblox_wp684,2687874309664
0,0,TABLE,wp8i_term_taxonomy,NULL,NULL,goodblox_wp684,2687874310704
0,0,TABLE,wp8i_term_relationships,NULL,NULL,goodblox_wp684,2687874317984
0,0,TABLE,wp8i_postmeta,NULL,NULL,goodblox_wp684,2687874320064
0,0,TABLE,wp8i_users,NULL,NULL,goodblox_wp684,2687877239312
0,0,TABLE,wp8i_usermeta,NULL,NULL,goodblox_wp684,2687877248672
0,0,TABLE,wp8i_comments,NULL,NULL,goodblox_wp684,2687877242432
0,0,TABLE,wp8i_termmeta,NULL,NULL,goodblox_wp684,2687877243472
0,0,TABLE,badges,NULL,NULL,goodblox_main,2687877258032
0,0,TABLE,comments,NULL,NULL,goodblox_main,2687877261152
0,0,TABLE,beta_keys,NULL,NULL,goodblox_main,2687877238272
0,0,TABLE,beta_keys,NULL,NULL,goodblox_main,2687877237232
0,0,TABLE,user_view_posts,NULL,NULL,goodblox_main,2687877265312
0,0,TABLE,forum_categories,NULL,NULL,goodblox_main,2687877271552
0,0,TABLE,forum_groups,NULL,NULL,goodblox_main,2687877274672
0,0,TABLE,comments,NULL,NULL,goodblox_main,2687877281952
0,0,TABLE,wp8i_options,NULL,NULL,goodblox_wp684,2687877252832
0,0,TABLE,wp8i_posts,NULL,NULL,goodblox_wp684,2687877278832
0,0,TABLE,wp8i_terms,NULL,NULL,goodblox_wp684,2687877250752
0,0,TABLE,wp8i_term_taxonomy,NULL,NULL,goodblox_wp684,2687877288192
0,0,TABLE,wp8i_term_relationships,NULL,NULL,goodblox_wp684,2687877290272
0,0,TABLE,wp8i_postmeta,NULL,NULL,goodblox_wp684,2687877286112
0,0,TABLE,wp8i_users,NULL,NULL,goodblox_wp684,2687877287152
0,0,TABLE,wp8i_usermeta,NULL,NULL,goodblox_wp684,2687877294432
0,0,TABLE,wp8i_termmeta,NULL,NULL,goodblox_wp684,2687877308992
0,0,TABLE,wp8i_options,NULL,NULL,goodblox_wp684,2687877319392
0,0,TABLE,wp8i_posts,NULL,NULL,goodblox_wp684,2687877313152
0,0,TABLE,wp8i_postmeta,NULL,NULL,goodblox_wp684,2687877331872
0,0,TABLE,wp8i_options,NULL,NULL,goodblox_wp684,2687877322512
0,0,TABLE,wp8i_posts,NULL,NULL,goodblox_wp684,2687877304832
0,0,TABLE,wp8i_terms,NULL,NULL,goodblox_wp684,2687877306912
0,0,TABLE,wp8i_term_taxonomy,NULL,NULL,goodblox_wp684,2687877326672
0,0,TABLE,wp8i_term_relationships,NULL,NULL,goodblox_wp684,2687877310032
0,0,TABLE,wp8i_postmeta,NULL,NULL,goodblox_wp684,2687877330832
0,0,TABLE,wp8i_users,NULL,NULL,goodblox_wp684,2687877336032
0,0,TABLE,wp8i_usermeta,NULL,NULL,goodblox_wp684,2687877339152
0,0,TABLE,comments,NULL,NULL,goodblox_main,2687877341232
0,0,TABLE,comments,NULL,NULL,goodblox_main,2687877314192
0,0,TABLE,forum_categories,NULL,NULL,goodblox_main,2687877312112
0,0,TABLE,forum_groups,NULL,NULL,goodblox_main,2687877347472
0,0,TABLE,user_view_posts,NULL,NULL,goodblox_main,2687877352672
0,0,TABLE,wp8i_options,NULL,NULL,goodblox_wp684,2687877350592
0,0,TABLE,wp8i_posts,NULL,NULL,goodblox_wp684,2687877353712
0,0,TABLE,log_ins,NULL,NULL,goodblox_main,2687877354752
0,0,TABLE,awards,NULL,NULL,goodblox_main,2687877358912
0,0,TABLE,profile_views,NULL,NULL,goodblox_main,2687877363072
0,0,TABLE,awards,NULL,NULL,goodblox_main,2687877129072
0,0,TABLE,log_ins,NULL,NULL,goodblox_main,2687877131152
0,0,TABLE,user_view_posts,NULL,NULL,goodblox_main,2687877103072
0,0,TABLE,forum_categories,NULL,NULL,goodblox_main,2687877128032
0,0,TABLE,forum_groups,NULL,NULL,goodblox_main,2687877133232
0,0,TABLE,badges,NULL,NULL,goodblox_main,2687877112432
0,0,TABLE,user_view_posts,NULL,NULL,goodblox_main,2687877113472
0,0,TABLE,forum_categories,NULL,NULL,goodblox_main,2687877114512
0,0,TABLE,forum_groups,NULL,NULL,goodblox_main,2687877115552
0,0,TABLE,wp8i_options,NULL,NULL,goodblox_wp684,2687877136352
0,0,TABLE,wp8i_posts,NULL,NULL,goodblox_wp684,2687877104112
0,0,TABLE,wp8i_options,NULL,NULL,goodblox_wp684,2687877142592
0,0,TABLE,wp8i_posts,NULL,NULL,goodblox_wp684,2687877140512
0,0,TABLE,wp8i_terms,NULL,NULL,goodblox_wp684,2687877138432
0,0,TABLE,wp8i_term_taxonomy,NULL,NULL,goodblox_wp684,2687877144672
0,0,TABLE,wp8i_term_relationships,NULL,NULL,goodblox_wp684,2687877146752
0,0,TABLE,wp8i_postmeta,NULL,NULL,goodblox_wp684,2687877149872
0,0,TABLE,wp8i_users,NULL,NULL,goodblox_wp684,2687877151952
0,0,TABLE,wp8i_usermeta,NULL,NULL,goodblox_wp684,2687877167552
0,0,TABLE,wp8i_termmeta,NULL,NULL,goodblox_wp684,2687877156112
0,0,TABLE,user_view_posts,NULL,NULL,goodblox_main,2687877158192
0,0,TABLE,forum_categories,NULL,NULL,goodblox_main,2687877160272
0,0,TABLE,forum_groups,NULL,NULL,goodblox_main,2687877165472
0,0,TABLE,wp8i_options,NULL,NULL,goodblox_wp684,2687877195632
0,0,TABLE,wp8i_posts,NULL,NULL,goodblox_wp684,2687877185232
0,0,TABLE,wp8i_terms,NULL,NULL,goodblox_wp684,2687877197712
0,0,TABLE,wp8i_term_taxonomy,NULL,NULL,goodblox_wp684,2687877172752
0,0,TABLE,wp8i_term_relationships,NULL,NULL,goodblox_wp684,2687877194592
0,0,TABLE,wp8i_postmeta,NULL,NULL,goodblox_wp684,2687877198752
0,0,TABLE,wp8i_users,NULL,NULL,goodblox_wp684,2687877177952
0,0,TABLE,wp8i_usermeta,NULL,NULL,goodblox_wp684,2687877173792
0,0,TABLE,forum_categories,NULL,NULL,goodblox_main,2687877200832
0,0,TABLE,forum_groups,NULL,NULL,goodblox_main,2687877183152
0,0,TABLE,user_view_posts,NULL,NULL,goodblox_main,2687877169632
0,0,TABLE,user_view_posts,NULL,NULL,goodblox_main,2687877203952
0,0,TABLE,comments,NULL,NULL,goodblox_main,2687877206032
0,0,TABLE,user_view_posts,NULL,NULL,goodblox_main,2687877176912
0,0,TABLE,comments,NULL,NULL,goodblox_main,2687877229952
0,0,TABLE,comments,NULL,NULL,goodblox_main,2687877212272
0,0,TABLE,comments,NULL,NULL,goodblox_main,2687877215392
0,0,TABLE,comments,NULL,NULL,goodblox_main,2687877218512
0,0,TABLE,comments,NULL,NULL,goodblox_main,2687877222672
0,0,TABLE,wp8i_termmeta,NULL,NULL,goodblox_wp684,2687832089920
0,0,TABLE,beta_keys,NULL,NULL,goodblox_main,2687878785136
0,0,TABLE,wp8i_options,NULL,NULL,goodblox_wp684,2687878794496
0,0,TABLE,wp8i_posts,NULL,NULL,goodblox_wp684,2687878790336
0,0,TABLE,wp8i_terms,NULL,NULL,goodblox_wp684,2687878787216
0,0,TABLE,wp8i_term_taxonomy,NULL,NULL,goodblox_wp684,2687878786176
0,0,TABLE,wp8i_term_relationships,NULL,NULL,goodblox_wp684,2687878764336
0,0,TABLE,wp8i_postmeta,NULL,NULL,goodblox_wp684,2687878796576
0,0,TABLE,wp8i_users,NULL,NULL,goodblox_wp684,2687878797616
0,0,TABLE,wp8i_usermeta,NULL,NULL,goodblox_wp684,2687878799696
0,0,TABLE,wp8i_termmeta,NULL,NULL,goodblox_wp684,2687878768496
0,0,TABLE,game_servers,NULL,NULL,goodblox_servers,2687922342736
0,0,TABLE,awards,NULL,NULL,goodblox_main,2687878805936
0,0,TABLE,wp8i_options,NULL,NULL,goodblox_wp684,2687878774736
0,0,TABLE,wp8i_posts,NULL,NULL,goodblox_wp684,2687878784096
0,0,TABLE,wp8i_terms,NULL,NULL,goodblox_wp684,2687878808016
0,0,TABLE,wp8i_term_taxonomy,NULL,NULL,goodblox_wp684,2687878778896
0,0,TABLE,wp8i_term_relationships,NULL,NULL,goodblox_wp684,2687878826736
0,0,TABLE,wp8i_postmeta,NULL,NULL,goodblox_wp684,2687878814256
0,0,TABLE,wp8i_users,NULL,NULL,goodblox_wp684,2687878817376
0,0,TABLE,wp8i_usermeta,NULL,NULL,goodblox_wp684,2687878822576
0,0,TABLE,wp8i_termmeta,NULL,NULL,goodblox_wp684,2687878820496
0,0,TABLE,beta_keys,NULL,NULL,goodblox_main,2687878858976
0,0,TABLE,wp8i_options,NULL,NULL,goodblox_wp684,2687878842336
0,0,TABLE,wp8i_posts,NULL,NULL,goodblox_wp684,2687878860016
0,0,TABLE,wp8i_postmeta,NULL,NULL,goodblox_wp684,2687878851696
0,0,TABLE,wp8i_users,NULL,NULL,goodblox_wp684,2687878832976
0,0,TABLE,wp8i_usermeta,NULL,NULL,goodblox_wp684,2687878841296
0,0,TABLE,wp8i_comments,NULL,NULL,goodblox_wp684,2687878863136
0,0,TABLE,wp8i_terms,NULL,NULL,goodblox_wp684,2687878847536
0,0,TABLE,wp8i_term_taxonomy,NULL,NULL,goodblox_wp684,2687878844416
0,0,TABLE,wp8i_term_relationships,NULL,NULL,goodblox_wp684,2687878867296
0,0,TABLE,wp8i_termmeta,NULL,NULL,goodblox_wp684,2687878839216
0,0,TABLE,wp8i_options,NULL,NULL,goodblox_wp684,2687878856896
0,0,TABLE,wp8i_posts,NULL,NULL,goodblox_wp684,2687878868336
0,0,TABLE,wp8i_terms,NULL,NULL,goodblox_wp684,2687878838176
0,0,TABLE,wp8i_term_taxonomy,NULL,NULL,goodblox_wp684,2687878840256
0,0,TABLE,wp8i_term_relationships,NULL,NULL,goodblox_wp684,2687878857936
0,0,TABLE,wp8i_postmeta,NULL,NULL,goodblox_wp684,2687878876656
0,0,TABLE,wp8i_users,NULL,NULL,goodblox_wp684,2687878879776
0,0,TABLE,wp8i_usermeta,NULL,NULL,goodblox_wp684,2687878849616
0,0,TABLE,wp8i_termmeta,NULL,NULL,goodblox_wp684,2687878890176
0,0,TABLE,wp8i_comments,NULL,NULL,goodblox_wp684,2687878886016
0,0,TABLE,awards,NULL,NULL,goodblox_main,2687878659296
0,0,TABLE,todo,NULL,NULL,goodblox_main,2687878646816
0,0,TABLE,reports,NULL,NULL,goodblox_main,2687878638496
0,0,TABLE,reports,NULL,NULL,goodblox_main,2687878653056
0,0,TABLE,todo,NULL,NULL,goodblox_main,2687878631216
0,0,TABLE,wp8i_terms,NULL,NULL,goodblox_wp684,2687878633296
0,0,TABLE,wp8i_term_taxonomy,NULL,NULL,goodblox_wp684,2687878643696
0,0,TABLE,wp8i_term_relationships,NULL,NULL,goodblox_wp684,2687878647856
0,0,TABLE,wp8i_postmeta,NULL,NULL,goodblox_wp684,2687878660336
0,0,TABLE,wp8i_users,NULL,NULL,goodblox_wp684,2687878664496
0,0,TABLE,wp8i_usermeta,NULL,NULL,goodblox_wp684,2687878634336
0,0,TABLE,wp8i_termmeta,NULL,NULL,goodblox_wp684,2687878682176
0,0,TABLE,wp8i_comments,NULL,NULL,goodblox_wp684,2687878675936
0,0,TABLE,wp8i_commentmeta,NULL,NULL,goodblox_wp684,2687878681136
0,0,TABLE,wp8i_options,NULL,NULL,goodblox_wp684,2687878669696
0,0,TABLE,wp8i_comments,NULL,NULL,goodblox_wp684,2687878679056
0,0,TABLE,hashes,NULL,NULL,goodblox_main,2687878687376
0,0,TABLE,awards,NULL,NULL,goodblox_main,2687878688416
0,0,TABLE,reports,NULL,NULL,goodblox_main,2687878692576
0,0,TABLE,beta_keys,NULL,NULL,goodblox_main,2687878700896
0,0,TABLE,beta_keys,NULL,NULL,goodblox_main,2687878715456
0,0,TABLE,awards,NULL,NULL,goodblox_main,2687878721696
0,0,TABLE,awards,NULL,NULL,goodblox_main,2687878720656
0,0,TABLE,game_join_requests,NULL,NULL,goodblox_servers,2687967094160
0,0,TABLE,games,NULL,NULL,goodblox_main,2687908132160
0,0,TABLE,ingame_players,NULL,NULL,goodblox_servers,2687922414496
0,0,TABLE,wp8i_options,NULL,NULL,goodblox_wp684,2687878749776
0,0,TABLE,wp8i_posts,NULL,NULL,goodblox_wp684,2687878754976
0,0,TABLE,wp8i_terms,NULL,NULL,goodblox_wp684,2687878727936
0,0,TABLE,wp8i_term_taxonomy,NULL,NULL,goodblox_wp684,2687878730016
0,0,TABLE,wp8i_term_relationships,NULL,NULL,goodblox_wp684,2687878892256
0,0,TABLE,wp8i_postmeta,NULL,NULL,goodblox_wp684,2687832525584
0,0,TABLE,wp8i_users,NULL,NULL,goodblox_wp684,2687880868176
0,0,TABLE,wp8i_usermeta,NULL,NULL,goodblox_wp684,2687880865056
0,0,TABLE,wp8i_termmeta,NULL,NULL,goodblox_wp684,2687880876496
0,0,TABLE,log_ins,NULL,NULL,goodblox_main,2687880878576
0,0,TABLE,wp8i_terms,NULL,NULL,goodblox_wp684,2687880884816
0,0,TABLE,wp8i_term_taxonomy,NULL,NULL,goodblox_wp684,2687880859856
0,0,TABLE,wp8i_term_relationships,NULL,NULL,goodblox_wp684,2687880880656
0,0,TABLE,wp8i_postmeta,NULL,NULL,goodblox_wp684,2687880869216
0,0,TABLE,wp8i_users,NULL,NULL,goodblox_wp684,2687880871296
0,0,TABLE,wp8i_usermeta,NULL,NULL,goodblox_wp684,2687880866096
0,0,TABLE,log_ins,NULL,NULL,goodblox_main,2687880888976
0,0,TABLE,beta_keys,NULL,NULL,goodblox_main,2687880895216
0,0,TABLE,wp8i_comments,NULL,NULL,goodblox_wp684,2687880920176
0,0,TABLE,log_ins,NULL,NULL,goodblox_main,2687880913936
0,0,TABLE,wp8i_commentmeta,NULL,NULL,goodblox_wp684,2687880907696
0,0,TABLE,wp8i_options,NULL,NULL,goodblox_wp684,2687880899376
0,0,TABLE,beta_keys,NULL,NULL,goodblox_main,2687880923296
0,0,TABLE,open_servers,NULL,NULL,goodblox_servers,2687922394736
0,0,TABLE,wp8i_terms,NULL,NULL,goodblox_wp684,2687880921216
0,0,TABLE,wp8i_term_taxonomy,NULL,NULL,goodblox_wp684,2687880922256
0,0,TABLE,wp8i_term_relationships,NULL,NULL,goodblox_wp684,2687880901456
0,0,TABLE,wp8i_users,NULL,NULL,goodblox_wp684,2687880932656
0,0,TABLE,wp8i_usermeta,NULL,NULL,goodblox_wp684,2687880927456
0,0,TABLE,game_join_requests,NULL,NULL,goodblox_servers,2687922395776
0,0,TABLE,beta_keys,NULL,NULL,goodblox_main,2687880949296
0,0,TABLE,beta_keys,NULL,NULL,goodblox_main,2687880959696
0,0,TABLE,wp8i_options,NULL,NULL,goodblox_wp684,2687880962816
0,0,TABLE,wp8i_comments,NULL,NULL,goodblox_wp684,2687880973216
0,0,TABLE,wp8i_posts,NULL,NULL,goodblox_wp684,2687880965936
0,0,TABLE,wp8i_terms,NULL,NULL,goodblox_wp684,2687880945136
0,0,TABLE,wp8i_term_taxonomy,NULL,NULL,goodblox_wp684,2687880971136
0,0,TABLE,wp8i_term_relationships,NULL,NULL,goodblox_wp684,2687880975296
0,0,TABLE,wp8i_postmeta,NULL,NULL,goodblox_wp684,2687880977376
0,0,TABLE,awards,NULL,NULL,goodblox_main,2687880981536
0,0,TABLE,wp8i_users,NULL,NULL,goodblox_wp684,2687880983616
0,0,TABLE,wp8i_usermeta,NULL,NULL,goodblox_wp684,2687880987776
0,0,TABLE,wp8i_termmeta,NULL,NULL,goodblox_wp684,2687880737136
0,0,TABLE,log_ins,NULL,NULL,goodblox_main,2687880744416
0,0,TABLE,mwjj_objectcache,NULL,NULL,goodblox_mw19968,2687880745456
0,0,TABLE,mwjj_l10n_cache,NULL,NULL,goodblox_mw19968,2687880729856
0,0,TABLE,mwjj_page,NULL,NULL,goodblox_mw19968,2687880736096
0,0,TABLE,mwjj_revision,NULL,NULL,goodblox_mw19968,2687880743376
0,0,TABLE,mwjj_text,NULL,NULL,goodblox_mw19968,2687880760016
0,0,TABLE,mwjj_page_restrictions,NULL,NULL,goodblox_mw19968,2687880776656
0,0,TABLE,mwjj_user,NULL,NULL,goodblox_mw19968,2687880780816
0,0,TABLE,mwjj_updatelog,NULL,NULL,goodblox_mw19968,2687880786016
0,0,TABLE,mwjj_job,NULL,NULL,goodblox_mw19968,2687880787056
0,0,TABLE,mwjj_objectcache,NULL,NULL,goodblox_mw19968,2687880790176
0,0,TABLE,mwjj_page,NULL,NULL,goodblox_mw19968,2687880774576
0,0,TABLE,mwjj_l10n_cache,NULL,NULL,goodblox_mw19968,2687880794336
0,0,TABLE,mwjj_page_restrictions,NULL,NULL,goodblox_mw19968,2687880796416
0,0,TABLE,mwjj_revision,NULL,NULL,goodblox_mw19968,2687880821376
0,0,TABLE,mwjj_user,NULL,NULL,goodblox_mw19968,2687880801616
0,0,TABLE,mwjj_text,NULL,NULL,goodblox_mw19968,2687880817216
0,0,TABLE,mwjj_user_newtalk,NULL,NULL,goodblox_mw19968,2687880807856
0,0,TABLE,mwjj_updatelog,NULL,NULL,goodblox_mw19968,2687880814096
0,0,TABLE,mwjj_job,NULL,NULL,goodblox_mw19968,2687880823456
0,0,TABLE,mwjj_module_deps,NULL,NULL,goodblox_mw19968,2687880839056
0,0,TABLE,mwjj_module_deps,NULL,NULL,goodblox_mw19968,2687880833856
0,0,TABLE,mwjj_objectcache,NULL,NULL,goodblox_mw19968,2687880831776
0,0,TABLE,mwjj_page,NULL,NULL,goodblox_mw19968,2687880840096
0,0,TABLE,mwjj_revision,NULL,NULL,goodblox_mw19968,2687880843216
0,0,TABLE,mwjj_text,NULL,NULL,goodblox_mw19968,2687880812016
0,0,TABLE,mwjj_l10n_cache,NULL,NULL,goodblox_mw19968,2687880813056
0,0,TABLE,mwjj_l10n_cache,NULL,NULL,goodblox_mw19968,2687880847376
0,0,TABLE,mwjj_objectcache,NULL,NULL,goodblox_mw19968,2687880852576
0,0,TABLE,mwjj_updatelog,NULL,NULL,goodblox_mw19968,2687880856736
0,0,TABLE,mwjj_objectcache,NULL,NULL,goodblox_mw19968,2687832787872
0,0,TABLE,mwjj_l10n_cache,NULL,NULL,goodblox_mw19968,2687832809712
0,0,TABLE,mwjj_recentchanges,NULL,NULL,goodblox_mw19968,2687832785792
0,0,TABLE,mwjj_page,NULL,NULL,goodblox_mw19968,2687832942944
0,0,TABLE,mwjj_revision,NULL,NULL,goodblox_mw19968,2687832934624
0,0,TABLE,mwjj_text,NULL,NULL,goodblox_mw19968,2687832947104
0,0,TABLE,mwjj_change_tag,NULL,NULL,goodblox_mw19968,2687832545344
0,0,TABLE,mwjj_valid_tag,NULL,NULL,goodblox_mw19968,2687901527888
0,0,TABLE,mwjj_user_newtalk,NULL,NULL,goodblox_mw19968,2687901525808
0,0,TABLE,mwjj_updatelog,NULL,NULL,goodblox_mw19968,2687901526848
0,0,TABLE,mwjj_job,NULL,NULL,goodblox_mw19968,2687901532048
0,0,TABLE,mwjj_module_deps,NULL,NULL,goodblox_mw19968,2687901533088
0,0,TABLE,mwjj_objectcache,NULL,NULL,goodblox_mw19968,2687901534128
0,0,TABLE,mwjj_page,NULL,NULL,goodblox_mw19968,2687901542448
0,0,TABLE,mwjj_revision,NULL,NULL,goodblox_mw19968,2687901545568
0,0,TABLE,mwjj_text,NULL,NULL,goodblox_mw19968,2687901549728
0,0,TABLE,mwjj_l10n_cache,NULL,NULL,goodblox_mw19968,2687901518528
0,0,TABLE,mwjj_updatelog,NULL,NULL,goodblox_mw19968,2687901520608
0,0,TABLE,mwjj_updatelog,NULL,NULL,goodblox_mw19968,2687901558048
0,0,TABLE,mwjj_module_deps,NULL,NULL,goodblox_mw19968,2687901573648
0,0,TABLE,mwjj_page,NULL,NULL,goodblox_mw19968,2687901576768
0,0,TABLE,mwjj_l10n_cache,NULL,NULL,goodblox_mw19968,2687901564288
0,0,TABLE,mwjj_revision,NULL,NULL,goodblox_mw19968,2687901578848
0,0,TABLE,mwjj_text,NULL,NULL,goodblox_mw19968,2687901567408
0,0,TABLE,mwjj_user,NULL,NULL,goodblox_mw19968,2687901559088
0,0,TABLE,mwjj_updatelog,NULL,NULL,goodblox_mw19968,2687901562208
0,0,TABLE,mwjj_objectcache,NULL,NULL,goodblox_mw19968,2687901593408
0,0,TABLE,mwjj_l10n_cache,NULL,NULL,goodblox_mw19968,2687901604848
0,0,TABLE,mwjj_page,NULL,NULL,goodblox_mw19968,2687901591328
0,0,TABLE,mwjj_updatelog,NULL,NULL,goodblox_mw19968,2687901596528
0,0,TABLE,mwjj_job,NULL,NULL,goodblox_mw19968,2687901612128
0,0,TABLE,mwjj_page_restrictions,NULL,NULL,goodblox_mw19968,2687901606928
0,0,TABLE,mwjj_user,NULL,NULL,goodblox_mw19968,2687901613168
0,0,TABLE,mwjj_user_newtalk,NULL,NULL,goodblox_mw19968,2687901614208
0,0,TABLE,mwjj_job,NULL,NULL,goodblox_mw19968,2687901595488
0,0,TABLE,mwjj_objectcache,NULL,NULL,goodblox_mw19968,2687901616288
0,0,TABLE,mwjj_page,NULL,NULL,goodblox_mw19968,2687901586128
0,0,TABLE,mwjj_job,NULL,NULL,goodblox_mw19968,2687901630848
0,0,TABLE,mwjj_page,NULL,NULL,goodblox_mw19968,2687901625648
0,0,TABLE,mwjj_l10n_cache,NULL,NULL,goodblox_mw19968,2687901644368
0,0,TABLE,mwjj_page_restrictions,NULL,NULL,goodblox_mw19968,2687901635008
0,0,TABLE,mwjj_revision,NULL,NULL,goodblox_mw19968,2687901638128
0,0,TABLE,mwjj_user,NULL,NULL,goodblox_mw19968,2687901636048
0,0,TABLE,mwjj_text,NULL,NULL,goodblox_mw19968,2687901640208
0,0,TABLE,mwjj_user_newtalk,NULL,NULL,goodblox_mw19968,2687901642288
0,0,TABLE,mwjj_updatelog,NULL,NULL,goodblox_mw19968,2687901669328
0,0,TABLE,mwjj_page,NULL,NULL,goodblox_mw19968,2687901678688
0,0,TABLE,mwjj_l10n_cache,NULL,NULL,goodblox_mw19968,2687901673488
0,0,TABLE,mwjj_protected_titles,NULL,NULL,goodblox_mw19968,2687901664128
0,0,TABLE,mwjj_templatelinks,NULL,NULL,goodblox_mw19968,2687901670368
0,0,TABLE,mwjj_page_restrictions,NULL,NULL,goodblox_mw19968,2687901677648
0,0,TABLE,mwjj_ipblocks,NULL,NULL,goodblox_mw19968,2687901681808
0,0,TABLE,mwjj_revision,NULL,NULL,goodblox_mw19968,2687901672448
0,0,TABLE,mwjj_text,NULL,NULL,goodblox_mw19968,2687901650608
0,0,TABLE,mwjj_logging,NULL,NULL,goodblox_mw19968,2687901652688
0,0,TABLE,mwjj_change_tag,NULL,NULL,goodblox_mw19968,2687901696368
0,0,TABLE,mwjj_user,NULL,NULL,goodblox_mw19968,2687901690128
0,0,TABLE,mwjj_archive,NULL,NULL,goodblox_mw19968,2687901688048
0,0,TABLE,mwjj_user_newtalk,NULL,NULL,goodblox_mw19968,2687901692208
0,0,TABLE,mwjj_updatelog,NULL,NULL,goodblox_mw19968,2687901695328
0,0,TABLE,mwjj_module_deps,NULL,NULL,goodblox_mw19968,2687901699488
0,0,TABLE,mwjj_l10n_cache,NULL,NULL,goodblox_mw19968,2687901702608
0,0,TABLE,mwjj_updatelog,NULL,NULL,goodblox_mw19968,2687901458208
0,0,TABLE,wp8i_termmeta,NULL,NULL,goodblox_wp684,2687901448848
0,0,TABLE,wp8i_termmeta,NULL,NULL,goodblox_wp684,2687901476928
0,0,TABLE,ip_login_attempts,NULL,NULL,goodblox_servers,2687908171680
0,0,TABLE,hashes,NULL,NULL,goodblox_main,2687901471728
0,0,TABLE,log_ins,NULL,NULL,goodblox_main,2687901456128
0,0,TABLE,body_colors,NULL,NULL,goodblox_main,2687901466528
0,0,TABLE,wp8i_options,NULL,NULL,goodblox_wp684,2687901472768
0,0,TABLE,todo,NULL,NULL,goodblox_main,2687901479008
0,0,TABLE,awards,NULL,NULL,goodblox_main,2687901450928
0,0,TABLE,beta_keys,NULL,NULL,goodblox_main,2687901453008
0,0,TABLE,wp8i_comments,NULL,NULL,goodblox_wp684,2687901486288
0,0,TABLE,log_ins,NULL,NULL,goodblox_main,2687901485248
0,0,TABLE,logs,NULL,NULL,goodblox_servers,2687908170640
0,0,TABLE,assets,NULL,NULL,goodblox_main,2687901494608
0,0,TABLE,sessions,NULL,NULL,goodblox_servers,2687908176880
0,0,TABLE,wp8i_termmeta,NULL,NULL,goodblox_wp684,2687901509168
0,0,TABLE,wp8i_posts,NULL,NULL,goodblox_wp684,2687901505008
0,0,TABLE,wp8i_terms,NULL,NULL,goodblox_wp684,2687901510208
0,0,TABLE,wp8i_term_taxonomy,NULL,NULL,goodblox_wp684,2687832927344
0,0,TABLE,wp8i_term_relationships,NULL,NULL,goodblox_wp684,2687884775136
0,0,TABLE,wp8i_postmeta,NULL,NULL,goodblox_wp684,2687884778256
0,0,TABLE,wp8i_users,NULL,NULL,goodblox_wp684,2687884788656
0,0,TABLE,wp8i_usermeta,NULL,NULL,goodblox_wp684,2687884803216
0,0,TABLE,wp8i_termmeta,NULL,NULL,goodblox_wp684,2687884795936
0,0,TABLE,wp8i_comments,NULL,NULL,goodblox_wp684,2687884796976
0,0,TABLE,wp8i_comments,NULL,NULL,goodblox_wp684,2687884789696
0,0,TABLE,awards,NULL,NULL,goodblox_main,2687884804256
0,0,TABLE,game_join_requests,NULL,NULL,goodblox_servers,2687967083760
0,0,TABLE,signals,NULL,NULL,goodblox_servers,2687922436336
0,0,TABLE,signals,NULL,NULL,goodblox_servers,2687922465456
0,0,TABLE,awards,NULL,NULL,goodblox_main,2687884815696
0,0,TABLE,log_ins,NULL,NULL,goodblox_main,2687884808416
0,0,TABLE,awards,NULL,NULL,goodblox_main,2687884811536
0,0,TABLE,body_colors,NULL,NULL,goodblox_main,2687884816736
0,0,TABLE,queue,NULL,NULL,goodblox_main,2687884786576
0,0,TABLE,body_colors,NULL,NULL,goodblox_main,2687884787616
0,0,TABLE,beta_keys,NULL,NULL,goodblox_main,2687884827136
0,0,TABLE,log_ins,NULL,NULL,goodblox_main,2687884821936
0,0,TABLE,log_ins,NULL,NULL,goodblox_main,2687884825056
0,0,TABLE,body_colors,NULL,NULL,goodblox_main,2687884829216
0,0,TABLE,queue,NULL,NULL,goodblox_main,2687884832336
0,0,TABLE,body_colors,NULL,NULL,goodblox_main,2687884834416
0,0,TABLE,assets,NULL,NULL,goodblox_main,2687884846896
0,0,TABLE,bans,NULL,NULL,goodblox_main,2687884861456
0,0,TABLE,hashes,NULL,NULL,goodblox_main,2687884847936
0,0,TABLE,log_ins,NULL,NULL,goodblox_main,2687884844816
0,0,TABLE,logs,NULL,NULL,goodblox_main,2687884840656
0,0,TABLE,mod_logs,NULL,NULL,goodblox_main,2687884860416
0,0,TABLE,models,NULL,NULL,goodblox_main,2687884862496
0,0,TABLE,queue,NULL,NULL,goodblox_main,2687884868736
0,0,TABLE,reports,NULL,NULL,goodblox_main,2687884870816
0,0,TABLE,todo,NULL,NULL,goodblox_main,2687884839616
0,0,TABLE,assets,NULL,NULL,goodblox_main,2687884848976
0,0,TABLE,open_servers,NULL,NULL,goodblox_servers,2687967134720
0,0,TABLE,signals,NULL,NULL,goodblox_servers,2687964365568
0,0,TABLE,beta_keys,NULL,NULL,goodblox_main,2687884879136
0,0,TABLE,assets,NULL,NULL,goodblox_main,2687884885376
0,0,TABLE,body_colors,NULL,NULL,goodblox_main,2687884890576
0,0,TABLE,body_colors,NULL,NULL,goodblox_main,2687884665936
0,0,TABLE,body_colors,NULL,NULL,goodblox_main,2687884656576
0,0,TABLE,body_colors,NULL,NULL,goodblox_main,2687884672176
0,0,TABLE,queue,NULL,NULL,goodblox_main,2687884654496
0,0,TABLE,body_colors,NULL,NULL,goodblox_main,2687884640976
0,0,TABLE,queue,NULL,NULL,goodblox_main,2687884653456
0,0,TABLE,body_colors,NULL,NULL,goodblox_main,2687884642016
0,0,TABLE,wp8i_commentmeta,NULL,NULL,goodblox_wp684,2687884661776
0,0,TABLE,wp8i_options,NULL,NULL,goodblox_wp684,2687884663856
0,0,TABLE,wp8i_comments,NULL,NULL,goodblox_wp684,2687884664896
0,0,TABLE,reports,NULL,NULL,goodblox_main,2687884652416
0,0,TABLE,reports,NULL,NULL,goodblox_main,2687884676336
0,0,TABLE,reports,NULL,NULL,goodblox_main,2687884678416
0,0,TABLE,reports,NULL,NULL,goodblox_main,2687884648256
0,0,TABLE,assets,NULL,NULL,goodblox_main,2687884699216
0,0,TABLE,beta_keys,NULL,NULL,goodblox_main,2687884701296
0,0,TABLE,beta_keys,NULL,NULL,goodblox_main,2687884728336
0,0,TABLE,log_ins,NULL,NULL,goodblox_main,2687884731456
0,0,TABLE,body_colors,NULL,NULL,goodblox_main,2687884734576
0,0,TABLE,body_colors,NULL,NULL,goodblox_main,2687884711696
0,0,TABLE,queue,NULL,NULL,goodblox_main,2687884735616
0,0,TABLE,body_colors,NULL,NULL,goodblox_main,2687884722096
0,0,TABLE,queue,NULL,NULL,goodblox_main,2687884721056
0,0,TABLE,wp8i_comments,NULL,NULL,goodblox_wp684,2687884724176
0,0,TABLE,wp8i_comments,NULL,NULL,goodblox_wp684,2687884718976
0,0,TABLE,todo,NULL,NULL,goodblox_main,2687884725216
0,0,TABLE,todo,NULL,NULL,goodblox_main,2687884708576
0,0,TABLE,todo,NULL,NULL,goodblox_main,2687884720016
0,0,TABLE,log_ins,NULL,NULL,goodblox_main,2687884750176
0,0,TABLE,wp8i_commentmeta,NULL,NULL,goodblox_wp684,2687884743936
0,0,TABLE,wp8i_options,NULL,NULL,goodblox_wp684,2687884753296
0,0,TABLE,todo,NULL,NULL,goodblox_main,2687884752256
0,0,TABLE,todo,NULL,NULL,goodblox_main,2687884749136
0,0,TABLE,todo,NULL,NULL,goodblox_main,2687884754336
0,0,TABLE,awards,NULL,NULL,goodblox_main,2687884767856
0,0,TABLE,wp8i_comments,NULL,NULL,goodblox_wp684,2687884756416
0,0,TABLE,assets,NULL,NULL,goodblox_main,2687884760576
0,0,TABLE,queue,NULL,NULL,goodblox_main,2687884770976
0,0,TABLE,body_colors,NULL,NULL,goodblox_main,2687884692976
0,0,TABLE,queue,NULL,NULL,goodblox_main,2687833142880
0,0,TABLE,queue,NULL,NULL,goodblox_main,2687833132480
0,0,TABLE,awards,NULL,NULL,goodblox_main,2687833146000
0,0,TABLE,reports,NULL,NULL,goodblox_main,2687832938784
0,0,TABLE,wp8i_commentmeta,NULL,NULL,goodblox_wp684,2687832948144
0,0,TABLE,wp8i_options,NULL,NULL,goodblox_wp684,2687882680288
0,0,TABLE,beta_keys,NULL,NULL,goodblox_main,2687882708368
0,0,TABLE,mwjj_revision,NULL,NULL,goodblox_mw19968,2687882700048
0,0,TABLE,mwjj_text,NULL,NULL,goodblox_mw19968,2687882710448
0,0,TABLE,mwjj_page_restrictions,NULL,NULL,goodblox_mw19968,2687882704208
0,0,TABLE,mwjj_user,NULL,NULL,goodblox_mw19968,2687882688608
0,0,TABLE,queue,NULL,NULL,goodblox_main,2687882711488
0,0,TABLE,queue,NULL,NULL,goodblox_main,2687882712528
0,0,TABLE,visits,NULL,NULL,goodblox_main,2687882726048
0,0,TABLE,bans,NULL,NULL,goodblox_main,2687882743728
0,0,TABLE,hashes,NULL,NULL,goodblox_main,2687882739568
0,0,TABLE,log_ins,NULL,NULL,goodblox_main,2687882730208
0,0,TABLE,logs,NULL,NULL,goodblox_main,2687882715648
0,0,TABLE,mod_logs,NULL,NULL,goodblox_main,2687882719808
0,0,TABLE,models,NULL,NULL,goodblox_main,2687882722928
0,0,TABLE,todo,NULL,NULL,goodblox_main,2687882765568
0,0,TABLE,visits,NULL,NULL,goodblox_main,2687882754128
0,0,TABLE,visits,NULL,NULL,goodblox_main,2687882732288
0,0,TABLE,visits,NULL,NULL,goodblox_main,2687882728128
0,0,TABLE,visits,NULL,NULL,goodblox_main,2687882758288
0,0,TABLE,signals,NULL,NULL,goodblox_servers,2687922442576
0,0,TABLE,visits,NULL,NULL,goodblox_main,2687882762448
0,0,TABLE,visits,NULL,NULL,goodblox_main,2687882769728
0,0,TABLE,visits,NULL,NULL,goodblox_main,2687882772848
0,0,TABLE,wp8i_commentmeta,NULL,NULL,goodblox_wp684,2687882773888
0,0,TABLE,wp8i_options,NULL,NULL,goodblox_wp684,2687882746848
0,0,TABLE,visits,NULL,NULL,goodblox_main,2687882782208
0,0,TABLE,visits,NULL,NULL,goodblox_main,2687882775968
0,0,TABLE,visits,NULL,NULL,goodblox_main,2687882759328
0,0,TABLE,mwjj_page,NULL,NULL,goodblox_mw19968,2687882778048
0,0,TABLE,mwjj_l10n_cache,NULL,NULL,goodblox_mw19968,2687882763488
0,0,TABLE,mwjj_page_restrictions,NULL,NULL,goodblox_mw19968,2687882767648
0,0,TABLE,mwjj_revision,NULL,NULL,goodblox_mw19968,2687882795728
0,0,TABLE,mwjj_user,NULL,NULL,goodblox_mw19968,2687882806128
0,0,TABLE,mwjj_text,NULL,NULL,goodblox_mw19968,2687882798848
0,0,TABLE,mwjj_user_newtalk,NULL,NULL,goodblox_mw19968,2687882801968
0,0,TABLE,mwjj_updatelog,NULL,NULL,goodblox_mw19968,2687882804048
0,0,TABLE,mwjj_job,NULL,NULL,goodblox_mw19968,2687882805088
0,0,TABLE,body_colors,NULL,NULL,goodblox_main,2687882789488
0,0,TABLE,queue,NULL,NULL,goodblox_main,2687882790528
0,0,TABLE,game_join_requests,NULL,NULL,goodblox_servers,2687922440496
0,0,TABLE,visits,NULL,NULL,goodblox_main,2687882811328
0,0,TABLE,visits,NULL,NULL,goodblox_main,2687882836288
0,0,TABLE,visits,NULL,NULL,goodblox_main,2687882839408
0,0,TABLE,visits,NULL,NULL,goodblox_main,2687882840448
0,0,TABLE,owned_assets,NULL,NULL,goodblox_main,2687882841488
0,0,TABLE,catalog,NULL,NULL,goodblox_main,2687882833168
0,0,TABLE,catalog,NULL,NULL,goodblox_main,2687882843568
0,0,TABLE,hashes,NULL,NULL,goodblox_main,2687882815488
0,0,TABLE,hashes,NULL,NULL,goodblox_main,2687882812368
0,0,TABLE,wp8i_commentmeta,NULL,NULL,goodblox_wp684,2687882844608
0,0,TABLE,wp8i_options,NULL,NULL,goodblox_wp684,2687882834208
0,0,TABLE,mwjj_objectcache,NULL,NULL,goodblox_mw19968,2687882814448
0,0,TABLE,mwjj_page,NULL,NULL,goodblox_mw19968,2687882848768
0,0,TABLE,mwjj_revision,NULL,NULL,goodblox_mw19968,2687882852928
0,0,TABLE,mwjj_text,NULL,NULL,goodblox_mw19968,2687882856048
0,0,TABLE,mwjj_l10n_cache,NULL,NULL,goodblox_mw19968,2687882857088
0,0,TABLE,mwjj_updatelog,NULL,NULL,goodblox_mw19968,2687882859168
0,0,TABLE,mwjj_objectcache,NULL,NULL,goodblox_mw19968,2687882863328
0,0,TABLE,mwjj_page,NULL,NULL,goodblox_mw19968,2687882865408
0,0,TABLE,mwjj_l10n_cache,NULL,NULL,goodblox_mw19968,2687882868528
0,0,TABLE,mwjj_page_restrictions,NULL,NULL,goodblox_mw19968,2687882872688
0,0,TABLE,mwjj_revision,NULL,NULL,goodblox_mw19968,2687882622048
0,0,TABLE,mwjj_user,NULL,NULL,goodblox_mw19968,2687882634528
0,0,TABLE,mwjj_text,NULL,NULL,goodblox_mw19968,2687882640768
0,0,TABLE,mwjj_user_newtalk,NULL,NULL,goodblox_mw19968,2687882616848
0,0,TABLE,mwjj_updatelog,NULL,NULL,goodblox_mw19968,2687882625168
0,0,TABLE,mwjj_job,NULL,NULL,goodblox_mw19968,2687882617888
0,0,TABLE,mwjj_protected_titles,NULL,NULL,goodblox_mw19968,2687882642848
0,0,TABLE,mwjj_ipblocks,NULL,NULL,goodblox_mw19968,2687882612688
0,0,TABLE,mwjj_user_newtalk,NULL,NULL,goodblox_mw19968,2687882630368
0,0,TABLE,mwjj_job,NULL,NULL,goodblox_mw19968,2687882632448
0,0,TABLE,mwjj_objectcache,NULL,NULL,goodblox_mw19968,2687882650128
0,0,TABLE,mwjj_page_restrictions,NULL,NULL,goodblox_mw19968,2687882619968
0,0,TABLE,mwjj_job,NULL,NULL,goodblox_mw19968,2687882654288
0,0,TABLE,mwjj_objectcache,NULL,NULL,goodblox_mw19968,2687882669888
0,0,TABLE,mwjj_page_restrictions,NULL,NULL,goodblox_mw19968,2687882655328
0,0,TABLE,mwjj_revision,NULL,NULL,goodblox_mw19968,2687882657408
0,0,TABLE,mwjj_user,NULL,NULL,goodblox_mw19968,2687882658448
0,0,TABLE,mwjj_text,NULL,NULL,goodblox_mw19968,2687882664688
0,0,TABLE,mwjj_user_newtalk,NULL,NULL,goodblox_mw19968,2687882674048
0,0,TABLE,mwjj_job,NULL,NULL,goodblox_mw19968,2687833150160
0,0,TABLE,todo,NULL,NULL,goodblox_main,2687833131440
0,0,TABLE,wp8i_commentmeta,NULL,NULL,goodblox_wp684,2687905942880
0,0,TABLE,wp8i_options,NULL,NULL,goodblox_wp684,2687905960560
0,0,TABLE,mwjj_user_newtalk,NULL,NULL,goodblox_mw19968,2687905946000
0,0,TABLE,mwjj_module_deps,NULL,NULL,goodblox_mw19968,2687905947040
0,0,TABLE,mwjj_module_deps,NULL,NULL,goodblox_mw19968,2687905948080
0,0,TABLE,mwjj_page,NULL,NULL,goodblox_mw19968,2687905952240
0,0,TABLE,mwjj_revision,NULL,NULL,goodblox_mw19968,2687905955360
0,0,TABLE,mwjj_text,NULL,NULL,goodblox_mw19968,2687905956400
0,0,TABLE,mwjj_l10n_cache,NULL,NULL,goodblox_mw19968,2687905959520
0,0,TABLE,mwjj_updatelog,NULL,NULL,goodblox_mw19968,2687905965760
0,0,TABLE,mwjj_objectcache,NULL,NULL,goodblox_mw19968,2687905934560
0,0,TABLE,mwjj_page,NULL,NULL,goodblox_mw19968,2687905968880
0,0,TABLE,mwjj_l10n_cache,NULL,NULL,goodblox_mw19968,2687905973040
0,0,TABLE,mwjj_page_restrictions,NULL,NULL,goodblox_mw19968,2687905974080
0,0,TABLE,mwjj_revision,NULL,NULL,goodblox_mw19968,2687905991760
0,0,TABLE,mwjj_user,NULL,NULL,goodblox_mw19968,2687905995920
0,0,TABLE,mwjj_text,NULL,NULL,goodblox_mw19968,2687905976160
0,0,TABLE,mwjj_user_newtalk,NULL,NULL,goodblox_mw19968,2687905977200
0,0,TABLE,mwjj_updatelog,NULL,NULL,goodblox_mw19968,2687905980320
0,0,TABLE,mwjj_job,NULL,NULL,goodblox_mw19968,2687905987600
0,0,TABLE,queue,NULL,NULL,goodblox_main,2687906000080
0,0,TABLE,mwjj_protected_titles,NULL,NULL,goodblox_mw19968,2687906007360
0,0,TABLE,wp8i_commentmeta,NULL,NULL,goodblox_wp684,2687906018800
0,0,TABLE,wp8i_options,NULL,NULL,goodblox_wp684,2687906008400
0,0,TABLE,mwjj_recentchanges,NULL,NULL,goodblox_mw19968,2687906015680
0,0,TABLE,mwjj_change_tag,NULL,NULL,goodblox_mw19968,2687906014640
0,0,TABLE,mwjj_protected_titles,NULL,NULL,goodblox_mw19968,2687906010480
0,0,TABLE,mwjj_objectcache,NULL,NULL,goodblox_mw19968,2687906016720
0,0,TABLE,mwjj_page_restrictions,NULL,NULL,goodblox_mw19968,2687906017760
0,0,TABLE,mwjj_user,NULL,NULL,goodblox_mw19968,2687906026080
0,0,TABLE,mwjj_valid_tag,NULL,NULL,goodblox_mw19968,2687906028160
0,0,TABLE,mwjj_change_tag,NULL,NULL,goodblox_mw19968,2687906032320
0,0,TABLE,mwjj_user_newtalk,NULL,NULL,goodblox_mw19968,2687906043760
0,0,TABLE,mwjj_job,NULL,NULL,goodblox_mw19968,2687906057280
0,0,TABLE,mwjj_templatelinks,NULL,NULL,goodblox_mw19968,2687906053120
0,0,TABLE,mwjj_ipblocks,NULL,NULL,goodblox_mw19968,2687906047920
0,0,TABLE,mwjj_categorylinks,NULL,NULL,goodblox_mw19968,2687906059360
0,0,TABLE,mwjj_page_props,NULL,NULL,goodblox_mw19968,2687906060400
0,0,TABLE,mwjj_watchlist,NULL,NULL,goodblox_mw19968,2687906048960
0,0,TABLE,mwjj_templatelinks,NULL,NULL,goodblox_mw19968,2687906089520
0,0,TABLE,mwjj_page_props,NULL,NULL,goodblox_mw19968,2687906095760
0,0,TABLE,mwjj_redirect,NULL,NULL,goodblox_mw19968,2687906092640
0,0,TABLE,mwjj_pagelinks,NULL,NULL,goodblox_mw19968,2687906070800
0,0,TABLE,mwjj_categorylinks,NULL,NULL,goodblox_mw19968,2687906096800
0,0,TABLE,mwjj_ipblocks,NULL,NULL,goodblox_mw19968,2687906064560
0,0,TABLE,mwjj_logging,NULL,NULL,goodblox_mw19968,2687906104080
0,0,TABLE,mwjj_change_tag,NULL,NULL,goodblox_mw19968,2687906102000
0,0,TABLE,mwjj_archive,NULL,NULL,goodblox_mw19968,2687906083280
0,0,TABLE,mwjj_pagelinks,NULL,NULL,goodblox_mw19968,2687906106160
0,0,TABLE,mwjj_redirect,NULL,NULL,goodblox_mw19968,2687906076000
0,0,TABLE,mwjj_page,NULL,NULL,goodblox_mw19968,2687906114480
0,0,TABLE,mwjj_templatelinks,NULL,NULL,goodblox_mw19968,2687906110320
0,0,TABLE,mwjj_objectcache,NULL,NULL,goodblox_mw19968,2687906116560
0,0,TABLE,mwjj_page,NULL,NULL,goodblox_mw19968,2687906118640
0,0,TABLE,mwjj_revision,NULL,NULL,goodblox_mw19968,2687906125920
0,0,TABLE,mwjj_text,NULL,NULL,goodblox_mw19968,2687906150880
0,0,TABLE,mwjj_ipblocks,NULL,NULL,goodblox_mw19968,2687906141520
0,0,TABLE,mwjj_valid_tag,NULL,NULL,goodblox_mw19968,2687906149840
0,0,TABLE,mwjj_user,NULL,NULL,goodblox_mw19968,2687906148800
0,0,TABLE,mwjj_change_tag,NULL,NULL,goodblox_mw19968,2687906145680
0,0,TABLE,mwjj_user_newtalk,NULL,NULL,goodblox_mw19968,2687906156080
0,0,TABLE,mwjj_job,NULL,NULL,goodblox_mw19968,2687906143600
0,0,TABLE,mwjj_protected_titles,NULL,NULL,goodblox_mw19968,2687906137360
0,0,TABLE,mwjj_user_newtalk,NULL,NULL,goodblox_mw19968,2687906162320
0,0,TABLE,mwjj_job,NULL,NULL,goodblox_mw19968,2687906165440
0,0,TABLE,mwjj_recentchanges,NULL,NULL,goodblox_mw19968,2687906134240
0,0,TABLE,mwjj_valid_tag,NULL,NULL,goodblox_mw19968,2687906167520
0,0,TABLE,wp8i_commentmeta,NULL,NULL,goodblox_wp684,2687906169600
0,0,TABLE,wp8i_options,NULL,NULL,goodblox_wp684,2687906183120
0,0,TABLE,todo,NULL,NULL,goodblox_main,2687906192480
0,0,TABLE,mwjj_templatelinks,NULL,NULL,goodblox_mw19968,2687906181040
0,0,TABLE,mwjj_ipblocks,NULL,NULL,goodblox_mw19968,2687906173760
0,0,TABLE,mwjj_site_stats,NULL,NULL,goodblox_mw19968,2687906190400
0,0,TABLE,wp8i_comments,NULL,NULL,goodblox_wp684,2687906178960
0,0,TABLE,wp8i_comments,NULL,NULL,goodblox_wp684,2687906194560
0,0,TABLE,mwjj_module_deps,NULL,NULL,goodblox_mw19968,2687833253824
0,0,TABLE,mwjj_module_deps,NULL,NULL,goodblox_mw19968,2687833244464
0,0,TABLE,mwjj_user,NULL,NULL,goodblox_mw19968,2687833254864
0,0,TABLE,queue,NULL,NULL,goodblox_main,2687833250704
0,0,TABLE,wp8i_commentmeta,NULL,NULL,goodblox_wp684,2687833241344
0,0,TABLE,wp8i_options,NULL,NULL,goodblox_wp684,2687833236144
0,0,TABLE,game_join_requests,NULL,NULL,goodblox_servers,2687964378048
0,0,TABLE,visits,NULL,NULL,goodblox_main,2687833304096
0,0,TABLE,game_servers,NULL,NULL,goodblox_servers,2687919196464
0,0,TABLE,ip_login_attempts,NULL,NULL,goodblox_servers,2687907158240
0,0,TABLE,logs,NULL,NULL,goodblox_servers,2687907187360
0,0,TABLE,sessions,NULL,NULL,goodblox_servers,2687907184240
0,0,TABLE,signals,NULL,NULL,goodblox_servers,2687964375968
0,0,TABLE,signals,NULL,NULL,goodblox_servers,2687964374928
0,0,TABLE,ip_login_attempts,NULL,NULL,goodblox_servers,2687908253840
0,0,TABLE,logs,NULL,NULL,goodblox_servers,2687908243440
0,0,TABLE,game_servers,NULL,NULL,goodblox_servers,2687919215184
0,0,TABLE,ip_login_attempts,NULL,NULL,goodblox_servers,2687907201920
0,0,TABLE,logs,NULL,NULL,goodblox_servers,2687907205040
0,0,TABLE,sessions,NULL,NULL,goodblox_servers,2687907173840
0,0,TABLE,mwjj_recentchanges,NULL,NULL,goodblox_mw19968,2687908300640
0,0,TABLE,mwjj_change_tag,NULL,NULL,goodblox_mw19968,2687908318320
0,0,TABLE,mwjj_valid_tag,NULL,NULL,goodblox_mw19968,2687907392240
0,0,TABLE,game_servers,NULL,NULL,goodblox_servers,2687919213104
0,0,TABLE,ip_login_attempts,NULL,NULL,goodblox_servers,2687907227920
0,0,TABLE,logs,NULL,NULL,goodblox_servers,2687907246640
0,0,TABLE,sessions,NULL,NULL,goodblox_servers,2687907247680
0,0,TABLE,mwjj_user_groups,NULL,NULL,goodblox_mw19968,2687907393280
0,0,TABLE,mwjj_user_properties,NULL,NULL,goodblox_mw19968,2687907394320
0,0,TABLE,signals,NULL,NULL,goodblox_servers,2687922447776
0,0,TABLE,signals,NULL,NULL,goodblox_servers,2687922468576
0,0,TABLE,game_servers,NULL,NULL,goodblox_servers,2687919201664
0,0,TABLE,ip_login_attempts,NULL,NULL,goodblox_servers,2687907232080
0,0,TABLE,logs,NULL,NULL,goodblox_servers,2687907234160
0,0,TABLE,sessions,NULL,NULL,goodblox_servers,2687907225840
0,0,TABLE,signals,NULL,NULL,goodblox_servers,2687922473776
0,0,TABLE,signals,NULL,NULL,goodblox_servers,2687922443616
0,0,TABLE,game_servers,NULL,NULL,goodblox_servers,2687922355216
0,0,TABLE,ip_login_attempts,NULL,NULL,goodblox_servers,2687907277840
0,0,TABLE,logs,NULL,NULL,goodblox_servers,2687907279920
0,0,TABLE,sessions,NULL,NULL,goodblox_servers,2687907273680
0,0,TABLE,client_information,NULL,NULL,goodblox_main,2687922311536
0,0,TABLE,open_servers,NULL,NULL,goodblox_servers,2687964360368
0,0,TABLE,open_servers,NULL,NULL,goodblox_servers,2687964356208
0,0,TABLE,sessions,NULL,NULL,goodblox_servers,2687908244480
0,0,TABLE,game_servers,NULL,NULL,goodblox_servers,2687919225584
0,0,TABLE,ip_login_attempts,NULL,NULL,goodblox_servers,2687907230000
0,0,TABLE,logs,NULL,NULL,goodblox_servers,2687907231040
0,0,TABLE,ip_login_attempts,NULL,NULL,goodblox_servers,2687907269520
0,0,TABLE,sessions,NULL,NULL,goodblox_servers,2687907271600
0,0,TABLE,game_servers,NULL,NULL,goodblox_servers,2687922356256
0,0,TABLE,games_starting_reroute,NULL,NULL,goodblox_servers,2687964363488
0,0,TABLE,games_starting_reroute,NULL,NULL,goodblox_servers,2687965778016
0,0,TABLE,logs,NULL,NULL,goodblox_servers,2687907238320
0,0,TABLE,game_join_requests,NULL,NULL,goodblox_servers,2687967113920
0,0,TABLE,game_servers,NULL,NULL,goodblox_servers,2687922347936
0,0,TABLE,ip_login_attempts,NULL,NULL,goodblox_servers,2687907302800
0,0,TABLE,logs,NULL,NULL,goodblox_servers,2687907323600
0,0,TABLE,sessions,NULL,NULL,goodblox_servers,2687907314240
0,0,TABLE,todo,NULL,NULL,goodblox_main,2687908159200
0,0,TABLE,wp8i_commentmeta,NULL,NULL,goodblox_wp684,2687908188320
0,0,TABLE,sessions,NULL,NULL,goodblox_servers,2687908274640
0,0,TABLE,wp8i_options,NULL,NULL,goodblox_wp684,2687908168560
0,0,TABLE,sessions,NULL,NULL,goodblox_servers,2687908268400
0,0,TABLE,hashes,NULL,NULL,goodblox_main,2687907318400
0,0,TABLE,hashes,NULL,NULL,goodblox_main,2687907296560
0,0,TABLE,hashes,NULL,NULL,goodblox_main,2687907331920
0,0,TABLE,hashes,NULL,NULL,goodblox_main,2687907344400
0,0,TABLE,hashes,NULL,NULL,goodblox_main,2687907330880
0,0,TABLE,hashes,NULL,NULL,goodblox_main,2687907339200
0,0,TABLE,hashes,NULL,NULL,goodblox_main,2687907353760
0,0,TABLE,hashes,NULL,NULL,goodblox_main,2687907346480
0,0,TABLE,hashes,NULL,NULL,goodblox_main,2687907334000
0,0,TABLE,hashes,NULL,NULL,goodblox_main,2687907351680
0,0,TABLE,game_servers,NULL,NULL,goodblox_servers,2687922350016
0,0,TABLE,signals,NULL,NULL,goodblox_servers,2687967090000
0,0,TABLE,ip_login_attempts,NULL,NULL,goodblox_servers,2687907366240
0,0,TABLE,logs,NULL,NULL,goodblox_servers,2687907375600
0,0,TABLE,game_join_requests,NULL,NULL,goodblox_servers,2687967107680
0,0,TABLE,sessions,NULL,NULL,goodblox_servers,2687907379760
0,0,TABLE,sessions,NULL,NULL,goodblox_servers,2687908281920
0,0,TABLE,signals,NULL,NULL,goodblox_servers,2687967125360
0,0,TABLE,assets,NULL,NULL,goodblox_main,2687919664336
0,0,TABLE,bans,NULL,NULL,goodblox_main,2687919690336
0,0,TABLE,logs,NULL,NULL,goodblox_main,2687919697616
0,0,TABLE,site_connecting_logs,NULL,NULL,goodblox_main,2687907300720
0,0,TABLE,assets,NULL,NULL,goodblox_main,2687907190480
0,0,TABLE,bans,NULL,NULL,goodblox_main,2687907192560
0,0,TABLE,bans,NULL,NULL,goodblox_main,2687907519248
0,0,TABLE,bans,NULL,NULL,goodblox_main,2687907499488
0,0,TABLE,bans,NULL,NULL,goodblox_main,2687907523408
0,0,TABLE,bans,NULL,NULL,goodblox_main,2687907527568
0,0,TABLE,bans,NULL,NULL,goodblox_main,2687907502608
0,0,TABLE,bans,NULL,NULL,goodblox_main,2687907539008
0,0,TABLE,logs,NULL,NULL,goodblox_main,2687907179040
0,0,TABLE,assets,NULL,NULL,goodblox_main,2687907531728
0,0,TABLE,bans,NULL,NULL,goodblox_main,2687907533808
0,0,TABLE,logs,NULL,NULL,goodblox_main,2687907544208
0,0,TABLE,mod_logs,NULL,NULL,goodblox_main,2687907550448
0,0,TABLE,models,NULL,NULL,goodblox_main,2687907556688
0,0,TABLE,reports,NULL,NULL,goodblox_main,2687907554608
0,0,TABLE,mod_logs,NULL,NULL,goodblox_main,2687907193600
0,0,TABLE,models,NULL,NULL,goodblox_main,2687907212320
0,0,TABLE,sessions,NULL,NULL,goodblox_servers,2687908276720
0,0,TABLE,mwjj_page_restrictions,NULL,NULL,goodblox_mw19968,2687910977488
0,0,TABLE,wp8i_commentmeta,NULL,NULL,goodblox_wp684,2687910978528
0,0,TABLE,wp8i_options,NULL,NULL,goodblox_wp684,2687911005568
0,0,TABLE,queue,NULL,NULL,goodblox_main,2687911000368
0,0,TABLE,site_connecting_logs,NULL,NULL,goodblox_main,2687907236240
0,0,TABLE,todo,NULL,NULL,goodblox_main,2687907208160
0,0,TABLE,site_connecting_logs,NULL,NULL,goodblox_main,2687907572288
0,0,TABLE,games,NULL,NULL,goodblox_main,2687907581648
0,0,TABLE,games,NULL,NULL,goodblox_main,2687907570208
0,0,TABLE,games,NULL,NULL,goodblox_main,2687907579568
0,0,TABLE,games,NULL,NULL,goodblox_main,2687907591008
0,0,TABLE,games,NULL,NULL,goodblox_main,2687907580608
0,0,TABLE,games,NULL,NULL,goodblox_main,2687907587888
0,0,TABLE,games,NULL,NULL,goodblox_main,2687907592048
0,0,TABLE,ip_login_attempts,NULL,NULL,goodblox_servers,2687908311040
0,0,TABLE,games,NULL,NULL,goodblox_main,2687907617008
0,0,TABLE,games,NULL,NULL,goodblox_main,2687907597248
0,0,TABLE,bans,NULL,NULL,goodblox_main,2687922379136
0,0,TABLE,logs,NULL,NULL,goodblox_servers,2687908310000
0,0,TABLE,games,NULL,NULL,goodblox_main,2687907602448
0,0,TABLE,games,NULL,NULL,goodblox_main,2687907606608
0,0,TABLE,games,NULL,NULL,goodblox_main,2687907609728
0,0,TABLE,logs,NULL,NULL,goodblox_main,2687922387456
0,0,TABLE,mod_logs,NULL,NULL,goodblox_main,2687922358336
0,0,TABLE,models,NULL,NULL,goodblox_main,2687922396816
0,0,TABLE,game_servers,NULL,NULL,goodblox_servers,2687919202704
0,0,TABLE,game_servers,NULL,NULL,goodblox_servers,2687922336496
0,0,TABLE,game_servers,NULL,NULL,goodblox_servers,2687919220384
0,0,TABLE,games,NULL,NULL,goodblox_main,2687878726896
0,0,TABLE,mwjj_page_restrictions,NULL,NULL,goodblox_mw19968,2687878713376
0,0,TABLE,mwjj_user,NULL,NULL,goodblox_mw19968,2687878724816
0,0,TABLE,mwjj_objectcache,NULL,NULL,goodblox_mw19968,2687901477968
0,0,TABLE,mwjj_job,NULL,NULL,goodblox_mw19968,2687901496688
0,0,TABLE,mwjj_module_deps,NULL,NULL,goodblox_mw19968,2687901512288
0,0,TABLE,mwjj_module_deps,NULL,NULL,goodblox_mw19968,2687880917056
0,0,TABLE,mwjj_page_restrictions,NULL,NULL,goodblox_mw19968,2687882766608
0,0,TABLE,mwjj_user,NULL,NULL,goodblox_mw19968,2687882808208
0,0,TABLE,mwjj_user_newtalk,NULL,NULL,goodblox_mw19968,2687907401600
0,0,TABLE,mwjj_module_deps,NULL,NULL,goodblox_mw19968,2687907418240
0,0,TABLE,mwjj_module_deps,NULL,NULL,goodblox_mw19968,2687833307216
0,0,TABLE,mwjj_module_deps,NULL,NULL,goodblox_mw19968,2687907546288
0,0,TABLE,mwjj_templatelinks,NULL,NULL,goodblox_mw19968,2687910885968
0,0,TABLE,mwjj_ipblocks,NULL,NULL,goodblox_mw19968,2687910882848
0,0,TABLE,mwjj_categorylinks,NULL,NULL,goodblox_mw19968,2687910887008
0,0,TABLE,mwjj_page_props,NULL,NULL,goodblox_mw19968,2687910868288
0,0,TABLE,mwjj_user_newtalk,NULL,NULL,goodblox_mw19968,2687910884928
0,0,TABLE,mwjj_module_deps,NULL,NULL,goodblox_mw19968,2687910880768
0,0,TABLE,mwjj_recentchanges,NULL,NULL,goodblox_mw19968,2687910881808
0,0,TABLE,mwjj_change_tag,NULL,NULL,goodblox_mw19968,2687910892208
0,0,TABLE,mwjj_valid_tag,NULL,NULL,goodblox_mw19968,2687910895328
0,0,TABLE,mwjj_recentchanges,NULL,NULL,goodblox_mw19968,2687910875568
0,0,TABLE,mwjj_change_tag,NULL,NULL,goodblox_mw19968,2687910878688
0,0,TABLE,mwjj_valid_tag,NULL,NULL,goodblox_mw19968,2687910866208
0,0,TABLE,mwjj_ipblocks,NULL,NULL,goodblox_mw19968,2687910867248
0,0,TABLE,mwjj_categorylinks,NULL,NULL,goodblox_mw19968,2687910902608
0,0,TABLE,mwjj_page_props,NULL,NULL,goodblox_mw19968,2687910905728
0,0,TABLE,mwjj_page_restrictions,NULL,NULL,goodblox_mw19968,2687910923408
0,0,TABLE,mwjj_image,NULL,NULL,goodblox_mw19968,2687910907808
0,0,TABLE,mwjj_templatelinks,NULL,NULL,goodblox_mw19968,2687910916128
0,0,TABLE,mwjj_ipblocks,NULL,NULL,goodblox_mw19968,2687910911968
0,0,TABLE,mwjj_categorylinks,NULL,NULL,goodblox_mw19968,2687910919248
0,0,TABLE,mwjj_page_props,NULL,NULL,goodblox_mw19968,2687910951488
0,0,TABLE,game_servers,NULL,NULL,goodblox_servers,2687922329216
0,0,TABLE,game_client_tokens,NULL,NULL,goodblox_main,2687922514336
0,0,TABLE,reports,NULL,NULL,goodblox_main,2687910946288
0,0,TABLE,startgame,NULL,NULL,goodblox_servers,2687922423856
0,0,TABLE,reports,NULL,NULL,goodblox_main,2687910947328
0,0,TABLE,bans,NULL,NULL,goodblox_main,2687910961888
0,0,TABLE,games,NULL,NULL,goodblox_main,2687908324560
0,0,TABLE,game_servers,NULL,NULL,goodblox_servers,2687919209984
0,0,TABLE,ip_login_attempts,NULL,NULL,goodblox_servers,2687910971248
0,0,TABLE,logs,NULL,NULL,goodblox_servers,2687910972288
0,0,TABLE,signals,NULL,NULL,goodblox_servers,2687967126400
0,0,TABLE,sessions,NULL,NULL,goodblox_servers,2687910974368
0,0,TABLE,game_join_requests,NULL,NULL,goodblox_servers,2687967096240
0,0,TABLE,game_join_requests,NULL,NULL,goodblox_servers,2687967097280
0,0,TABLE,signals,NULL,NULL,goodblox_servers,2687967111840
0,0,TABLE,ip_login_attempts,NULL,NULL,goodblox_servers,2687908242400
0,0,TABLE,ip_login_attempts,NULL,NULL,goodblox_servers,2687911013888
0,0,TABLE,logs,NULL,NULL,goodblox_servers,2687911007648
0,0,TABLE,sessions,NULL,NULL,goodblox_servers,2687911019088
0,0,TABLE,logs,NULL,NULL,goodblox_servers,2687908259040
0,0,TABLE,game_join_requests,NULL,NULL,goodblox_servers,2687922454016
0,0,TABLE,bans,NULL,NULL,goodblox_main,2687908377600
0,0,TABLE,reports,NULL,NULL,goodblox_main,2687910932768
0,0,TABLE,reports,NULL,NULL,goodblox_main,2687911014928
0,0,TABLE,reports,NULL,NULL,goodblox_main,2687911018048
0,0,TABLE,reports,NULL,NULL,goodblox_main,2687911026368
0,0,TABLE,mwjj_categorylinks,NULL,NULL,goodblox_mw19968,2687908384880
0,0,TABLE,games,NULL,NULL,goodblox_main,2687908369280
0,0,TABLE,mwjj_page_props,NULL,NULL,goodblox_mw19968,2687908180000
0,0,TABLE,signals,NULL,NULL,goodblox_servers,2687967116000
0,0,TABLE,game_join_requests,NULL,NULL,goodblox_servers,2687967142000
0,0,TABLE,signals,NULL,NULL,goodblox_servers,2687967140960
0,0,TABLE,game_join_requests,NULL,NULL,goodblox_servers,2687967128480
0,0,TABLE,game_servers,NULL,NULL,goodblox_servers,2687922332336
0,0,TABLE,game_join_requests,NULL,NULL,goodblox_servers,2687967130560
0,0,TABLE,mwjj_templatelinks,NULL,NULL,goodblox_mw19968,2687911044048
0,0,TABLE,mwjj_ipblocks,NULL,NULL,goodblox_mw19968,2687911050288
0,0,TABLE,mwjj_site_stats,NULL,NULL,goodblox_mw19968,2687911034688
0,0,TABLE,mwjj_ipblocks,NULL,NULL,goodblox_mw19968,2687911078368
0,0,TABLE,mwjj_ipblocks,NULL,NULL,goodblox_mw19968,2687911082528
0,0,TABLE,mwjj_ipblocks,NULL,NULL,goodblox_mw19968,2687911069008
0,0,TABLE,mwjj_templatelinks,NULL,NULL,goodblox_mw19968,2687911070048
0,0,TABLE,mwjj_ipblocks,NULL,NULL,goodblox_mw19968,2687911084608
0,0,TABLE,mwjj_user_properties,NULL,NULL,goodblox_mw19968,2687911087728
0,0,TABLE,mwjj_watchlist,NULL,NULL,goodblox_mw19968,2687911058608
0,0,TABLE,mwjj_logging,NULL,NULL,goodblox_mw19968,2687911086688
0,0,TABLE,mwjj_user_groups,NULL,NULL,goodblox_mw19968,2687911092928
0,0,TABLE,mwjj_site_stats,NULL,NULL,goodblox_mw19968,2687911093968
0,0,TABLE,mwjj_recentchanges,NULL,NULL,goodblox_mw19968,2687911119968
0,0,TABLE,mwjj_querycache_info,NULL,NULL,goodblox_mw19968,2687911111648
0,0,TABLE,mwjj_querycachetwo,NULL,NULL,goodblox_mw19968,2687911106448
0,0,TABLE,mwjj_user_groups,NULL,NULL,goodblox_mw19968,2687911109568
0,0,TABLE,mwjj_user_properties,NULL,NULL,goodblox_mw19968,2687911099168
0,0,TABLE,mwjj_user_groups,NULL,NULL,goodblox_mw19968,2687911110608
0,0,TABLE,mwjj_user_properties,NULL,NULL,goodblox_mw19968,2687911057568
0,0,TABLE,mwjj_user_groups,NULL,NULL,goodblox_mw19968,2687833532256
0,0,TABLE,mwjj_user_properties,NULL,NULL,goodblox_mw19968,2687833533296
0,0,TABLE,mwjj_watchlist,NULL,NULL,goodblox_mw19968,2687833520816
0,0,TABLE,wp8i_commentmeta,NULL,NULL,goodblox_wp684,2687833351632
0,0,TABLE,wp8i_options,NULL,NULL,goodblox_wp684,2687833353712
0,0,TABLE,game_join_requests,NULL,NULL,goodblox_servers,2687967118080
0,0,TABLE,kill_server,NULL,NULL,goodblox_servers,2687922438416
0,0,TABLE,mwjj_user_groups,NULL,NULL,goodblox_mw19968,2687907387040
0,0,TABLE,mwjj_user_properties,NULL,NULL,goodblox_mw19968,2687907383920
0,0,TABLE,mwjj_valid_tag,NULL,NULL,goodblox_mw19968,2687907389120
0,0,TABLE,game_join_requests,NULL,NULL,goodblox_servers,2687967081680
0,0,TABLE,games_starting_reroute,NULL,NULL,goodblox_servers,2687967110800
0,0,TABLE,game_join_requests,NULL,NULL,goodblox_servers,2687922411376
0,0,TABLE,ip_login_attempts,NULL,NULL,goodblox_servers,2687907371440
0,0,TABLE,logs,NULL,NULL,goodblox_servers,2687907381840
0,0,TABLE,site_connecting_logs,NULL,NULL,goodblox_main,2687907558768
0,0,TABLE,site_connecting_logs,NULL,NULL,goodblox_main,2687907598288
0,0,TABLE,site_connecting_logs,NULL,NULL,goodblox_main,2687907595168
0,0,TABLE,site_connecting_logs,NULL,NULL,goodblox_main,2687907610768
0,0,TABLE,site_connecting_logs,NULL,NULL,goodblox_main,2687907600368
0,0,TABLE,site_connecting_logs,NULL,NULL,goodblox_main,2687907553568
0,0,TABLE,site_connecting_logs,NULL,NULL,goodblox_main,2687907534848
0,0,TABLE,site_connecting_logs,NULL,NULL,goodblox_main,2687907530688
0,0,TABLE,site_connecting_logs,NULL,NULL,goodblox_main,2687907235200
0,0,TABLE,site_connecting_logs,NULL,NULL,goodblox_main,2687907242480
0,0,TABLE,site_connecting_logs,NULL,NULL,goodblox_main,2687907280960
0,0,TABLE,site_connecting_logs,NULL,NULL,goodblox_main,2687884806336
0,0,TABLE,site_connecting_logs,NULL,NULL,goodblox_main,2687908303760
0,0,TABLE,models,NULL,NULL,goodblox_main,2687919701776
0,0,TABLE,mod_logs,NULL,NULL,goodblox_main,2687919706976
0,0,TABLE,mwjj_recentchanges,NULL,NULL,goodblox_mw19968,2687919659136
0,0,TABLE,mwjj_valid_tag,NULL,NULL,goodblox_mw19968,2687919646656
0,0,TABLE,mwjj_user_groups,NULL,NULL,goodblox_mw19968,2687919661216
0,0,TABLE,mwjj_user_properties,NULL,NULL,goodblox_mw19968,2687919639376
0,0,TABLE,wp8i_commentmeta,NULL,NULL,goodblox_wp684,2687919692416
0,0,TABLE,wp8i_options,NULL,NULL,goodblox_wp684,2687919696576
0,0,TABLE,client_information,NULL,NULL,goodblox_main,2687919676816
0,0,TABLE,client_information,NULL,NULL,goodblox_main,2687919668496
0,0,TABLE,logs,NULL,NULL,goodblox_main,2687919700736
0,0,TABLE,mod_logs,NULL,NULL,goodblox_main,2687919671616
0,0,TABLE,models,NULL,NULL,goodblox_main,2687919677856
0,0,TABLE,client_information,NULL,NULL,goodblox_main,2687919688256
0,0,TABLE,client_information,NULL,NULL,goodblox_main,2687919714256
0,0,TABLE,logs,NULL,NULL,goodblox_main,2687919686176
0,0,TABLE,mod_logs,NULL,NULL,goodblox_main,2687919717376
0,0,TABLE,models,NULL,NULL,goodblox_main,2687919720496
0,0,TABLE,mwjj_templatelinks,NULL,NULL,goodblox_mw19968,2687908277760
0,0,TABLE,mwjj_categorylinks,NULL,NULL,goodblox_mw19968,2687908262160
0,0,TABLE,mwjj_page_props,NULL,NULL,goodblox_mw19968,2687908264240
0,0,TABLE,mwjj_module_deps,NULL,NULL,goodblox_mw19968,2687908255920
0,0,TABLE,client_information,NULL,NULL,goodblox_main,2687908312080
0,0,TABLE,client_information,NULL,NULL,goodblox_main,2687908317280
0,0,TABLE,client_information,NULL,NULL,goodblox_main,2687908319360
0,0,TABLE,client_information,NULL,NULL,goodblox_main,2687908302720
0,0,TABLE,client_information,NULL,NULL,goodblox_main,2687908352640
0,0,TABLE,client_information,NULL,NULL,goodblox_main,2687908341200
0,0,TABLE,client_information,NULL,NULL,goodblox_main,2687908359920
0,0,TABLE,mwjj_recentchanges,NULL,NULL,goodblox_mw19968,2687908362000
0,0,TABLE,mwjj_user_groups,NULL,NULL,goodblox_mw19968,2687908363040
0,0,TABLE,mwjj_user_properties,NULL,NULL,goodblox_mw19968,2687908364080
0,0,TABLE,assets,NULL,NULL,goodblox_main,2687908182080
0,0,TABLE,bans,NULL,NULL,goodblox_main,2687908187280
0,0,TABLE,client_information,NULL,NULL,goodblox_main,2687908220560
0,0,TABLE,logs,NULL,NULL,goodblox_main,2687908214320
0,0,TABLE,mod_logs,NULL,NULL,goodblox_main,2687908217440
0,0,TABLE,models,NULL,NULL,goodblox_main,2687908194560
0,0,TABLE,client_information,NULL,NULL,goodblox_main,2687919665376
0,0,TABLE,client_information,NULL,NULL,goodblox_main,2687919669536
0,0,TABLE,users,NULL,NULL,goodblox_main,2687908340160
0,0,TABLE,users,NULL,NULL,goodblox_main,2687908330800
0,0,TABLE,users,NULL,NULL,goodblox_main,2687920191712
0,0,TABLE,mwjj_recentchanges,NULL,NULL,goodblox_mw19968,2687908158160
0,0,TABLE,mwjj_change_tag,NULL,NULL,goodblox_mw19968,2687908177920
0,0,TABLE,mwjj_valid_tag,NULL,NULL,goodblox_mw19968,2687908208080
0,0,TABLE,assets,NULL,NULL,goodblox_main,2687908360960
0,0,TABLE,logs,NULL,NULL,goodblox_main,2687908200800
0,0,TABLE,mod_logs,NULL,NULL,goodblox_main,2687908234080
0,0,TABLE,models,NULL,NULL,goodblox_main,2687908235120
0,0,TABLE,assets,NULL,NULL,goodblox_main,2687919563456
0,0,TABLE,client_information,NULL,NULL,goodblox_main,2687919572816
0,0,TABLE,logs,NULL,NULL,goodblox_main,2687919578016
0,0,TABLE,mod_logs,NULL,NULL,goodblox_main,2687919574896
0,0,TABLE,models,NULL,NULL,goodblox_main,2687919565536
0,0,TABLE,assets,NULL,NULL,goodblox_main,2687910996208
0,0,TABLE,logs,NULL,NULL,goodblox_main,2687911037808
0,0,TABLE,mod_logs,NULL,NULL,goodblox_main,2687911039888
0,0,TABLE,models,NULL,NULL,goodblox_main,2687833644000
0,0,TABLE,assets,NULL,NULL,goodblox_main,2687908325600
0,0,TABLE,logs,NULL,NULL,goodblox_main,2687911036768
0,0,TABLE,mod_logs,NULL,NULL,goodblox_main,2687910937968
0,0,TABLE,models,NULL,NULL,goodblox_main,2687910976448
0,0,TABLE,assets,NULL,NULL,goodblox_main,2687907397440
0,0,TABLE,logs,NULL,NULL,goodblox_main,2687907226880
0,0,TABLE,mod_logs,NULL,NULL,goodblox_main,2687833810704
0,0,TABLE,models,NULL,NULL,goodblox_main,2687833822144
0,0,TABLE,mwjj_protected_titles,NULL,NULL,goodblox_mw19968,2687964366608
0,0,TABLE,mwjj_change_tag,NULL,NULL,goodblox_mw19968,2687964372848
0,0,TABLE,mwjj_archive,NULL,NULL,goodblox_mw19968,2687922528896
0,0,TABLE,visits,NULL,NULL,goodblox_main,2687922533056
0,0,TABLE,mwjj_templatelinks,NULL,NULL,goodblox_mw19968,2687922530976
0,0,TABLE,mwjj_categorylinks,NULL,NULL,goodblox_mw19968,2687922502896
0,0,TABLE,mwjj_page_props,NULL,NULL,goodblox_mw19968,2687922537216
0,0,TABLE,hm_accounts,NULL,NULL,mailserver,2687922511216
0,0,TABLE,hm_acl,NULL,NULL,mailserver,2687922546576
0,0,TABLE,hm_aliases,NULL,NULL,mailserver,2687922550736
0,0,TABLE,hm_blocked_attachments,NULL,NULL,mailserver,2687919753776
0,0,TABLE,hm_dbversion,NULL,NULL,mailserver,2687919747536
0,0,TABLE,hm_distributionlists,NULL,NULL,mailserver,2687919729856
0,0,TABLE,hm_distributionlistsrecipients,NULL,NULL,mailserver,2687919736096
0,0,TABLE,hm_dnsbl,NULL,NULL,mailserver,2687964369728
0,0,TABLE,hm_domain_aliases,NULL,NULL,mailserver,2687962282704
0,0,TABLE,hm_domains,NULL,NULL,mailserver,2687919752736
0,0,TABLE,hm_fetchaccounts,NULL,NULL,mailserver,2687962275424
0,0,TABLE,hm_fetchaccounts_uids,NULL,NULL,mailserver,2687919734016
0,0,TABLE,hm_greylisting_triplets,NULL,NULL,mailserver,2687919743376
0,0,TABLE,hm_greylisting_whiteaddresses,NULL,NULL,mailserver,2687919754816
0,0,TABLE,hm_group_members,NULL,NULL,mailserver,2687962285824
0,0,TABLE,hm_groups,NULL,NULL,mailserver,2687962284784
0,0,TABLE,hm_imapfolders,NULL,NULL,mailserver,2687919755856
0,0,TABLE,hm_incoming_relays,NULL,NULL,mailserver,2687919745456
0,0,TABLE,hm_logon_failures,NULL,NULL,mailserver,2687919748576
0,0,TABLE,hm_message_metadata,NULL,NULL,mailserver,2687919756896
0,0,TABLE,hm_messagerecipients,NULL,NULL,mailserver,2687919730896
0,0,TABLE,hm_messages,NULL,NULL,mailserver,2687919770416
0,0,TABLE,hm_routeaddresses,NULL,NULL,mailserver,2687919768336
0,0,TABLE,hm_routes,NULL,NULL,mailserver,2687962292064
0,0,TABLE,hm_rule_actions,NULL,NULL,mailserver,2687919769376
0,0,TABLE,hm_rule_criterias,NULL,NULL,mailserver,2687919774576
0,0,TABLE,hm_rules,NULL,NULL,mailserver,2687919789136
0,0,TABLE,hm_securityranges,NULL,NULL,mailserver,2687919778736
0,0,TABLE,hm_servermessages,NULL,NULL,mailserver,2687919794336
0,0,TABLE,hm_settings,NULL,NULL,mailserver,2687919792256
0,0,TABLE,hm_sslcertificates,NULL,NULL,mailserver,2687919786016
0,0,TABLE,hm_surblservers,NULL,NULL,mailserver,2687919788096
0,0,TABLE,hm_tcpipports,NULL,NULL,mailserver,2687919793296
0,0,TABLE,hm_whitelist,NULL,NULL,mailserver,2687919573856
0,0,TABLE,hm_accounts,NULL,NULL,mailserver,2687962287904
0,0,TABLE,hm_acl,NULL,NULL,mailserver,2687962291024
0,0,TABLE,hm_aliases,NULL,NULL,mailserver,2687962263984
0,0,TABLE,hm_blocked_attachments,NULL,NULL,mailserver,2687962268144
0,0,TABLE,hm_dbversion,NULL,NULL,mailserver,2687962272304
0,0,TABLE,hm_distributionlists,NULL,NULL,mailserver,2687962273344
0,0,TABLE,hm_distributionlistsrecipients,NULL,NULL,mailserver,2687967960544
0,0,TABLE,hm_dnsbl,NULL,NULL,mailserver,2687919567616
0,0,TABLE,hm_domain_aliases,NULL,NULL,mailserver,2687919576976
0,0,TABLE,hm_domains,NULL,NULL,mailserver,2687919545776
0,0,TABLE,hm_fetchaccounts,NULL,NULL,mailserver,2687919570736
0,0,TABLE,hm_fetchaccounts_uids,NULL,NULL,mailserver,2687919547856
0,0,TABLE,hm_greylisting_triplets,NULL,NULL,mailserver,2687919549936
0,0,TABLE,hm_greylisting_whiteaddresses,NULL,NULL,mailserver,2687919585296
0,0,TABLE,hm_group_members,NULL,NULL,mailserver,2687919586336
0,0,TABLE,hm_groups,NULL,NULL,mailserver,2687919588416
0,0,TABLE,hm_imapfolders,NULL,NULL,mailserver,2687919601936
0,0,TABLE,hm_incoming_relays,NULL,NULL,mailserver,2687919625856
0,0,TABLE,hm_logon_failures,NULL,NULL,mailserver,2687919621696
0,0,TABLE,hm_message_metadata,NULL,NULL,mailserver,2687919630016
0,0,TABLE,hm_messagerecipients,NULL,NULL,mailserver,2687919622736
0,0,TABLE,hm_messages,NULL,NULL,mailserver,2687919620656
0,0,TABLE,hm_routeaddresses,NULL,NULL,mailserver,2687919631056
0,0,TABLE,hm_routes,NULL,NULL,mailserver,2687919632096
0,0,TABLE,hm_rule_actions,NULL,NULL,mailserver,2687919634176
0,0,TABLE,hm_rule_criterias,NULL,NULL,mailserver,2687919611296
0,0,TABLE,hm_rules,NULL,NULL,mailserver,2687919642496
0,0,TABLE,hm_securityranges,NULL,NULL,mailserver,2687919723616
0,0,TABLE,hm_servermessages,NULL,NULL,mailserver,2687919727776
0,0,TABLE,hm_settings,NULL,NULL,mailserver,2687908210160
0,0,TABLE,hm_sslcertificates,NULL,NULL,mailserver,2687908189360
0,0,TABLE,hm_surblservers,NULL,NULL,mailserver,2687908229920
0,0,TABLE,hm_tcpipports,NULL,NULL,mailserver,2687908254880
0,0,TABLE,hm_whitelist,NULL,NULL,mailserver,2687908249680
0,0,TABLE,hm_accounts,NULL,NULL,mailserver,2687967943904
0,0,TABLE,hm_acl,NULL,NULL,mailserver,2687967945984
0,0,TABLE,hm_aliases,NULL,NULL,mailserver,2687967965744
0,0,TABLE,hm_blocked_attachments,NULL,NULL,mailserver,2687967949104
0,0,TABLE,hm_dbversion,NULL,NULL,mailserver,2687967953264
0,0,TABLE,hm_distributionlists,NULL,NULL,mailserver,2687967957424
0,0,TABLE,hm_distributionlistsrecipients,NULL,NULL,mailserver,2687967970944
0,0,TABLE,hm_dnsbl,NULL,NULL,mailserver,2687967955344
0,0,TABLE,hm_domain_aliases,NULL,NULL,mailserver,2687967959504
0,0,TABLE,hm_domains,NULL,NULL,mailserver,2687962279584
0,0,TABLE,hm_fetchaccounts,NULL,NULL,mailserver,2687962276464
0,0,TABLE,hm_fetchaccounts_uids,NULL,NULL,mailserver,2687966711776
0,0,TABLE,hm_greylisting_triplets,NULL,NULL,mailserver,2687966704496
0,0,TABLE,hm_greylisting_whiteaddresses,NULL,NULL,mailserver,2687966690976
0,0,TABLE,hm_groups,NULL,NULL,mailserver,2687966689936
0,0,TABLE,hm_imapfolders,NULL,NULL,mailserver,2687966712816
0,0,TABLE,hm_incoming_relays,NULL,NULL,mailserver,2687966701376
0,0,TABLE,hm_logon_failures,NULL,NULL,mailserver,2687966694096
0,0,TABLE,hm_logon_failures,NULL,NULL,mailserver,2687966696176
0,0,TABLE,hm_messagerecipients,NULL,NULL,mailserver,2687966697216
0,0,TABLE,hm_messages,NULL,NULL,mailserver,2687966699296
0,0,TABLE,hm_routeaddresses,NULL,NULL,mailserver,2687966684736
0,0,TABLE,hm_routes,NULL,NULL,mailserver,2687966713856
0,0,TABLE,hm_rule_actions,NULL,NULL,mailserver,2687966714896
0,0,TABLE,hm_rule_criterias,NULL,NULL,mailserver,2687966716976
0,0,TABLE,hm_rules,NULL,NULL,mailserver,2687966739856
0,0,TABLE,hm_securityranges,NULL,NULL,mailserver,2687966730496
0,0,TABLE,hm_servermessages,NULL,NULL,mailserver,2687966722176
0,0,TABLE,hm_settings,NULL,NULL,mailserver,2687966724256
0,0,TABLE,hm_settings,NULL,NULL,mailserver,2687966732576
0,0,TABLE,hm_surblservers,NULL,NULL,mailserver,2687966729456
0,0,TABLE,hm_tcpipports,NULL,NULL,mailserver,2687966735696
0,0,TABLE,hm_whitelist,NULL,NULL,mailserver,2687966744016
0,0,TABLE,hm_accounts,NULL,NULL,mailserver,2687966736736
0,0,TABLE,hm_acl,NULL,NULL,mailserver,2687964802368
0,0,TABLE,hm_aliases,NULL,NULL,mailserver,2687964800288
0,0,TABLE,hm_blocked_attachments,NULL,NULL,mailserver,2687964824208
0,0,TABLE,hm_dbversion,NULL,NULL,mailserver,2687964826288
0,0,TABLE,hm_distributionlists,NULL,NULL,mailserver,2687964827328
0,0,TABLE,hm_distributionlistsrecipients,NULL,NULL,mailserver,2687964807568
0,0,TABLE,hm_dnsbl,NULL,NULL,mailserver,2687964828368
0,0,TABLE,hm_domain_aliases,NULL,NULL,mailserver,2687964796128
0,0,TABLE,hm_domains,NULL,NULL,mailserver,2687964806528
0,0,TABLE,hm_fetchaccounts,NULL,NULL,mailserver,2687964830448
0,0,TABLE,hm_fetchaccounts_uids,NULL,NULL,mailserver,2687964831488
0,0,TABLE,hm_greylisting_triplets,NULL,NULL,mailserver,2687964832528
0,0,TABLE,hm_greylisting_whiteaddresses,NULL,NULL,mailserver,2687964838768
0,0,TABLE,hm_group_members,NULL,NULL,mailserver,2687964855408
0,0,TABLE,hm_groups,NULL,NULL,mailserver,2687964843968
0,0,TABLE,hm_imapfolders,NULL,NULL,mailserver,2687964841888
0,0,TABLE,hm_incoming_relays,NULL,NULL,mailserver,2687964840848
0,0,TABLE,hm_logon_failures,NULL,NULL,mailserver,2687964839808
0,0,TABLE,hm_message_metadata,NULL,NULL,mailserver,2687964848128
0,0,TABLE,hm_messagerecipients,NULL,NULL,mailserver,2687964849168
0,0,TABLE,hm_messages,NULL,NULL,mailserver,2687964857488
0,0,TABLE,hm_routeaddresses,NULL,NULL,mailserver,2687967969904
0,0,TABLE,hm_routes,NULL,NULL,mailserver,2687967947024
0,0,TABLE,hm_rule_actions,NULL,NULL,mailserver,2687967956384
0,0,TABLE,hm_rule_criterias,NULL,NULL,mailserver,2687965010384
0,0,TABLE,hm_rule_criterias,NULL,NULL,mailserver,2687965001024
0,0,TABLE,hm_securityranges,NULL,NULL,mailserver,2687965025984
0,0,TABLE,hm_servermessages,NULL,NULL,mailserver,2687965012464
0,0,TABLE,hm_servermessages,NULL,NULL,mailserver,2687965022864
0,0,TABLE,hm_sslcertificates,NULL,NULL,mailserver,2687965002064
0,0,TABLE,hm_surblservers,NULL,NULL,mailserver,2687965005184
0,0,TABLE,hm_tcpipports,NULL,NULL,mailserver,2687965033264
0,0,TABLE,hm_whitelist,NULL,NULL,mailserver,2687965039504
0,0,TABLE,hm_accounts,NULL,NULL,mailserver,2687965007264
0,0,TABLE,hm_acl,NULL,NULL,mailserver,2687965049904
0,0,TABLE,hm_aliases,NULL,NULL,mailserver,2687965038464
0,0,TABLE,hm_blocked_attachments,NULL,NULL,mailserver,2687965041584
0,0,TABLE,hm_dbversion,NULL,NULL,mailserver,2687965045744
0,0,TABLE,hm_distributionlists,NULL,NULL,mailserver,2687965046784
0,0,TABLE,hm_distributionlistsrecipients,NULL,NULL,mailserver,2687965019744
0,0,TABLE,hm_dnsbl,NULL,NULL,mailserver,2687965063424
0,0,TABLE,hm_dnsbl,NULL,NULL,mailserver,2687965055104
0,0,TABLE,hm_domains,NULL,NULL,mailserver,2687965061344
0,0,TABLE,hm_fetchaccounts,NULL,NULL,mailserver,2687965059264
0,0,TABLE,hm_fetchaccounts_uids,NULL,NULL,mailserver,2687964816928
0,0,TABLE,hm_greylisting_triplets,NULL,NULL,mailserver,2687964819008
0,0,TABLE,hm_greylisting_whiteaddresses,NULL,NULL,mailserver,2687965732256
0,0,TABLE,hm_group_members,NULL,NULL,mailserver,2687965742656
0,0,TABLE,hm_groups,NULL,NULL,mailserver,2687965749936
0,0,TABLE,hm_imapfolders,NULL,NULL,mailserver,2687965722896
0,0,TABLE,hm_incoming_relays,NULL,NULL,mailserver,2687965747856
0,0,TABLE,hm_logon_failures,NULL,NULL,mailserver,2687965719776
0,0,TABLE,hm_message_metadata,NULL,NULL,mailserver,2687965717696
0,0,TABLE,hm_messagerecipients,NULL,NULL,mailserver,2687965750976
0,0,TABLE,hm_messages,NULL,NULL,mailserver,2687965754096
0,0,TABLE,hm_messages,NULL,NULL,mailserver,2687965730176
0,0,TABLE,hm_routes,NULL,NULL,mailserver,2687965734336
0,0,TABLE,hm_rule_actions,NULL,NULL,mailserver,2687965746816
0,0,TABLE,hm_rule_criterias,NULL,NULL,mailserver,2687965755136
0,0,TABLE,hm_rules,NULL,NULL,mailserver,2687965723936
0,0,TABLE,hm_securityranges,NULL,NULL,mailserver,2687965763456
0,0,TABLE,hm_servermessages,NULL,NULL,mailserver,2687965731216
0,0,TABLE,hm_settings,NULL,NULL,mailserver,2687908293360
0,0,TABLE,hm_sslcertificates,NULL,NULL,mailserver,2687908294400
0,0,TABLE,hm_surblservers,NULL,NULL,mailserver,2687908295440
0,0,TABLE,hm_tcpipports,NULL,NULL,mailserver,2687908298560
0,0,TABLE,hm_tcpipports,NULL,NULL,mailserver,2687908308960
0,0,TABLE,startgame,NULL,NULL,mailserver,2687908356800
0,0,TABLE,startgame,NULL,NULL,goodblox_servers,2687922450896
0,0,TABLE,open_servers,NULL,NULL,goodblox_servers,2687965764496
0,0,TABLE,startgame,NULL,NULL,goodblox_servers,2687922486256
0,0,TABLE,ingame_players,NULL,NULL,goodblox_servers,2687965759296
0,0,TABLE,ingame_players,NULL,NULL,goodblox_servers,2687965761376
0,0,TABLE,open_servers,NULL,NULL,goodblox_servers,2687965780096
0,0,TABLE,open_servers,NULL,NULL,goodblox_servers,2687922489376
0,0,TABLE,open_servers,NULL,NULL,goodblox_servers,2687922498736
0,0,TABLE,kill_server,NULL,NULL,goodblox_servers,2687965773856
0,0,TABLE,kill_server,NULL,NULL,goodblox_servers,2687919207904
0,0,TABLE,open_servers,NULL,NULL,goodblox_servers,2687919200624
0,0,TABLE,open_servers,NULL,NULL,goodblox_servers,2687922494576
0,0,TABLE,open_servers,NULL,NULL,goodblox_servers,2687922509136
0,0,TABLE,open_servers,NULL,NULL,goodblox_servers,2687922495616
0,0,TABLE,open_servers,NULL,NULL,goodblox_servers,2687919204784
0,0,TABLE,open_servers,NULL,NULL,goodblox_servers,2687965032224
0,0,TABLE,open_servers,NULL,NULL,goodblox_servers,2687922525776
0,0,TABLE,open_servers,NULL,NULL,goodblox_servers,2687920190672
0,0,TABLE,games_starting_rerout,NULL,NULL,goodblox_servers,2687965051984
0,0,TABLE,games_starting_reroute,NULL,NULL,goodblox_servers,2687962142048
0,0,TABLE,startgame,NULL,NULL,goodblox_servers,2687962137888
0,0,TABLE,ingame_players,NULL,NULL,goodblox_servers,2687962135808
0,0,TABLE,kill_server,NULL,NULL,goodblox_servers,2687962134768
0,0,TABLE,games_starting_reroute,NULL,NULL,goodblox_servers,2687962160768
0,0,TABLE,games_starting_reroute,NULL,NULL,goodblox_servers,2687922527856
0,0,TABLE,games_starting_reroute,NULL,NULL,goodblox_servers,2687922499776
0,0,TABLE,startgame,NULL,NULL,goodblox_servers,2687922541376
0,0,TABLE,ingame_players,NULL,NULL,goodblox_servers,2687922293856
0,0,TABLE,kill_server,NULL,NULL,goodblox_servers,2687962152448
0,0,TABLE,kill_server,NULL,NULL,goodblox_servers,2687922294896
0,0,TABLE,games_starting_reroute,NULL,NULL,goodblox_servers,2687962150368
0,0,TABLE,startgame,NULL,NULL,goodblox_servers,2687962133728
0,0,TABLE,ingame_players,NULL,NULL,goodblox_servers,2687962148288
0,0,TABLE,ingame_players,NULL,NULL,goodblox_servers,2687922305296
0,0,TABLE,ingame_players,NULL,NULL,goodblox_servers,2687922320896
0,0,TABLE,kill_server,NULL,NULL,goodblox_servers,2687962151408
0,0,TABLE,kill_server,NULL,NULL,goodblox_servers,2687962186768
0,0,TABLE,games_starting_reroute,NULL,NULL,goodblox_servers,2687922324016
0,0,TABLE,games_starting_reroute,NULL,NULL,goodblox_servers,2687962189888
0,0,TABLE,startgame,NULL,NULL,goodblox_servers,2687922315696
0,0,TABLE,games_starting_reroute,NULL,NULL,goodblox_servers,2687962173248
0,0,TABLE,startgame,NULL,NULL,goodblox_servers,2687962164928
0,0,TABLE,startgame,NULL,NULL,goodblox_servers,2687962165968
0,0,TABLE,ingame_players,NULL,NULL,goodblox_servers,2687922309456
0,0,TABLE,ingame_players,NULL,NULL,goodblox_servers,2687962157648
0,0,TABLE,startgame,NULL,NULL,goodblox_servers,2687962176368
0,0,TABLE,ingame_players,NULL,NULL,goodblox_servers,2687922298016
0,0,TABLE,ingame_players,NULL,NULL,goodblox_servers,2687962177408
0,0,TABLE,ingame_players,NULL,NULL,goodblox_servers,2687962161808
0,0,TABLE,kill_server,NULL,NULL,goodblox_servers,2687922337536
0,0,TABLE,kill_server,NULL,NULL,goodblox_servers,2687962172208
0,0,TABLE,games_starting_reroute,NULL,NULL,goodblox_servers,2687962190928
0,0,TABLE,games_starting_reroute,NULL,NULL,goodblox_servers,2687962163888
0,0,TABLE,kill_server,NULL,NULL,goodblox_servers,2687967278320
0,0,TABLE,kill_server,NULL,NULL,goodblox_servers,2687967299120
0,0,TABLE,hm_accounts,NULL,NULL,mailserver,2687967287680
0,0,TABLE,hm_acl,NULL,NULL,mailserver,2687922377056
0,0,TABLE,hm_aliases,NULL,NULL,mailserver,2687922382256
0,0,TABLE,hm_blocked_attachments,NULL,NULL,mailserver,2687922369776
0,0,TABLE,hm_dbversion,NULL,NULL,mailserver,2687922386416
0,0,TABLE,hm_distributionlists,NULL,NULL,mailserver,2687922357296
0,0,TABLE,hm_distributionlistsrecipients,NULL,NULL,mailserver,2687922416576
0,0,TABLE,hm_dnsbl,NULL,NULL,mailserver,2687922422816
0,0,TABLE,hm_dnsbl,NULL,NULL,mailserver,2687922398896
0,0,TABLE,hm_domains,NULL,NULL,mailserver,2687922403056
0,0,TABLE,hm_fetchaccounts,NULL,NULL,mailserver,2687833802384
0,0,TABLE,hm_fetchaccounts_uids,NULL,NULL,mailserver,2687833799264
0,0,TABLE,hm_greylisting_triplets,NULL,NULL,mailserver,2687833804464
0,0,TABLE,hm_greylisting_whiteaddresses,NULL,NULL,mailserver,2687833823184
0,0,TABLE,hm_group_members,NULL,NULL,mailserver,2687833832544
0,0,TABLE,hm_groups,NULL,NULL,mailserver,2687833842944
0,0,TABLE,hm_imapfolders,NULL,NULL,mailserver,2687833847104
0,0,TABLE,game_client_tokens,NULL,NULL,goodblox_main,2687833858544
0,0,TABLE,game_client_tokens,NULL,NULL,goodblox_main,2687922461296
0,0,TABLE,hm_incoming_relays,NULL,NULL,mailserver,2687922430096
0,0,TABLE,hm_logon_failures,NULL,NULL,mailserver,2687833857504
0,0,TABLE,hm_message_metadata,NULL,NULL,mailserver,2687833834624
0,0,TABLE,game_client_tokens,NULL,NULL,goodblox_main,2687833835664
0,0,TABLE,game_client_tokens,NULL,NULL,goodblox_main,2687922471696
0,0,TABLE,hm_messagerecipients,NULL,NULL,mailserver,2687922480016
0,0,TABLE,hm_messages,NULL,NULL,mailserver,2687869288944
0,0,TABLE,hm_routeaddresses,NULL,NULL,mailserver,2687869262944
0,0,TABLE,hm_routes,NULL,NULL,mailserver,2687869266064
0,0,TABLE,hm_rule_actions,NULL,NULL,mailserver,2687869283744
0,0,TABLE,hm_rule_criterias,NULL,NULL,mailserver,2687869268144
0,0,TABLE,hm_rule_criterias,NULL,NULL,mailserver,2687869286864
0,0,TABLE,hm_securityranges,NULL,NULL,mailserver,2687869269184
0,0,TABLE,hm_servermessages,NULL,NULL,mailserver,2687869305584
0,0,TABLE,hm_settings,NULL,NULL,mailserver,2687869312864
0,0,TABLE,hm_sslcertificates,NULL,NULL,mailserver,2687869313904
0,0,TABLE,hm_surblservers,NULL,NULL,mailserver,2687869320144
0,0,TABLE,hm_tcpipports,NULL,NULL,mailserver,2687869457728
0,0,TABLE,hm_whitelist,NULL,NULL,mailserver,2687869471248
0,0,TABLE,hm_accounts,NULL,NULL,mailserver,2687869455648
0,0,TABLE,hm_acl,NULL,NULL,mailserver,2687967298080
0,0,TABLE,hm_aliases,NULL,NULL,mailserver,2687967288720
0,0,TABLE,hm_aliases,NULL,NULL,mailserver,2687967277280
0,0,TABLE,hm_dbversion,NULL,NULL,mailserver,2687967304320
0,0,TABLE,hm_distributionlists,NULL,NULL,mailserver,2687967310560
0,0,TABLE,hm_distributionlistsrecipients,NULL,NULL,mailserver,2687967291840
0,0,TABLE,hm_dnsbl,NULL,NULL,mailserver,2687967309520
0,0,TABLE,hm_domain_aliases,NULL,NULL,mailserver,2687967282480
0,0,TABLE,hm_domains,NULL,NULL,mailserver,2687967308480
0,0,TABLE,game_client_tokens,NULL,NULL,goodblox_main,2687967314720
0,0,TABLE,hm_fetchaccounts,NULL,NULL,mailserver,2687922452976
0,0,TABLE,hm_fetchaccounts_uids,NULL,NULL,mailserver,2687967284560
0,0,TABLE,hm_greylisting_triplets,NULL,NULL,mailserver,2687967337600
0,0,TABLE,hm_greylisting_whiteaddresses,NULL,NULL,mailserver,2687967333440
0,0,TABLE,hm_group_members,NULL,NULL,mailserver,2687967322000
0,0,TABLE,hm_groups,NULL,NULL,mailserver,2687967331360
0,0,TABLE,users,NULL,NULL,goodblox_main,2687967330320
0,0,TABLE,hm_imapfolders,NULL,NULL,mailserver,2687922458176
0,0,TABLE,hm_incoming_relays,NULL,NULL,mailserver,2687967335520
0,0,TABLE,hm_logon_failures,NULL,NULL,mailserver,2687967326160
0,0,TABLE,hm_message_metadata,NULL,NULL,mailserver,2687967332400
0,0,TABLE,hm_messagerecipients,NULL,NULL,mailserver,2687967334480
0,0,TABLE,hm_messages,NULL,NULL,mailserver,2687963558112
0,0,TABLE,hm_routeaddresses,NULL,NULL,mailserver,2687963567472
0,0,TABLE,hm_routes,NULL,NULL,mailserver,2687963585152
0,0,TABLE,hm_rule_actions,NULL,NULL,mailserver,2687963563312
0,0,TABLE,game_client_tokens,NULL,NULL,goodblox_main,2687963580992
0,0,TABLE,hm_rule_criterias,NULL,NULL,mailserver,2687922383296
0,0,TABLE,hm_rules,NULL,NULL,mailserver,2687963574752
0,0,TABLE,hm_securityranges,NULL,NULL,mailserver,2687963576832
0,0,TABLE,hm_servermessages,NULL,NULL,mailserver,2687963565392
0,0,TABLE,hm_settings,NULL,NULL,mailserver,2687963556032
0,0,TABLE,hm_sslcertificates,NULL,NULL,mailserver,2687963570592
0,0,TABLE,hm_surblservers,NULL,NULL,mailserver,2687963571632
0,0,TABLE,hm_tcpipports,NULL,NULL,mailserver,2687963589312
0,0,TABLE,game_client_tokens,NULL,NULL,goodblox_main,2687963591392
0,0,TABLE,hm_whitelist,NULL,NULL,mailserver,2687922407216
0,0,TABLE,mwjj_protected_titles,NULL,NULL,goodblox_mw19968,2687963594512
0,0,TABLE,mwjj_recentchanges,NULL,NULL,goodblox_mw19968,2687869439008
0,0,TABLE,mwjj_interwiki,NULL,NULL,goodblox_mw19968,2687963598672
0,0,TABLE,mwjj_interwiki,NULL,NULL,phpmyadmin,2687963617392
0,0,TABLE,pma__userconfig,NULL,NULL,phpmyadmin,2687963500912
0,0,TABLE,pma__userconfig,NULL,NULL,phpmyadmin,2687869441088
0,0,TABLE,pma__userconfig,NULL,NULL,phpmyadmin,2687963507152
0,0,TABLE,pma__userconfig,NULL,NULL,phpmyadmin,2687869442128
0,0,TABLE,pma__userconfig,NULL,NULL,phpmyadmin,2687963502992
0,0,TABLE,pma__relation,NULL,NULL,phpmyadmin,2687869477488
0,0,TABLE,pma__designer_settings,NULL,NULL,phpmyadmin,2687869479568
0,0,TABLE,pma__pdf_pages,NULL,NULL,phpmyadmin,2687963501952
0,0,TABLE,pma__tracking,NULL,NULL,phpmyadmin,2687963506112
0,0,TABLE,pma__table_coords,NULL,NULL,phpmyadmin,2687963492592
0,0,TABLE,pma__column_info,NULL,NULL,phpmyadmin,2687910928608
0,0,TABLE,pma__column_info,NULL,NULL,phpmyadmin,2687963521712
0,0,TABLE,pma__table_uiprefs,NULL,NULL,phpmyadmin,2687963526912
0,0,TABLE,pma__table_info,NULL,NULL,phpmyadmin,2687963496752
0,0,TABLE,game_client_tokens,NULL,NULL,goodblox_main,2687963531072
0,0,TABLE,pma__bookmark,NULL,NULL,phpmyadmin,2687922310496
0,0,TABLE,pma__export_templates,NULL,NULL,phpmyadmin,2687963536272
0,0,TABLE,pma__navigationhiding,NULL,NULL,phpmyadmin,2687910956688
0,0,TABLE,pma__savedsearches,NULL,NULL,phpmyadmin,2687911023248
0,0,TABLE,pma__history,NULL,NULL,phpmyadmin,2687963545632
0,0,TABLE,pma__recent,NULL,NULL,phpmyadmin,2687963546672
0,0,TABLE,pma__usergroups,NULL,NULL,phpmyadmin,2687967296000
0,0,TABLE,pma__central_columns,NULL,NULL,phpmyadmin,2687923038752
0,0,TABLE,forum_replies,NULL,NULL,goodblox_main,2687910998288
0,0,TABLE,game_client_tokens,NULL,NULL,goodblox_main,2687907163440
0,0,TABLE,game_client_tokens,NULL,NULL,goodblox_main,2687922545536
0,0,TABLE,game_client_tokens,NULL,NULL,goodblox_main,2687922291776
0,0,TABLE,game_client_tokens,NULL,NULL,goodblox_main,2687922516416
0,0,TABLE,users,NULL,NULL,goodblox_main,2687919556176
0,0,TABLE,assets,NULL,NULL,goodblox_main,2687919531216
0,0,TABLE,logs,NULL,NULL,goodblox_main,2687919538496
0,0,TABLE,mod_logs,NULL,NULL,goodblox_main,2687919539536
0,0,TABLE,mod_logs,NULL,NULL,goodblox_main,2687919534336
0,0,TABLE,game_client_tokens,NULL,NULL,goodblox_main,2687919540576
0,0,TABLE,game_client_tokens,NULL,NULL,goodblox_main,2687919589456
0,0,TABLE,bans,NULL,NULL,goodblox_main,2687919594656
0,0,TABLE,logs,NULL,NULL,goodblox_main,2687919649776
0,0,TABLE,models,NULL,NULL,goodblox_main,2687919657056
0,0,TABLE,mod_logs,NULL,NULL,goodblox_main,2687919674736
0,0,TABLE,todo,NULL,NULL,goodblox_main,2687919682016
0,0,TABLE,owned_assets,NULL,NULL,goodblox_main,2687919711136
0,0,TABLE,catalog,NULL,NULL,goodblox_main,2687919647696
0,0,TABLE,game_client_tokens,NULL,NULL,goodblox_main,2687919654976
0,0,TABLE,users,NULL,NULL,goodblox_main,2687908353680
0,0,TABLE,users,NULL,NULL,goodblox_main,2687908355760
0,0,TABLE,users,NULL,NULL,goodblox_main,2687919550976
0,0,TABLE,users,NULL,NULL,goodblox_main,2687919606096
0,0,TABLE,users,NULL,NULL,goodblox_main,2687919615456
3,42938201,TABLE,owned_assets,READ EXTERNAL,NULL,goodblox_main,2687871226976

