id,hwid,ip,pcname,curRam,online,active,maxRam,curCpu,paused,locked,username,limitRam,password,secretKey,connected,who_create,when_create,currentSignal,whenConnected,maxServersAllowed
1,BFEBFBFF00030678,something<3,KJF-WORKSHOP,3.2,1532273261,1,4,100,1,0,ln8FFb78SEi0Hb8Xnb+Gs1+4paygvvJo24lw8LEGhLI=,0,3eeec6eb17c28ef4987d2a1ee8ecbb3684e02e7291f8ba13b01dc4c0640d33539337c760583d253e1d50a97f5717ed7226ac893c538fbccaa03441599b7435f7,8becb10965b98b0d989b13316506f402c1134806efcfdde8ff374dccdc5bf152af34ce1daf4c70ee8d6ca02bff7b66f71a9354be903f9483e050910eb29a6b3f,1,1,1523799409,0,1532269478,5
2,BFEBFBFF000206A7,98.185.18.44,RATDOG-PC,5.7,1529246726,1,16,12,1,0,OWpJBbXAyoiw3Elcht61e7m7nwRiJ2n9e2iLcaogYkM=,0,44b0722f4b268a90989a355691a6d5e20702dcf2d9c49c137db54b7afd99fdfbb1a6bcf80991f6a6068c9ef5cd7965d752ce8b9deff58e1d190f05a5cbdb11b3,cc794e8c58e3d2eb8f4760692e4f34f26847f1bc0b7c12fa1d3b9387d8fbe02ae6d139b093d5621831138851b12dbf30092f67d5089d2df49f681327c83d6e19,1,1,1523803984,0,1528670974,10
3,BFEBFBFF000306C3,88.105.119.228,KEANU-PC,6.7,1529161095,1,16,29,1,0,lht9y1+PL1v3X//ALBliqS2yoYXugZrNk7GNJHBhpnU=,10,2f30d68dfed28c1af95aa93c21ab0a597860e7194d9b5648337a4a8bf6e85bf6cc3b0cec91aadd5706f0f41c5e7f2218fba793cfef03e9dc02abe4d16eb3ef63,b7c8a0fd2e16f15878e7419f717d895bed6a77d7dd0eb7df1c3bab245cffa2c0944fee6572ad69efdea862db0770b3908ad787751efdbb3cbadc528920435f69,1,1,1525203620,0,1529150898,100
4,078BFBFF00100F91,178.32.13.226,GOODBLOX,2.5,1530315374,1,8,100,1,0,/C5Dc1DbkWl8GbDQUx11+WtkfiH9L7ngpGohJLD2N74=,0,a12c59e0aa88b3730b2bcccc016221cac74ab227b3e009f956c8439fa3e4fb81e60e281197c7ff559039b7d406b28758b3a3059bc6e2921a115ea91f189d5383,b54684de22085f16442825b31704ba5d333e8a9dedb1386695612109287e0d02d5427416b2995b9706fd02097fd4fa34b8815d0307b6ced657447542780cc83c,1,1,1529363753,0,1529363868,50
5,BFEBFBFF000806E9,24.196.12.38,DESKTOP-209EH3M,3.4,1529539020,0,6,4,1,0,8C5Blms4fnECJ6Gryjnf5EFtZPSxPsP09iPXPwdrY8g=,5,e308a746e6f40040bf906f910be1ef559c0c0235999d6111349423c61ca79b0ea8a2fe805690d9378649241c4a9d2acaba6f3bb5611097fc6261611a8e1784c3,867476df85e837eb08e3642f44a713db71e5e7aa8daa411b424cacc0b55d48ac381f957b311803b45b474cb8c11b3c9bf295b6b9f4fd7b2245a62026e326ba83,1,1,1529366439,0,1529366464,100
6,BFEBFBFF000206A7,98.185.18.44,DESKTOP-JTE9UON,1.9,1532526498,1,10,2,0,0,M9BexRcGEDZy4pPnheh1oXIlZf37U0kxrgjXjssEjEM=,6,9b70964eb1ca7d88d557cfff2ca298e396917d57a1bb8fff1c07d3c6b3221197433241d39483cddc55613128b012906b43e7d17aa936f308ea721d5bb5f89ebc,5a18f81906f90e72dc9e572bd4e9f438c29ead2a9175817d17ee8bc36a81e5be2ce4fa5a1ee5f206509452f874896c56971b71c4ca4dee829123176d78e8c2a8,1,1,1529411757,0,1529411808,100
7,BFEBFBFF000006F2,24.17.241.165,GOODBLOX-SER-PC,1,1532514181,1,3,31,0,0,5oct/oDj2SIc9QrQII2dfJD33rZw4bknoperJu2Ba9Y=,2.25,d22efe0c329004e3e32e3893015a28fa431648356b0195e402043c07896613a42061cd20ce525f05dd6ac8410a339db0d662e76954afdae5f4cb9879c6e7dd8d,52e44c9d8ba797d6e92e5d3e9ca5b5bc4427e021ae201c8262b4f094631e591384119281e69b67020aa04e68cf1966dfddffe217b95c67332e96b570065adc06,1,1,1529450389,0,1529450724,10

