id,valid,GameServerID,token,when_generated,user_agent_used
1,1,1,vrEgkZfvHkEJXYxadiSgnKlaKZKWAvwqD2XpdswSv6VVmV4I6mpcKItZw2YaWVckd0mCEXnZPC1oRd06aDNh7B4P5LdJYkTqX434hwJyx8PByO8VN1NVNk0e1nuskRCU,1524777420,Aquality 1.0
2,1,1,sv3YmWTGdYx74hFTTixEbwqUdDvs658kbnBr5Q2clf4tS4MN9EzbPsiWdpewFH7SBJatNoQCrwldJmtkiO9aFAzuuJOeLjLWN47fXTC1xLkGmgTIm7xIJSLlGfYmD0ts,1524777598,Aquality 1.0
3,1,1,xDxomOePyoru4hK7KYmcAvoYPqbyndYeJuI98XLWdPA6POQQEC2k7B1zBXKlNqwVOfZVZTkvyg579MrnuHlnmCsbUkn6emUzkzRMJSyfDbaiKxmntATOpk6SJ1bRFZAq,1525641661,Aquality 1.0
4,1,2,UxkGTHIb8rxnhAb0cD9D6IIMEBWwxLGnq3Un82k1PgirWCtLQi6Z6Qkut6cuaRixxC5znLS2BnrLNbWE2cwcdGhxCA93E3YXpRomIlXsLYMWYSDkn5HmUcbNEevY1muT,1525642059,Aquality 1.0
5,1,1,9fZqJnmry9oFLinEkKBlKE7pt7P1xOZo1JB3CawSthATKBgCinen4NGm83jJ7rminnG3O3aoIzAdu7ZgLv5dzHpLZZ2g6H7UlYOEMC6ovJyALAjgCdouVAIwSoYk65bt,1528641324,Aquality 1.0
6,1,2,5UY3ePMr95j9kj3aIXYoNWnRQz67UDMTi1ahFGGK6SjOKuqkWNwqf8TJlIQ5s8KGxUpNTCg88Dnfdo1APRJlu3Pxq7gUjvC5h7wL7xRqatM1VIG5SOXg9NPKFe10uK5d,1528670974,Aquality 1.0
7,1,1,RlhSPEsy2EGNhHoR2HgquJQ38Wx9rnX8B0nPEFCrVSLNEnB3ooNqAiOo94KHoB3h6AUp3FoP7u6zA6N4srQQ2uImmixnm1dPZRWLbP2elDe8Y0BDTYwBbz11jkNUettv,1528671337,Aquality 1.0
8,1,3,VXjheOoJnYc1mNCqNjKuWRrDOsewRpVKJhXAp6NozHWBbzHsRQmLbtgog7CwUTz3pioYNV2vysStnToGNpg7pJXSF44kAMK0QKAeTRKekmi8jpWy0qTG1s2nLMfWde08,1529150898,Aquality 1.0
9,1,1,vn5vlNIeo8fCFRcUn0nCz5JAOfavNsRgXmOVNRG9EoqQYXqGssWjQhKDLVU9Z7dpjiHWh1CRTq4YHYTbFrXVDApERI8xBOXZxlx2k9FxKr5VXSPX8PYdBnozMv54w2gl,1529157489,Aquality 1.0
10,1,4,N4ZAvNpC50FNAQ03jI6iiMHKQk3PaLD6YPT6HU7yKuw0AgMjvM41Xv2oTMzaA1llSIXkPth3VIPAjlWcDXu0f6kW7G9qvjIxHkZQYSYYAA86kxFqzrD3kqX85bwvfgzn,1529363867,Aquality 1.0
11,1,5,tEFU1bJpOqKvKkJYh1AKxt8qvMZMLXdczo8sKfaXRwkoaAvC5AvYP7wbBIjGyEyxwSpVoRsZ9fXTSYiIhrtQvZQZ4e2Ppf2HlVb4AdcyRNPgQz5YSwYCAypVgcH1XIAZ,1529366464,Aquality 1.0
12,1,6,2Qd6keeSvUsb8JMpwKjumPp6ZmXqXEUdrVNAZ9NrL7EmHnc55j95imPBn0NzgEV4T9JYnUeBEvwcH8zhIH04XocYu5IxKSvGlCARvN8Q8DiUQ4gO5ZztY5gJ5tlhbY3D,1529411808,Aquality 1.0
13,1,7,qfui2ESdBx16y9GeBXtxg8fKM33Ao3yhQwQ4EoUAqOuSZLyflbEZgEPTJ5XTq1mNEQEoQF6uQF4yvUpJx1P67Ah0QdqWo7IsdzqpoALzA6TZeyz7MuLYTHhGsk56feZP,1529450724,Aquality 1.0
14,1,1,xXgJ0etwtiScAUbBR7uIdSb4dz2fKjSOXqVfJkWQDnnRP0shC5xEUCej2CmvBwkkgEetvJE6NUxQQEZuvM4Gmf1hbBl9uRbLFBsGkF7aBk1lMEOpcRWoofa73VEcknom,1532192902,Aquality 1.0
15,1,1,xqC5jKBDVs9QBG7VyC0Zh5jszzUP6Cl6d5ztNAU4JmRNtEu9eeghKNu946l3KwJkGMJjwSxTRY7t1bAnLtj4PYsSYJLrRtONrdDY5KBU6hFkPbY1tphIBjbRM5Nwu9Jm,1532269478,Aquality 1.0

