id,uid,GJRid,serverID,used,token,createdWhen
1,1,5,1,1,gP3HuvbGn2vSQni6P6zbcNcOwUyR3Pjj,1532193695
2,1,6,2,0,VVGk3yXTS1M0hPOFl9UTclH6QLiE6tJD,1532193791
3,1,NULL,2,0,O9UyJR9xmUxCMzsPCrRIz7N5dHIsSvxN,1532193797
4,1,NULL,2,1,RtCxjgdjD0DPIUiAlrCDPz3eWoVEJbAx,1532193800
5,1,NULL,2,1,ztdbhg4Fqj82I9sGNWteTfvLk2Lgz8MU,1532196989
6,1,7,3,0,49LeyKmVAH3Gf6fSLs1AG7uT3a2R8eor,1532197130
7,1,NULL,3,0,cy1rryU7plnVuWpoPTCrhp6Yd6ScMOoP,1532197136
8,1,NULL,3,1,1ZWoNG0IBWFRcEv8qX7gnbGea17OHjDq,1532197139
9,1,8,4,1,iOAC9sVw1h0hFdNe32onnk6y6IGicXD4,1532197300
10,1,NULL,4,0,zHh1RWmOEeYJghcyQchBrCBj2mJgts4y,1532197319
11,1,NULL,4,0,qvzwG21pjwJWQGM3H4pM2TLJaKjVyo1Z,1532197322
12,1,NULL,4,1,def0OUvF3zks6qMkqdmJ1jaoq08b1S8k,1532197353
13,26,9,5,0,sVLGHEZuR4rAOG1p8ii8F2b3cZyhzG7P,1532197431
14,3,NULL,5,1,MUcN14YSa4wRfwUqt8yszSKAXATRtrEU,1532197483
15,1,NULL,5,0,fa1CW0eVX4SplVRkmVaR7FWVEl643xxS,1532197487
16,1,NULL,5,1,MKO1K0K1hUM53HCLFSOSTEfgMJPerDTZ,1532197493
17,1,10,6,0,Jbk6srlQibiryJf3tFXTiTIAri5AG6qg,1532198810
18,3,NULL,6,1,zAyEIquKzsQBn4cgWevzg1S9nUifjyBy,1532198832
19,3,11,7,0,Tn3CtGPXZat7ZF5KyZYSwNUvCCtBkcx4,1532198944
20,3,NULL,7,0,RnQ56UjTjdlAvYiwg4DlxQ1qcyyyNYjx,1532198960
21,3,NULL,7,1,mxGI8Uf1CA3Ani5DJahDuZq1nPlyIjGO,1532198968
22,3,12,8,0,GPGRLJmKJOIQzEJbDjFzo5Q6vak17Npe,1532199200
23,3,NULL,8,1,4zmUMpvLsLlvtg7o6B3piBufJzXaFprN,1532199215
24,3,13,9,0,GnPWjHZoCFLY1ffsyIO6Nh2knQEY3sh8,1532200040
25,1,NULL,9,0,X2NUQaA5uYDV3n0unvwsxIaM7eLhUHhQ,1532200044
26,1,NULL,9,1,jjByei2VTfmw5GSMgfS1pDO8sLdEcmYv,1532200053
27,1,14,10,0,M4o3Ms1pRN0qI1kJxKdOCYB9TdxsID3y,1532200335
28,1,NULL,10,1,ebEQAitnd3XbWLFzWCSMhI6o5I8dRsuU,1532200365
29,32,NULL,10,1,cWmmXOVcQJEAneCWgVdEdBq7PSZ4fkZA,1532201148
30,32,NULL,10,1,FEn4FiSNuY2x6dWwqY4JXdgKEK2uBLCH,1532201207
31,1,15,11,1,WslaR1MbzKWKdP4YbtD8fzxle8aP5OO9,1532201268
32,26,NULL,10,0,f2ckWDhQD0GebhlO1KkEFowtiNcaWdsH,1532201302
33,32,16,12,0,O6OdRnnWeuTvj8GEXq065xvBvV2yVYIl,1532201476
34,1,17,13,0,hEG6uBTvInNKGezoRZfT1psZmiIUTIUi,1532201497
35,1,18,14,0,f8bbU5gXMgwEZog1dlw3x5mUN1DAN4hz,1532201596
36,1,NULL,14,1,GeLuzUeY9S1pBsx3xLQWix3isgvqwGLb,1532201625
37,1,NULL,14,1,R3he9jJjXJbhwm8eO0QX1G3iYunXCTmx,1532202328
38,1,19,15,0,oXdizf8IeLAuYZksnnVJx7SyyYTgWuxc,1532202900
39,1,NULL,15,1,xnO1tesOzDawmpTbaLET6V8sHqChttZr,1532202907
40,1,NULL,15,0,eCndfoGnQVKBAWrcGY6K8Yvs24TeYK36,1532205501
41,1,NULL,15,1,fpHq9MsiFOQhFeINUxeLJKCvqD1NuAjJ,1532205508
42,1,NULL,15,1,88ZSILDnzOhwgPEKywUYd1wPO32pr9qZ,1532208671
43,1,NULL,15,1,Y2Q0iCG1L6mWEePIWs3mVZSp9DumEsnU,1532209376
44,70,NULL,15,0,CfvYgV0Go1nORLgF403bmWNBPLJYkhzN,1532211766
45,70,NULL,15,1,DmqHMwfC6qzOVEdMuJutd4v7R7ybHwdL,1532211802
46,1,20,16,0,dFAgcBB1qt63itFFI4hYxLRzq1L9sRcS,1532212000
47,1,21,17,0,vMnETmbMpHNKxODIi5eJkjVSNauoX3Vo,1532212126
48,70,22,18,0,JST46dYtOSbbLgvi0Ss77RLNcsLjG5CO,1532264801
49,70,23,19,0,HPUyAgMsEViLyI6hD4uaHAeyEavOX81N,1532264850
50,1,25,20,0,NnTMVwMlIVyNokAP7GJIqLmdN2WytLok,1532264874
51,1,NULL,20,0,09lAoqpe2QE7Cp0cNOdIxBXcTvziBbBo,1532264891
52,1,NULL,20,1,wn8o5sM3DvWnXqs59Axc0El0EclqmJc1,1532264907
53,1,26,21,0,h7LWmzz4GEjYJPmrCnA7Ov8GCjUunkTG,1532268345
54,1,27,22,0,6aVkCzLgvWPTZAp5u9Qt71lw0G8vBdPt,1532268514
55,1,NULL,22,0,MJFRQy1EpBWzlZBZJ418mSdB7cY2NZ4L,1532268520
56,1,NULL,22,0,3m43CxP1opr5PbgHPr8VBXtyLMQmFjaW,1532268528
57,1,NULL,22,1,YjC2yZtUAbph1AaOUO5uBrhAWutQrxe2,1532268531
58,1,28,23,0,LjrGlSHGowvy5UTeDSBy4eSXrmYU0hdM,1532269548
59,1,NULL,23,0,ZH4i2QvT1RDuSM1jQFR5a8CnTKzGJdyo,1532269571
60,1,NULL,23,1,liAFAbqufJGg3yWg7ul0dgCUQYIn6Yql,1532269575
61,1,NULL,23,0,9aCvUI8p7sGcxNoze0mW58FfXqfTQYUw,1532271617
62,1,36,24,1,nURAwO0AiGxZgPaqWaTuqN8NA5Bl8GWg,1532300947
63,1,37,25,1,CFXGMn1vAA9h8M1v0RVgfS49Z6R9u88L,1532301559
64,1,38,26,1,AIXHj3F3vu8GWBD6qrhSWuRCjwZoOtLi,1532301715
65,23,NULL,26,0,44uq5BzFG04B09FjF1Jlj5zcO2a6nLwG,1532301897
66,23,NULL,26,0,csf11X0xAZE2edxLTB3HOuvoJHsgWZIY,1532301903
67,3,39,27,0,wMQy2yYKcrWZHkn2Upt9BPndNJ3QAAmt,1532302190
68,3,NULL,27,1,yWRYdcow81HFKkszj7jmgX0Wq7DikOvu,1532302197
69,3,NULL,27,1,OxsZgOpoMj7SsWwEuToXM8rXEEHSgsza,1532302769
70,3,NULL,27,0,pc2dOLdsMkooIkI0inPQwFEFpAeYLKaB,1532302777
71,3,NULL,27,0,YhHslaTL9FmV3ThJq6ue02RbaVtWETQq,1532302780
72,3,NULL,27,0,TvxDjuf2ZBIGMnKE5JgiiNq5PuNYWnEb,1532302783
73,3,NULL,27,0,qJjEOBNYIR9JvBegxqbAE4SHqAb0j3I3,1532302786
74,3,NULL,27,1,fFpGdLvy15qpVnAHfe2KO4o6FYEOS6Ty,1532302789
75,3,NULL,27,0,h68cymvdZp60mxcxcvGuBB4t0OUspFVb,1532302794
76,3,NULL,27,1,qilJwNXv94k3eaWlimJLZmeFfK3gYyoh,1532302797
77,3,NULL,27,1,mAg7ZX8R9LoOGaSAvXg9x40htFCuYKor,1532302800
78,3,NULL,27,1,RdnzgIcjn3FVaqbVX976tX0k47hMLLje,1532302804
79,3,NULL,27,1,KBQWBkg9Zbm7IVnWexXtPKqemKePPmQU,1532302808
80,3,NULL,27,0,FAMLqLZJFu26htBkqrj48ldsDDzS7YzI,1532302811
81,3,NULL,27,1,dwgY9PYq5edTqFu7ZdWyQk5mMW5wjFaP,1532302814
82,3,NULL,27,0,ErPCdkIhrlJGKWRyeJSsC35h8VN7zqGQ,1532302957
83,3,NULL,27,1,mhjMj3H5aNAPydU4Eh8AK7QDXm5xe40v,1532302964
84,3,40,28,0,ZFCevBQcwkUjRCNNkpocey9xdf4FNOWH,1532303095
85,3,NULL,28,0,9SAp9vLolfqF7kfnjSxHUiAEUkLiCWDd,1532303102
86,3,NULL,28,1,8HrP6tS2H6Jg3RsEtpExgF11viSYScqD,1532303105
87,3,NULL,28,1,cXbxGUdfQu9JhQ9Bx7jWStX5OVbZ2eBI,1532303147
88,3,41,29,1,iGpWXxVVvcicOsmDEg2ceZjf0keYfFJf,1532303428
89,70,42,30,0,MsD37U1JyAFzOVibDG1c0EBQXyIu3Su4,1532303664
90,70,NULL,30,1,rW3hckywV1pDrv8YivyQfI4kEL9k6VQz,1532303682
91,70,43,31,1,HUDsu66KJ1EJ1AtTyFhmoCblHJM0SA77,1532303735
92,3,NULL,29,1,2BYNxYtoSXdlUpWYCYzX4PKUjVvi1YRY,1532303803
93,70,44,32,1,VTQ2nPHfDMXliibnGe27PF6hKnUvMy4D,1532303982
94,70,45,33,0,wFTpEU6vyqYHq6z3bWNIwy9Xludv21C8,1532304087
95,70,46,34,1,iDoeMIyfVCZX9mjDO67J495vX5GpryFD,1532304210
96,3,47,35,0,EqpXmjkBuHZaVpVxyTkMnBwIhXWjMg5e,1532304364
97,70,48,36,0,6jCfJ5Q91bGWTfxFGNeDGdsg6Ahv1DPC,1532304399
98,70,NULL,36,0,CZinPD2EqLZCfmmUhEwWMlW35HuNWMnu,1532304425
99,70,NULL,36,0,OgT0MLTkSfJlZNmUZKnyAbaoMGJI4Vy0,1532304429
100,70,NULL,36,0,OVc6ols0ZE4Dalj8k3na2SGB2dH1etng,1532304433
101,70,50,37,0,LdXJpOfuz10CyLsY07zYrMtic1kNr0Y5,1532304552
102,70,NULL,37,0,WRnLuOVjODyuAdc5n6S3cMNWS82Lsics,1532304611
103,70,51,38,0,o7l4CikuktTQ0lqtp3T3jdaSH7KpGZCn,1532304623
104,70,52,39,0,LPpfgjdsDtiSLrdtNnSTe1nTywsiwVlt,1532304727
105,70,NULL,39,0,0pdSZ4cQGSewRs9IIEs4JvYZoKKm6q5e,1532304740
106,70,NULL,39,0,KCTme2aS9DXaQ9buzxQaUxyuuo0hzmeQ,1532304746
107,70,53,40,0,QRW0McaW9FESEsDC7cVwXIueGjgeLtEX,1532304937
108,70,NULL,40,0,xaWCPiVGy2GEBYrY2WTawYpNguJsNYZ2,1532304941
109,70,NULL,40,0,WyChVHxZoADrADvO6vPDjeyvRM0SgpZq,1532304944
111,70,NULL,40,0,O0BTo9ASdWjmS1KS33KadHaLdWTy3Vdk,1532304951
112,70,NULL,40,0,Ss8keBQemAuuWKRAn6OLAnLuOcN4EAfK,1532304956
113,70,NULL,40,0,A2C0mzaClOMwfVDNpc2i57L7d8udTukv,1532304960
114,70,NULL,40,0,pxFiG8tOwtAbAOWPJYGxO6JwKOqEUyJK,1532304964
115,70,NULL,40,0,SXc9WwtVmj2jV1e6LNR39qNnL9w2EVMI,1532304968
116,3,54,41,0,QidvmdeJwiPedAToTWq2zC8GTRpFKj9o,1532305067
117,3,NULL,41,1,2ngo1JtVV7bYPnqU5S7AmfyFm6uklCGX,1532305091
118,3,NULL,41,0,cLiZveuYhoMbbJqs3v1mdhStQh2vIxZt,1532305138
119,3,NULL,41,1,VFA0f0MJtz4LtqtyAca2CCoAy4hcs1vj,1532305249
120,3,NULL,41,1,Vz8ANAnzjHSB7LzjF6lMGdzvgBxmHAX9,1532305253
121,3,NULL,41,0,qu6QboalgFH2cgoTra3Fc7up2Nq1tOqO,1532305266
122,70,55,42,0,bvM9tb5VkhunTJyKy3mTlQJSnEJTZD6Z,1532306032
123,6,56,43,0,yzecvk7v7p3cEnDoRH2lOHTE4Mb2yiw9,1532310448
124,6,NULL,43,0,fknCi9FFGfFTC33BiAasrmgu9OAyCzoD,1532310466
125,6,NULL,43,0,XXpqLSKpo5tM78fHhDjeMhhCy4ddk7Kc,1532310488
126,1,57,44,0,0N9kKES28s7pldkd6bejGCj80KEJ7VJ3,1532335174
127,1,NULL,44,0,p1nuUzTY21wxiNCYQyHeEVNJ7LYJIDVD,1532335178
128,30,58,45,0,xBZrdpw9rOB0mpl5PouK7qBhJw4phu6n,1532343952
129,30,59,46,0,VZHlxUtDjuJvMmZOHBoDQrRTYijLXKII,1532343963
130,30,NULL,46,0,o86E8kBHbcLOdmhvtdpfKmWtNXGJY8G0,1532343996
131,30,61,47,0,2GMX0TMFbtUBSWbE760I8OhNxbxYREvB,1532344348
132,4,62,48,0,uLB6BVaXYz1OS24i9z1RCwj2UGFK8uqZ,1532349918
133,32,63,49,0,3a1SOaiB8ysY4KqfyXTp8gSaprXhgeQN,1532361873
134,12,64,50,0,TSiIF37puj8IQsXA5FJPlN32lwBEgBdK,1532363801
135,12,65,51,0,SROeD2Cd7Ntr7sgs0mENX3HLyRUKIlfX,1532363883
136,55,66,52,0,G9izysTiJOiJFJVcqIjSn3gAr8RE9kbQ,1532365001
137,12,67,53,0,l3FRzFYVTkTInLxSpnYeyBcpWdQ1EGNE,1532365201
138,70,68,54,0,D5PqyPtA1zB0co5h2Gf08cNAA4V85ijs,1532365319
139,6,69,55,0,iYMqM0lQ6D2aRfiA6onATyuRewL6N5R8,1532369167
140,6,NULL,55,0,bGjBD6EyYrjFtZw5EXJ037Jd83FGSWRb,1532369182
141,26,70,56,0,FByETbU4pbm3bid2kuTRbzwnZnsTJadv,1532374208
142,3,71,57,0,8kW6ZoNzTCLco3pYrgXGgjNVrZrbKTt1,1532388085
143,3,NULL,57,1,8x9V3UUtwcdsvAmQXx6S8Rk9CsvLGsP1,1532388127
144,70,72,58,0,vDMG90TjJMDoNYMuw3aJ85SvvaTLJTYO,1532394773
145,70,NULL,58,0,KnDSXsuqzGADRKRzz3FDgqs41EW3M9pG,1532394791
146,70,NULL,58,0,KtlTLAbFJpYryU6jxReUUTHeSXlHg9Zw,1532394795
147,70,NULL,58,0,xnuatpFgmdbJyO8B3jjoW8WHaP0Wq83C,1532394798
148,70,NULL,58,0,UxMLZFpDI9aAFG6y18RnvZMk2zVZg8dr,1532394802
149,70,73,59,0,w2IZ8B5qagWreX79TvEOHX8iJKb74COm,1532451094
150,70,NULL,59,0,n5uESfBbOnyKdwyh0Fs7l4e7TpuZV0sX,1532451105
151,70,NULL,59,0,urL4yZJvtjAvxp7WTDhExbjz0IDweXiJ,1532451109
152,17,74,60,0,iG9fmD7X6NIGaEE60bugC9fwNe6FiRCz,1532466401
153,17,75,61,0,hs3QunY07zQ5uNL1NR5oNlbWVB5HH3Vi,1532466492

