id,hwid,ip,ip2,pcname,curRam,online,active,maxRam,curCpu,paused,locked,limitRam,username,password,secretKey,connected,who_create,when_create,currentSignal,whenConnected,maxServersAllowed
1,BFEBFBFF000906EA,98.185.18.44,NULL,RATDOG-PC,0,0,1,8,0,0,1,5,gOsMJ79ytPEqLnzOznooUG/Pq5kFBn2RnRMEh0PkhEY=,e78a7f43d792b6d74891f9d5a52a4b7067f99ea0551ca3361c38448ca87f25e2cf151a4e00d32298a55ee60690a650f0f7b334d698f67060ec7bf5ea3678ed30,f02650a25282e3140445afe2d3ec5a5306f22968bf8c319d41d8d84d192892de72579a300784156cce7cabfe27b52d741b590d3bfa483f2d19b8190aa5a174a3,0,3,1545836934,0,0,3
2,BFEBFBFF000006F2,76.104.150.65,76.104.150.65,GOODBLOX-SER-PC,1.2,1547492017,1,3,48,0,1,2,Db/GCQ6ZrfctPpHg5fsp+vENNdyIf4aDTlo9OCds8UA=,356c7b3f1e2ad43557d7cc88e18686246c3ca54561f4d63da109f189206fb573618fdd8360a874ab461825c0e13a1b6cd85dd94d120de942b340aa96d243ef40,8bcd0da761b8a3e48e7e940112c178e4d017c5aadb4e5a8a51157f16cc065852cf0c9997133f1ca761ac5a14bb3bda091434a8b7f100de266bc2a1788b25708b,1,3,1546314293,0,1546317638,3
3,BFEBFBFF00030678,190.80.34.240,127.0.0.1,KJF-WORKSHOP,3.3,1546378344,1,4,31,0,0,0,4t9d8PBOaCSbBtxWGqxlHdN/7qlrJRJhToVmFyQ0IYQ=,28fa98b090b875cc202a565a63d03b24b38826021f1ce792816e89d1ba487111369194422eb0a3a0c15fd437bdfe0e0d9a4a50fd7603c9609f6c487f0588606e,e5fd9abe96038e736667eb145740c6c6428c6be986789721fee3265f44eb5643ada7bbffd07d738d9e1746b920160e9d5eb60a338dc2c4240cede4c004a85e79,1,3,1546370994,0,1546371101,1
4,BFEBFBFF000306C3,127.0.0.1,127.0.0.1,KEANU-PC,8.8,1546707832,1,16,9,0,1,0,VJ0ZDb8x7B/wmTyWS5WujRv9xyipEj2JRjwOgWWexr4=,2fb524190c44d32652b19734bcedf9767bd32c9f85f610b410853436214cf7d7dfac2eec087cf177cc0ace4d75f43cb1dc72d78ecde7969de8de6c4fd8c505f9,c4d1405e10b4f73d17db7b87de6f60c7771dce4d08c67a19cf240ef033ba80d4f28a220d73a40d0d1780e22af8a43418ff69a6c51b0bc7460b8d5f219408a7bc,1,3,1546378763,0,1546463669,5
5,078BFBFF00100F91,147.135.156.123,NULL,WIN-GRAPSA4RP14,2,1546404564,1,4,32,0,1,0,pXyKa+2czuxhtAjjkC2UbdZmNpWGfmMu7SpRzulH9ag=,d1bd697bd8b35357a5a4d33c293d59d695fd19c531c5e4f85944b3f2db848c75ec18515a2b3909a38ac8472156e6522cdc8d4641b672cde1585930d999d26fdc,04983058988c4f2b0c1df6fdf9210484e378de77181b0c7806df94d5463b0720b12f2ca31ced12143395eb849fdb945bfde11dabca81b00a097602c7c01fd582,1,3,1546394250,0,1546394313,5
