id,valid,GameServerID,token,when_generated,user_agent_used
1,1,2,imxBjs7ZR0QZODVg1KBLTrOZbFxuhBX5eFtutadhWDWcDPiLUVW3poDh3P09SuFvbQtawBk48zRZSi2bwUyT4OoVuewT5Kw0xGOtwjAUfgrC10jujUIKGJ2V3gKulOdv,1546317638,0
2,1,3,IJxYyL9TYgmbbSgW23CqWc3f8twfgAPPV8Idh3sU7QBdJ1SZ5Z4D8zj2iBVoIlbV9bEqMhrfKGmOVddpsbJveAB8hzaLNXK5hBOe1dv7jGqtJuDec0qIacLr34WvFN42,1546371101,0
3,1,5,mnmwEt1GlkfFBhzplg9qE6fBTzUoeUo454leXsLZqllrjB5gNzJu5MvKaZ0GfjSbMFP0lDkSztoguttvgeP02wyB1elkZH6wGEZV6XfwoLAbVgUX0p8NNpPzj9SYg3qD,1546394313,0
4,1,4,yObvAgvnz7CcIA68z1zUWIWCBR4OWskmnTKz8lpl6p237SDSosE3QXpIKMtQFdJSzaG1rhC3Q3kY4aIvPwvJ1Iz7QEgrSuW8VxdHtYp7w72aw2BJIYOFxOMyhc514PDK,1546463669,0
