id,uid,GJRid,serverID,used,token,createdWhen
1,2,NULL,1,0,ba6b4dd301ab7e88ef279183d4358212,1546464296
2,3,NULL,1,1,88bfd09530ce39fc633606d24cd2bc97,1546464340
3,2,NULL,1,1,6fe9a6da80897770f6e4b101c3d38bcb,1546464350
4,3,NULL,1,1,b89429feee38d40573558de294ee04c3,1546464396
5,2,NULL,1,1,a40f44be60d4cf7dad1f88e81e1de70d,1546464493
6,3,NULL,1,1,745ecdff6d1b22073deb97640465e24d,1546464580
7,3,NULL,1,1,e0a55ee66df89e7ea406fc038403179d,1546464812
8,2,NULL,2,1,1ba77863fe518fc34e8c12ba2935bb21,1546464875
9,2,NULL,3,1,bed32170f946ab07b547f1b754f9abc1,1546464991
10,2,NULL,4,1,fdf59c4c7ba1796546fc162129bf8a6b,1546465408
11,2,NULL,5,0,9c3a59d940d5300e0e4f32965995619b,1546696214
12,2,NULL,6,1,43a9617fd7660cf9627f1d2b7d4315a9,1546696560
13,2,NULL,7,1,10662235be6fa802aa0e0a6a80b7b550,1546696751
14,2,NULL,8,1,bcd9fa138cc6cfca4b031386665d4abd,1546697009
15,2,NULL,9,1,3439176b2a6d6c0a06143efc17ad5e0d,1546698314
16,2,NULL,12,1,ab1471f965f4c32e2cf7a8d4a956d086,1546707857
17,2,NULL,13,1,fda52bc9f6d64d4014e87c80d1b06fea,1546708169
